2026-06-12T12:41:36.373+07:00 DEBUG 11675 --- [chat-app] [nio-9010-exec-9] .c.c.WebSocketSecurityChannelInterceptor : [preSend] message: {"content":"this is a demo msg","groupId":13}, STOMP command: SEND, destination: /app/group.send
2026-06-12T12:41:36.375+07:00 DEBUG 11675 --- [chat-app] [nio-9010-exec-9] .c.c.WebSocketSecurityChannelInterceptor : [Start validateAuthentication] Session attributes: {user=User(2, vegeta, vegeta)}
2026-06-12T12:41:36.385+07:00 DEBUG 11675 --- [chat-app] [boundChannel-71] c.h.c.controller.WebSocketController     : [sendGroupMessage] request=MessageRequest(content=this is a demo msg, groupId=13)
Hibernate: select g1_0.id,g1_0.created_at,g1_0.created_by,g1_0.latest_message,g1_0.latest_message_at,g1_0.latest_message_sender,g1_0.name from groups g1_0 where g1_0.id=?
Hibernate: select gp1_0.id from group_participants gp1_0 where gp1_0.group_id=? and gp1_0.user_id=? fetch first ? rows only
Hibernate: select g1_0.id,g1_0.created_at,g1_0.created_by,g1_0.latest_message,g1_0.latest_message_at,g1_0.latest_message_sender,g1_0.name from groups g1_0 where g1_0.id=?
Hibernate: insert into messages (content,group_id,timestamp,user_id) values (?,?,?,?)
2026-06-12T12:41:36.443+07:00 DEBUG 11675 --- [chat-app] [boundChannel-71] c.hello.chatapp.service.MessageService   : Saved message for group 13, sleeping to simulate long request...
Hibernate: update groups g1_0 set latest_message=?,latest_message_sender=?,latest_message_at=? where g1_0.id=? and (g1_0.latest_message_at is null or g1_0.latest_message_at<? or (g1_0.latest_message_at=? and (select coalesce(max(m1_0.id),0) from messages m1_0 where m1_0.group_id=? and m1_0.timestamp=g1_0.latest_message_at)<?))
2026-06-12T12:41:36.675+07:00 DEBUG 11675 --- [chat-app] [boundChannel-71] c.h.c.controller.WebSocketController     : [sendGroupMessage] Sending to in-memory broker for local subscribers: destination=/topic/group.13
2026-06-12T12:41:36.679+07:00 DEBUG 11675 --- [chat-app] [boundChannel-71] c.h.c.controller.WebSocketController     : [sendGroupMessage] Publishing to RabbitMQ for cross-instance distribution: destination=/topic/group.13
2026-06-12T12:41:36.680+07:00 DEBUG 11675 --- [chat-app] [boundChannel-71] c.h.c.c.CustomRabbitMQBrokerHandler      : Publishing to RabbitMQ: from instance=instance-dev to exchange=chat.groups, routingKey=group.13
Hibernate: select u1_0.username from group_participants gp1_0 join users u1_0 on u1_0.id=gp1_0.user_id where gp1_0.group_id=?
2026-06-12T12:41:36.706+07:00 DEBUG 11675 --- [chat-app] [a.Spring.bean-1] c.h.c.listener.DynamicRabbitMQListener   : Skipping message from same instance: queue=ws.instance-dev.inbound, instanceId=instance-dev
2026-06-12T12:41:36.707+07:00 DEBUG 11675 --- [chat-app] [ummary-update-3] c.h.c.c.CustomRabbitMQBrokerHandler      : Publishing to RabbitMQ: from instance=instance-dev to exchange=chat.user-updates, routingKey=user.anhtu.group-updates
2026-06-12T12:41:36.707+07:00 DEBUG 11675 --- [chat-app] [ummary-update-3] c.h.c.s.GroupSummaryUpdatePublisher      : [publishToGroupMembers] Pushed group summary update to user=anhtu, groupId=13, destination=/topic/user.anhtu.group-updates, message=GroupSummaryUpdate(groupId=13, latestMessage=this is a demo msg, latestMessageSender=vegeta, latestMessageAt=2026-06-12T12:41:36.434507)
2026-06-12T12:41:36.708+07:00 DEBUG 11675 --- [chat-app] [ummary-update-3] c.h.c.c.CustomRabbitMQBrokerHandler      : Publishing to RabbitMQ: from instance=instance-dev to exchange=chat.user-updates, routingKey=user.vegeta.group-updates
2026-06-12T12:41:36.708+07:00 DEBUG 11675 --- [chat-app] [ummary-update-3] c.h.c.s.GroupSummaryUpdatePublisher      : [publishToGroupMembers] Pushed group summary update to user=vegeta, groupId=13, destination=/topic/user.vegeta.group-updates, message=GroupSummaryUpdate(groupId=13, latestMessage=this is a demo msg, latestMessageSender=vegeta, latestMessageAt=2026-06-12T12:41:36.434507)
2026-06-12T12:41:36.709+07:00 DEBUG 11675 --- [chat-app] [ummary-update-3] c.h.c.c.CustomRabbitMQBrokerHandler      : Publishing to RabbitMQ: from instance=instance-dev to exchange=chat.user-updates, routingKey=user.u1.group-updates
2026-06-12T12:41:36.709+07:00 DEBUG 11675 --- [chat-app] [ummary-update-3] c.h.c.s.GroupSummaryUpdatePublisher      : [publishToGroupMembers] Pushed group summary update to user=u1, groupId=13, destination=/topic/user.u1.group-updates, message=GroupSummaryUpdate(groupId=13, latestMessage=this is a demo msg, latestMessageSender=vegeta, latestMessageAt=2026-06-12T12:41:36.434507)
2026-06-12T12:41:36.709+07:00 DEBUG 11675 --- [chat-app] [ummary-update-3] c.h.c.c.CustomRabbitMQBrokerHandler      : Publishing to RabbitMQ: from instance=instance-dev to exchange=chat.user-updates, routingKey=user.u2.group-updates
2026-06-12T12:41:36.709+07:00 DEBUG 11675 --- [chat-app] [ummary-update-3] c.h.c.s.GroupSummaryUpdatePublisher      : [publishToGroupMembers] Pushed group summary update to user=u2, groupId=13, destination=/topic/user.u2.group-updates, message=GroupSummaryUpdate(groupId=13, latestMessage=this is a demo msg, latestMessageSender=vegeta, latestMessageAt=2026-06-12T12:41:36.434507)
2026-06-12T12:41:36.710+07:00 DEBUG 11675 --- [chat-app] [ummary-update-3] c.h.c.c.CustomRabbitMQBrokerHandler      : Publishing to RabbitMQ: from instance=instance-dev to exchange=chat.user-updates, routingKey=user.u3.group-updates
2026-06-12T12:41:36.710+07:00 DEBUG 11675 --- [chat-app] [ummary-update-3] c.h.c.s.GroupSummaryUpdatePublisher      : [publishToGroupMembers] Pushed group summary update to user=u3, groupId=13, destination=/topic/user.u3.group-updates, message=GroupSummaryUpdate(groupId=13, latestMessage=this is a demo msg, latestMessageSender=vegeta, latestMessageAt=2026-06-12T12:41:36.434507)
2026-06-12T12:41:36.710+07:00 DEBUG 11675 --- [chat-app] [a.Spring.bean-1] c.h.c.listener.DynamicRabbitMQListener   : Skipping message from same instance: queue=ws.instance-dev.inbound, instanceId=instance-dev
2026-06-12T12:41:36.711+07:00 DEBUG 11675 --- [chat-app] [ummary-update-3] c.h.c.c.CustomRabbitMQBrokerHandler      : Publishing to RabbitMQ: from instance=instance-dev to exchange=chat.user-updates, routingKey=user.u4.group-updates
2026-06-12T12:41:36.711+07:00 DEBUG 11675 --- [chat-app] [ummary-update-3] c.h.c.s.GroupSummaryUpdatePublisher      : [publishToGroupMembers] Pushed group summary update to user=u4, groupId=13, destination=/topic/user.u4.group-updates, message=GroupSummaryUpdate(groupId=13, latestMessage=this is a demo msg, latestMessageSender=vegeta, latestMessageAt=2026-06-12T12:41:36.434507)
2026-06-12T12:41:36.711+07:00 DEBUG 11675 --- [chat-app] [ummary-update-3] c.h.c.c.CustomRabbitMQBrokerHandler      : Publishing to RabbitMQ: from instance=instance-dev to exchange=chat.user-updates, routingKey=user.u5.group-updates
2026-06-12T12:41:36.712+07:00 DEBUG 11675 --- [chat-app] [ummary-update-3] c.h.c.s.GroupSummaryUpdatePublisher      : [publishToGroupMembers] Pushed group summary update to user=u5, groupId=13, destination=/topic/user.u5.group-updates, message=GroupSummaryUpdate(groupId=13, latestMessage=this is a demo msg, latestMessageSender=vegeta, latestMessageAt=2026-06-12T12:41:36.434507)
2026-06-12T12:41:36.712+07:00 DEBUG 11675 --- [chat-app] [ummary-update-3] c.h.c.c.CustomRabbitMQBrokerHandler      : Publishing to RabbitMQ: from instance=instance-dev to exchange=chat.user-updates, routingKey=user.u6.group-updates
2026-06-12T12:41:36.712+07:00 DEBUG 11675 --- [chat-app] [ummary-update-3] c.h.c.s.GroupSummaryUpdatePublisher      : [publishToGroupMembers] Pushed group summary update to user=u6, groupId=13, destination=/topic/user.u6.group-updates, message=GroupSummaryUpdate(groupId=13, latestMessage=this is a demo msg, latestMessageSender=vegeta, latestMessageAt=2026-06-12T12:41:36.434507)
2026-06-12T12:41:36.712+07:00 DEBUG 11675 --- [chat-app] [ummary-update-3] c.h.c.c.CustomRabbitMQBrokerHandler      : Publishing to RabbitMQ: from instance=instance-dev to exchange=chat.user-updates, routingKey=user.u7.group-updates
2026-06-12T12:41:36.712+07:00 DEBUG 11675 --- [chat-app] [ummary-update-3] c.h.c.s.GroupSummaryUpdatePublisher      : [publishToGroupMembers] Pushed group summary update to user=u7, groupId=13, destination=/topic/user.u7.group-updates, message=GroupSummaryUpdate(groupId=13, latestMessage=this is a demo msg, latestMessageSender=vegeta, latestMessageAt=2026-06-12T12:41:36.434507)
2026-06-12T12:41:36.712+07:00 DEBUG 11675 --- [chat-app] [ummary-update-3] c.h.c.c.CustomRabbitMQBrokerHandler      : Publishing to RabbitMQ: from instance=instance-dev to exchange=chat.user-updates, routingKey=user.u8.group-updates
2026-06-12T12:41:36.712+07:00 DEBUG 11675 --- [chat-app] [ummary-update-3] c.h.c.s.GroupSummaryUpdatePublisher      : [publishToGroupMembers] Pushed group summary update to user=u8, groupId=13, destination=/topic/user.u8.group-updates, message=GroupSummaryUpdate(groupId=13, latestMessage=this is a demo msg, latestMessageSender=vegeta, latestMessageAt=2026-06-12T12:41:36.434507)
2026-06-12T12:41:36.712+07:00 DEBUG 11675 --- [chat-app] [ummary-update-3] c.h.c.c.CustomRabbitMQBrokerHandler      : Publishing to RabbitMQ: from instance=instance-dev to exchange=chat.user-updates, routingKey=user.u9.group-updates
2026-06-12T12:41:36.712+07:00 DEBUG 11675 --- [chat-app] [a.Spring.bean-1] c.h.c.listener.DynamicRabbitMQListener   : Skipping message from same instance: queue=ws.instance-dev.inbound, instanceId=instance-dev
2026-06-12T12:41:36.713+07:00 DEBUG 11675 --- [chat-app] [ummary-update-3] c.h.c.s.GroupSummaryUpdatePublisher      : [publishToGroupMembers] Pushed group summary update to user=u9, groupId=13, destination=/topic/user.u9.group-updates, message=GroupSummaryUpdate(groupId=13, latestMessage=this is a demo msg, latestMessageSender=vegeta, latestMessageAt=2026-06-12T12:41:36.434507)
2026-06-12T12:41:36.713+07:00 DEBUG 11675 --- [chat-app] [ummary-update-3] c.h.c.c.CustomRabbitMQBrokerHandler      : Publishing to RabbitMQ: from instance=instance-dev to exchange=chat.user-updates, routingKey=user.u10.group-updates
2026-06-12T12:41:36.713+07:00 DEBUG 11675 --- [chat-app] [ummary-update-3] c.h.c.s.GroupSummaryUpdatePublisher      : [publishToGroupMembers] Pushed group summary update to user=u10, groupId=13, destination=/topic/user.u10.group-updates, message=GroupSummaryUpdate(groupId=13, latestMessage=this is a demo msg, latestMessageSender=vegeta, latestMessageAt=2026-06-12T12:41:36.434507)
2026-06-12T12:41:36.714+07:00 DEBUG 11675 --- [chat-app] [ummary-update-3] c.h.c.c.CustomRabbitMQBrokerHandler      : Publishing to RabbitMQ: from instance=instance-dev to exchange=chat.user-updates, routingKey=user.u11.group-updates
2026-06-12T12:41:36.714+07:00 DEBUG 11675 --- [chat-app] [ummary-update-3] c.h.c.s.GroupSummaryUpdatePublisher      : [publishToGroupMembers] Pushed group summary update to user=u11, groupId=13, destination=/topic/user.u11.group-updates, message=GroupSummaryUpdate(groupId=13, latestMessage=this is a demo msg, latestMessageSender=vegeta, latestMessageAt=2026-06-12T12:41:36.434507)
2026-06-12T12:41:36.714+07:00 DEBUG 11675 --- [chat-app] [ummary-update-3] c.h.c.c.CustomRabbitMQBrokerHandler      : Publishing to RabbitMQ: from instance=instance-dev to exchange=chat.user-updates, routingKey=user.u12.group-updates
2026-06-12T12:41:36.714+07:00 DEBUG 11675 --- [chat-app] [ummary-update-3] c.h.c.s.GroupSummaryUpdatePublisher      : [publishToGroupMembers] Pushed group summary update to user=u12, groupId=13, destination=/topic/user.u12.group-updates, message=GroupSummaryUpdate(groupId=13, latestMessage=this is a demo msg, latestMessageSender=vegeta, latestMessageAt=2026-06-12T12:41:36.434507)
2026-06-12T12:41:36.714+07:00 DEBUG 11675 --- [chat-app] [ummary-update-3] c.h.c.c.CustomRabbitMQBrokerHandler      : Publishing to RabbitMQ: from instance=instance-dev to exchange=chat.user-updates, routingKey=user.u13.group-updates
2026-06-12T12:41:36.714+07:00 DEBUG 11675 --- [chat-app] [ummary-update-3] c.h.c.s.GroupSummaryUpdatePublisher      : [publishToGroupMembers] Pushed group summary update to user=u13, groupId=13, destination=/topic/user.u13.group-updates, message=GroupSummaryUpdate(groupId=13, latestMessage=this is a demo msg, latestMessageSender=vegeta, latestMessageAt=2026-06-12T12:41:36.434507)
2026-06-12T12:41:36.714+07:00 DEBUG 11675 --- [chat-app] [ummary-update-3] c.h.c.c.CustomRabbitMQBrokerHandler      : Publishing to RabbitMQ: from instance=instance-dev to exchange=chat.user-updates, routingKey=user.u14.group-updates
2026-06-12T12:41:36.714+07:00 DEBUG 11675 --- [chat-app] [ummary-update-3] c.h.c.s.GroupSummaryUpdatePublisher      : [publishToGroupMembers] Pushed group summary update to user=u14, groupId=13, destination=/topic/user.u14.group-updates, message=GroupSummaryUpdate(groupId=13, latestMessage=this is a demo msg, latestMessageSender=vegeta, latestMessageAt=2026-06-12T12:41:36.434507)
2026-06-12T12:41:36.715+07:00 DEBUG 11675 --- [chat-app] [ummary-update-3] c.h.c.c.CustomRabbitMQBrokerHandler      : Publishing to RabbitMQ: from instance=instance-dev to exchange=chat.user-updates, routingKey=user.u15.group-updates
2026-06-12T12:41:36.715+07:00 DEBUG 11675 --- [chat-app] [ummary-update-3] c.h.c.s.GroupSummaryUpdatePublisher      : [publishToGroupMembers] Pushed group summary update to user=u15, groupId=13, destination=/topic/user.u15.group-updates, message=GroupSummaryUpdate(groupId=13, latestMessage=this is a demo msg, latestMessageSender=vegeta, latestMessageAt=2026-06-12T12:41:36.434507)
2026-06-12T12:41:36.715+07:00 DEBUG 11675 --- [chat-app] [ummary-update-3] c.h.c.c.CustomRabbitMQBrokerHandler      : Publishing to RabbitMQ: from instance=instance-dev to exchange=chat.user-updates, routingKey=user.u16.group-updates
2026-06-12T12:41:36.716+07:00 DEBUG 11675 --- [chat-app] [ummary-update-3] c.h.c.s.GroupSummaryUpdatePublisher      : [publishToGroupMembers] Pushed group summary update to user=u16, groupId=13, destination=/topic/user.u16.group-updates, message=GroupSummaryUpdate(groupId=13, latestMessage=this is a demo msg, latestMessageSender=vegeta, latestMessageAt=2026-06-12T12:41:36.434507)
2026-06-12T12:41:36.716+07:00 DEBUG 11675 --- [chat-app] [ummary-update-3] c.h.c.c.CustomRabbitMQBrokerHandler      : Publishing to RabbitMQ: from instance=instance-dev to exchange=chat.user-updates, routingKey=user.u17.group-updates
2026-06-12T12:41:36.716+07:00 DEBUG 11675 --- [chat-app] [ummary-update-3] c.h.c.s.GroupSummaryUpdatePublisher      : [publishToGroupMembers] Pushed group summary update to user=u17, groupId=13, destination=/topic/user.u17.group-updates, message=GroupSummaryUpdate(groupId=13, latestMessage=this is a demo msg, latestMessageSender=vegeta, latestMessageAt=2026-06-12T12:41:36.434507)
2026-06-12T12:41:36.716+07:00 DEBUG 11675 --- [chat-app] [ummary-update-3] c.h.c.c.CustomRabbitMQBrokerHandler      : Publishing to RabbitMQ: from instance=instance-dev to exchange=chat.user-updates, routingKey=user.u18.group-updates
2026-06-12T12:41:36.716+07:00 DEBUG 11675 --- [chat-app] [ummary-update-3] c.h.c.s.GroupSummaryUpdatePublisher      : [publishToGroupMembers] Pushed group summary update to user=u18, groupId=13, destination=/topic/user.u18.group-updates, message=GroupSummaryUpdate(groupId=13, latestMessage=this is a demo msg, latestMessageSender=vegeta, latestMessageAt=2026-06-12T12:41:36.434507)
2026-06-12T12:41:36.717+07:00 DEBUG 11675 --- [chat-app] [ummary-update-3] c.h.c.c.CustomRabbitMQBrokerHandler      : Publishing to RabbitMQ: from instance=instance-dev to exchange=chat.user-updates, routingKey=user.u19.group-updates
2026-06-12T12:41:36.717+07:00 DEBUG 11675 --- [chat-app] [ummary-update-3] c.h.c.s.GroupSummaryUpdatePublisher      : [publishToGroupMembers] Pushed group summary update to user=u19, groupId=13, destination=/topic/user.u19.group-updates, message=GroupSummaryUpdate(groupId=13, latestMessage=this is a demo msg, latestMessageSender=vegeta, latestMessageAt=2026-06-12T12:41:36.434507)
2026-06-12T12:41:36.717+07:00 DEBUG 11675 --- [chat-app] [ummary-update-3] c.h.c.c.CustomRabbitMQBrokerHandler      : Publishing to RabbitMQ: from instance=instance-dev to exchange=chat.user-updates, routingKey=user.u20.group-updates
2026-06-12T12:41:36.717+07:00 DEBUG 11675 --- [chat-app] [ummary-update-3] c.h.c.s.GroupSummaryUpdatePublisher      : [publishToGroupMembers] Pushed group summary update to user=u20, groupId=13, destination=/topic/user.u20.group-updates, message=GroupSummaryUpdate(groupId=13, latestMessage=this is a demo msg, latestMessageSender=vegeta, latestMessageAt=2026-06-12T12:41:36.434507)
2026-06-12T12:41:36.717+07:00 DEBUG 11675 --- [chat-app] [ummary-update-3] c.h.c.c.CustomRabbitMQBrokerHandler      : Publishing to RabbitMQ: from instance=instance-dev to exchange=chat.user-updates, routingKey=user.u21.group-updates
2026-06-12T12:41:36.718+07:00 DEBUG 11675 --- [chat-app] [ummary-update-3] c.h.c.s.GroupSummaryUpdatePublisher      : [publishToGroupMembers] Pushed group summary update to user=u21, groupId=13, destination=/topic/user.u21.group-updates, message=GroupSummaryUpdate(groupId=13, latestMessage=this is a demo msg, latestMessageSender=vegeta, latestMessageAt=2026-06-12T12:41:36.434507)
2026-06-12T12:41:36.718+07:00 DEBUG 11675 --- [chat-app] [ummary-update-3] c.h.c.c.CustomRabbitMQBrokerHandler      : Publishing to RabbitMQ: from instance=instance-dev to exchange=chat.user-updates, routingKey=user.u22.group-updates
2026-06-12T12:41:36.718+07:00 DEBUG 11675 --- [chat-app] [ummary-update-3] c.h.c.s.GroupSummaryUpdatePublisher      : [publishToGroupMembers] Pushed group summary update to user=u22, groupId=13, destination=/topic/user.u22.group-updates, message=GroupSummaryUpdate(groupId=13, latestMessage=this is a demo msg, latestMessageSender=vegeta, latestMessageAt=2026-06-12T12:41:36.434507)
2026-06-12T12:41:36.718+07:00 DEBUG 11675 --- [chat-app] [ummary-update-3] c.h.c.c.CustomRabbitMQBrokerHandler      : Publishing to RabbitMQ: from instance=instance-dev to exchange=chat.user-updates, routingKey=user.u23.group-updates
2026-06-12T12:41:36.718+07:00 DEBUG 11675 --- [chat-app] [ummary-update-3] c.h.c.s.GroupSummaryUpdatePublisher      : [publishToGroupMembers] Pushed group summary update to user=u23, groupId=13, destination=/topic/user.u23.group-updates, message=GroupSummaryUpdate(groupId=13, latestMessage=this is a demo msg, latestMessageSender=vegeta, latestMessageAt=2026-06-12T12:41:36.434507)
2026-06-12T12:41:36.718+07:00 DEBUG 11675 --- [chat-app] [ummary-update-3] c.h.c.c.CustomRabbitMQBrokerHandler      : Publishing to RabbitMQ: from instance=instance-dev to exchange=chat.user-updates, routingKey=user.u24.group-updates
2026-06-12T12:41:36.719+07:00 DEBUG 11675 --- [chat-app] [ummary-update-3] c.h.c.s.GroupSummaryUpdatePublisher      : [publishToGroupMembers] Pushed group summary update to user=u24, groupId=13, destination=/topic/user.u24.group-updates, message=GroupSummaryUpdate(groupId=13, latestMessage=this is a demo msg, latestMessageSender=vegeta, latestMessageAt=2026-06-12T12:41:36.434507)
2026-06-12T12:41:36.719+07:00 DEBUG 11675 --- [chat-app] [ummary-update-3] c.h.c.c.CustomRabbitMQBrokerHandler      : Publishing to RabbitMQ: from instance=instance-dev to exchange=chat.user-updates, routingKey=user.u25.group-updates
2026-06-12T12:41:36.719+07:00 DEBUG 11675 --- [chat-app] [ummary-update-3] c.h.c.s.GroupSummaryUpdatePublisher      : [publishToGroupMembers] Pushed group summary update to user=u25, groupId=13, destination=/topic/user.u25.group-updates, message=GroupSummaryUpdate(groupId=13, latestMessage=this is a demo msg, latestMessageSender=vegeta, latestMessageAt=2026-06-12T12:41:36.434507)
2026-06-12T12:41:36.719+07:00 DEBUG 11675 --- [chat-app] [ummary-update-3] c.h.c.c.CustomRabbitMQBrokerHandler      : Publishing to RabbitMQ: from instance=instance-dev to exchange=chat.user-updates, routingKey=user.u26.group-updates
2026-06-12T12:41:36.719+07:00 DEBUG 11675 --- [chat-app] [ummary-update-3] c.h.c.s.GroupSummaryUpdatePublisher      : [publishToGroupMembers] Pushed group summary update to user=u26, groupId=13, destination=/topic/user.u26.group-updates, message=GroupSummaryUpdate(groupId=13, latestMessage=this is a demo msg, latestMessageSender=vegeta, latestMessageAt=2026-06-12T12:41:36.434507)
2026-06-12T12:41:36.720+07:00 DEBUG 11675 --- [chat-app] [ummary-update-3] c.h.c.c.CustomRabbitMQBrokerHandler      : Publishing to RabbitMQ: from instance=instance-dev to exchange=chat.user-updates, routingKey=user.u27.group-updates
2026-06-12T12:41:36.720+07:00 DEBUG 11675 --- [chat-app] [ummary-update-3] c.h.c.s.GroupSummaryUpdatePublisher      : [publishToGroupMembers] Pushed group summary update to user=u27, groupId=13, destination=/topic/user.u27.group-updates, message=GroupSummaryUpdate(groupId=13, latestMessage=this is a demo msg, latestMessageSender=vegeta, latestMessageAt=2026-06-12T12:41:36.434507)
2026-06-12T12:41:36.720+07:00 DEBUG 11675 --- [chat-app] [ummary-update-3] c.h.c.c.CustomRabbitMQBrokerHandler      : Publishing to RabbitMQ: from instance=instance-dev to exchange=chat.user-updates, routingKey=user.u28.group-updates
2026-06-12T12:41:36.720+07:00 DEBUG 11675 --- [chat-app] [ummary-update-3] c.h.c.s.GroupSummaryUpdatePublisher      : [publishToGroupMembers] Pushed group summary update to user=u28, groupId=13, destination=/topic/user.u28.group-updates, message=GroupSummaryUpdate(groupId=13, latestMessage=this is a demo msg, latestMessageSender=vegeta, latestMessageAt=2026-06-12T12:41:36.434507)
2026-06-12T12:41:36.720+07:00 DEBUG 11675 --- [chat-app] [ummary-update-3] c.h.c.c.CustomRabbitMQBrokerHandler      : Publishing to RabbitMQ: from instance=instance-dev to exchange=chat.user-updates, routingKey=user.u29.group-updates
2026-06-12T12:41:36.720+07:00 DEBUG 11675 --- [chat-app] [ummary-update-3] c.h.c.s.GroupSummaryUpdatePublisher      : [publishToGroupMembers] Pushed group summary update to user=u29, groupId=13, destination=/topic/user.u29.group-updates, message=GroupSummaryUpdate(groupId=13, latestMessage=this is a demo msg, latestMessageSender=vegeta, latestMessageAt=2026-06-12T12:41:36.434507)
2026-06-12T12:41:36.720+07:00 DEBUG 11675 --- [chat-app] [ummary-update-3] c.h.c.c.CustomRabbitMQBrokerHandler      : Publishing to RabbitMQ: from instance=instance-dev to exchange=chat.user-updates, routingKey=user.u30.group-updates
2026-06-12T12:41:36.721+07:00 DEBUG 11675 --- [chat-app] [ummary-update-3] c.h.c.s.GroupSummaryUpdatePublisher      : [publishToGroupMembers] Pushed group summary update to user=u30, groupId=13, destination=/topic/user.u30.group-updates, message=GroupSummaryUpdate(groupId=13, latestMessage=this is a demo msg, latestMessageSender=vegeta, latestMessageAt=2026-06-12T12:41:36.434507)
2026-06-12T12:41:36.721+07:00 DEBUG 11675 --- [chat-app] [ummary-update-3] c.h.c.c.CustomRabbitMQBrokerHandler      : Publishing to RabbitMQ: from instance=instance-dev to exchange=chat.user-updates, routingKey=user.u31.group-updates
2026-06-12T12:41:36.721+07:00 DEBUG 11675 --- [chat-app] [ummary-update-3] c.h.c.s.GroupSummaryUpdatePublisher      : [publishToGroupMembers] Pushed group summary update to user=u31, groupId=13, destination=/topic/user.u31.group-updates, message=GroupSummaryUpdate(groupId=13, latestMessage=this is a demo msg, latestMessageSender=vegeta, latestMessageAt=2026-06-12T12:41:36.434507)
2026-06-12T12:41:36.721+07:00 DEBUG 11675 --- [chat-app] [ummary-update-3] c.h.c.c.CustomRabbitMQBrokerHandler      : Publishing to RabbitMQ: from instance=instance-dev to exchange=chat.user-updates, routingKey=user.u32.group-updates
2026-06-12T12:41:36.721+07:00 DEBUG 11675 --- [chat-app] [ummary-update-3] c.h.c.s.GroupSummaryUpdatePublisher      : [publishToGroupMembers] Pushed group summary update to user=u32, groupId=13, destination=/topic/user.u32.group-updates, message=GroupSummaryUpdate(groupId=13, latestMessage=this is a demo msg, latestMessageSender=vegeta, latestMessageAt=2026-06-12T12:41:36.434507)
2026-06-12T12:41:36.721+07:00 DEBUG 11675 --- [chat-app] [ummary-update-3] c.h.c.c.CustomRabbitMQBrokerHandler      : Publishing to RabbitMQ: from instance=instance-dev to exchange=chat.user-updates, routingKey=user.u33.group-updates
2026-06-12T12:41:36.722+07:00 DEBUG 11675 --- [chat-app] [ummary-update-3] c.h.c.s.GroupSummaryUpdatePublisher      : [publishToGroupMembers] Pushed group summary update to user=u33, groupId=13, destination=/topic/user.u33.group-updates, message=GroupSummaryUpdate(groupId=13, latestMessage=this is a demo msg, latestMessageSender=vegeta, latestMessageAt=2026-06-12T12:41:36.434507)
2026-06-12T12:41:36.722+07:00 DEBUG 11675 --- [chat-app] [ummary-update-3] c.h.c.c.CustomRabbitMQBrokerHandler      : Publishing to RabbitMQ: from instance=instance-dev to exchange=chat.user-updates, routingKey=user.u34.group-updates
2026-06-12T12:41:36.722+07:00 DEBUG 11675 --- [chat-app] [ummary-update-3] c.h.c.s.GroupSummaryUpdatePublisher      : [publishToGroupMembers] Pushed group summary update to user=u34, groupId=13, destination=/topic/user.u34.group-updates, message=GroupSummaryUpdate(groupId=13, latestMessage=this is a demo msg, latestMessageSender=vegeta, latestMessageAt=2026-06-12T12:41:36.434507)
2026-06-12T12:41:36.722+07:00 DEBUG 11675 --- [chat-app] [ummary-update-3] c.h.c.c.CustomRabbitMQBrokerHandler      : Publishing to RabbitMQ: from instance=instance-dev to exchange=chat.user-updates, routingKey=user.u35.group-updates
2026-06-12T12:41:36.722+07:00 DEBUG 11675 --- [chat-app] [ummary-update-3] c.h.c.s.GroupSummaryUpdatePublisher      : [publishToGroupMembers] Pushed group summary update to user=u35, groupId=13, destination=/topic/user.u35.group-updates, message=GroupSummaryUpdate(groupId=13, latestMessage=this is a demo msg, latestMessageSender=vegeta, latestMessageAt=2026-06-12T12:41:36.434507)
2026-06-12T12:41:36.722+07:00 DEBUG 11675 --- [chat-app] [ummary-update-3] c.h.c.c.CustomRabbitMQBrokerHandler      : Publishing to RabbitMQ: from instance=instance-dev to exchange=chat.user-updates, routingKey=user.u36.group-updates
2026-06-12T12:41:36.722+07:00 DEBUG 11675 --- [chat-app] [ummary-update-3] c.h.c.s.GroupSummaryUpdatePublisher      : [publishToGroupMembers] Pushed group summary update to user=u36, groupId=13, destination=/topic/user.u36.group-updates, message=GroupSummaryUpdate(groupId=13, latestMessage=this is a demo msg, latestMessageSender=vegeta, latestMessageAt=2026-06-12T12:41:36.434507)
2026-06-12T12:41:36.722+07:00 DEBUG 11675 --- [chat-app] [ummary-update-3] c.h.c.c.CustomRabbitMQBrokerHandler      : Publishing to RabbitMQ: from instance=instance-dev to exchange=chat.user-updates, routingKey=user.u37.group-updates
2026-06-12T12:41:36.723+07:00 DEBUG 11675 --- [chat-app] [ummary-update-3] c.h.c.s.GroupSummaryUpdatePublisher      : [publishToGroupMembers] Pushed group summary update to user=u37, groupId=13, destination=/topic/user.u37.group-updates, message=GroupSummaryUpdate(groupId=13, latestMessage=this is a demo msg, latestMessageSender=vegeta, latestMessageAt=2026-06-12T12:41:36.434507)
2026-06-12T12:41:36.723+07:00 DEBUG 11675 --- [chat-app] [ummary-update-3] c.h.c.c.CustomRabbitMQBrokerHandler      : Publishing to RabbitMQ: from instance=instance-dev to exchange=chat.user-updates, routingKey=user.u38.group-updates
2026-06-12T12:41:36.723+07:00 DEBUG 11675 --- [chat-app] [ummary-update-3] c.h.c.s.GroupSummaryUpdatePublisher      : [publishToGroupMembers] Pushed group summary update to user=u38, groupId=13, destination=/topic/user.u38.group-updates, message=GroupSummaryUpdate(groupId=13, latestMessage=this is a demo msg, latestMessageSender=vegeta, latestMessageAt=2026-06-12T12:41:36.434507)
2026-06-12T12:41:36.723+07:00 DEBUG 11675 --- [chat-app] [ummary-update-3] c.h.c.c.CustomRabbitMQBrokerHandler      : Publishing to RabbitMQ: from instance=instance-dev to exchange=chat.user-updates, routingKey=user.u39.group-updates
2026-06-12T12:41:36.723+07:00 DEBUG 11675 --- [chat-app] [ummary-update-3] c.h.c.s.GroupSummaryUpdatePublisher      : [publishToGroupMembers] Pushed group summary update to user=u39, groupId=13, destination=/topic/user.u39.group-updates, message=GroupSummaryUpdate(groupId=13, latestMessage=this is a demo msg, latestMessageSender=vegeta, latestMessageAt=2026-06-12T12:41:36.434507)
2026-06-12T12:41:36.723+07:00 DEBUG 11675 --- [chat-app] [ummary-update-3] c.h.c.c.CustomRabbitMQBrokerHandler      : Publishing to RabbitMQ: from instance=instance-dev to exchange=chat.user-updates, routingKey=user.u40.group-updates
2026-06-12T12:41:36.723+07:00 DEBUG 11675 --- [chat-app] [ummary-update-3] c.h.c.s.GroupSummaryUpdatePublisher      : [publishToGroupMembers] Pushed group summary update to user=u40, groupId=13, destination=/topic/user.u40.group-updates, message=GroupSummaryUpdate(groupId=13, latestMessage=this is a demo msg, latestMessageSender=vegeta, latestMessageAt=2026-06-12T12:41:36.434507)
2026-06-12T12:41:36.723+07:00 DEBUG 11675 --- [chat-app] [ummary-update-3] c.h.c.c.CustomRabbitMQBrokerHandler      : Publishing to RabbitMQ: from instance=instance-dev to exchange=chat.user-updates, routingKey=user.u41.group-updates
2026-06-12T12:41:36.724+07:00 DEBUG 11675 --- [chat-app] [ummary-update-3] c.h.c.s.GroupSummaryUpdatePublisher      : [publishToGroupMembers] Pushed group summary update to user=u41, groupId=13, destination=/topic/user.u41.group-updates, message=GroupSummaryUpdate(groupId=13, latestMessage=this is a demo msg, latestMessageSender=vegeta, latestMessageAt=2026-06-12T12:41:36.434507)
2026-06-12T12:41:36.724+07:00 DEBUG 11675 --- [chat-app] [ummary-update-3] c.h.c.c.CustomRabbitMQBrokerHandler      : Publishing to RabbitMQ: from instance=instance-dev to exchange=chat.user-updates, routingKey=user.u42.group-updates
2026-06-12T12:41:36.724+07:00 DEBUG 11675 --- [chat-app] [ummary-update-3] c.h.c.s.GroupSummaryUpdatePublisher      : [publishToGroupMembers] Pushed group summary update to user=u42, groupId=13, destination=/topic/user.u42.group-updates, message=GroupSummaryUpdate(groupId=13, latestMessage=this is a demo msg, latestMessageSender=vegeta, latestMessageAt=2026-06-12T12:41:36.434507)
2026-06-12T12:41:36.724+07:00 DEBUG 11675 --- [chat-app] [ummary-update-3] c.h.c.c.CustomRabbitMQBrokerHandler      : Publishing to RabbitMQ: from instance=instance-dev to exchange=chat.user-updates, routingKey=user.u43.group-updates
2026-06-12T12:41:36.724+07:00 DEBUG 11675 --- [chat-app] [ummary-update-3] c.h.c.s.GroupSummaryUpdatePublisher      : [publishToGroupMembers] Pushed group summary update to user=u43, groupId=13, destination=/topic/user.u43.group-updates, message=GroupSummaryUpdate(groupId=13, latestMessage=this is a demo msg, latestMessageSender=vegeta, latestMessageAt=2026-06-12T12:41:36.434507)
2026-06-12T12:41:36.724+07:00 DEBUG 11675 --- [chat-app] [ummary-update-3] c.h.c.c.CustomRabbitMQBrokerHandler      : Publishing to RabbitMQ: from instance=instance-dev to exchange=chat.user-updates, routingKey=user.u44.group-updates
2026-06-12T12:41:36.724+07:00 DEBUG 11675 --- [chat-app] [ummary-update-3] c.h.c.s.GroupSummaryUpdatePublisher      : [publishToGroupMembers] Pushed group summary update to user=u44, groupId=13, destination=/topic/user.u44.group-updates, message=GroupSummaryUpdate(groupId=13, latestMessage=this is a demo msg, latestMessageSender=vegeta, latestMessageAt=2026-06-12T12:41:36.434507)
2026-06-12T12:41:36.725+07:00 DEBUG 11675 --- [chat-app] [ummary-update-3] c.h.c.c.CustomRabbitMQBrokerHandler      : Publishing to RabbitMQ: from instance=instance-dev to exchange=chat.user-updates, routingKey=user.u45.group-updates
Hibernate: select g1_0.id,g1_0.created_at,g1_0.created_by,g1_0.latest_message,g1_0.latest_message_at,g1_0.latest_message_sender,g1_0.name from groups g1_0 where g1_0.id=?
2026-06-12T12:41:36.725+07:00 DEBUG 11675 --- [chat-app] [ummary-update-3] c.h.c.s.GroupSummaryUpdatePublisher      : [publishToGroupMembers] Pushed group summary update to user=u45, groupId=13, destination=/topic/user.u45.group-updates, message=GroupSummaryUpdate(groupId=13, latestMessage=this is a demo msg, latestMessageSender=vegeta, latestMessageAt=2026-06-12T12:41:36.434507)
2026-06-12T12:41:36.725+07:00 DEBUG 11675 --- [chat-app] [ummary-update-3] c.h.c.c.CustomRabbitMQBrokerHandler      : Publishing to RabbitMQ: from instance=instance-dev to exchange=chat.user-updates, routingKey=user.u46.group-updates
2026-06-12T12:41:36.725+07:00 DEBUG 11675 --- [chat-app] [ummary-update-3] c.h.c.s.GroupSummaryUpdatePublisher      : [publishToGroupMembers] Pushed group summary update to user=u46, groupId=13, destination=/topic/user.u46.group-updates, message=GroupSummaryUpdate(groupId=13, latestMessage=this is a demo msg, latestMessageSender=vegeta, latestMessageAt=2026-06-12T12:41:36.434507)
2026-06-12T12:41:36.725+07:00 DEBUG 11675 --- [chat-app] [ummary-update-3] c.h.c.c.CustomRabbitMQBrokerHandler      : Publishing to RabbitMQ: from instance=instance-dev to exchange=chat.user-updates, routingKey=user.u47.group-updates
2026-06-12T12:41:36.725+07:00 DEBUG 11675 --- [chat-app] [ummary-update-3] c.h.c.s.GroupSummaryUpdatePublisher      : [publishToGroupMembers] Pushed group summary update to user=u47, groupId=13, destination=/topic/user.u47.group-updates, message=GroupSummaryUpdate(groupId=13, latestMessage=this is a demo msg, latestMessageSender=vegeta, latestMessageAt=2026-06-12T12:41:36.434507)
2026-06-12T12:41:36.725+07:00 DEBUG 11675 --- [chat-app] [ummary-update-3] c.h.c.c.CustomRabbitMQBrokerHandler      : Publishing to RabbitMQ: from instance=instance-dev to exchange=chat.user-updates, routingKey=user.u48.group-updates
2026-06-12T12:41:36.725+07:00 DEBUG 11675 --- [chat-app] [ummary-update-3] c.h.c.s.GroupSummaryUpdatePublisher      : [publishToGroupMembers] Pushed group summary update to user=u48, groupId=13, destination=/topic/user.u48.group-updates, message=GroupSummaryUpdate(groupId=13, latestMessage=this is a demo msg, latestMessageSender=vegeta, latestMessageAt=2026-06-12T12:41:36.434507)
2026-06-12T12:41:36.725+07:00 DEBUG 11675 --- [chat-app] [ummary-update-3] c.h.c.c.CustomRabbitMQBrokerHandler      : Publishing to RabbitMQ: from instance=instance-dev to exchange=chat.user-updates, routingKey=user.u49.group-updates
2026-06-12T12:41:36.725+07:00 DEBUG 11675 --- [chat-app] [ummary-update-3] c.h.c.s.GroupSummaryUpdatePublisher      : [publishToGroupMembers] Pushed group summary update to user=u49, groupId=13, destination=/topic/user.u49.group-updates, message=GroupSummaryUpdate(groupId=13, latestMessage=this is a demo msg, latestMessageSender=vegeta, latestMessageAt=2026-06-12T12:41:36.434507)
2026-06-12T12:41:36.725+07:00 DEBUG 11675 --- [chat-app] [ummary-update-3] c.h.c.c.CustomRabbitMQBrokerHandler      : Publishing to RabbitMQ: from instance=instance-dev to exchange=chat.user-updates, routingKey=user.u50.group-updates
2026-06-12T12:41:36.725+07:00 DEBUG 11675 --- [chat-app] [ummary-update-3] c.h.c.s.GroupSummaryUpdatePublisher      : [publishToGroupMembers] Pushed group summary update to user=u50, groupId=13, destination=/topic/user.u50.group-updates, message=GroupSummaryUpdate(groupId=13, latestMessage=this is a demo msg, latestMessageSender=vegeta, latestMessageAt=2026-06-12T12:41:36.434507)
2026-06-12T12:41:36.726+07:00 DEBUG 11675 --- [chat-app] [ummary-update-3] c.h.c.c.CustomRabbitMQBrokerHandler      : Publishing to RabbitMQ: from instance=instance-dev to exchange=chat.user-updates, routingKey=user.u51.group-updates
2026-06-12T12:41:36.726+07:00 DEBUG 11675 --- [chat-app] [ummary-update-3] c.h.c.s.GroupSummaryUpdatePublisher      : [publishToGroupMembers] Pushed group summary update to user=u51, groupId=13, destination=/topic/user.u51.group-updates, message=GroupSummaryUpdate(groupId=13, latestMessage=this is a demo msg, latestMessageSender=vegeta, latestMessageAt=2026-06-12T12:41:36.434507)
2026-06-12T12:41:36.727+07:00 DEBUG 11675 --- [chat-app] [ummary-update-3] c.h.c.c.CustomRabbitMQBrokerHandler      : Publishing to RabbitMQ: from instance=instance-dev to exchange=chat.user-updates, routingKey=user.u52.group-updates
2026-06-12T12:41:36.727+07:00 DEBUG 11675 --- [chat-app] [ummary-update-3] c.h.c.s.GroupSummaryUpdatePublisher      : [publishToGroupMembers] Pushed group summary update to user=u52, groupId=13, destination=/topic/user.u52.group-updates, message=GroupSummaryUpdate(groupId=13, latestMessage=this is a demo msg, latestMessageSender=vegeta, latestMessageAt=2026-06-12T12:41:36.434507)
2026-06-12T12:41:36.727+07:00 DEBUG 11675 --- [chat-app] [ummary-update-3] c.h.c.c.CustomRabbitMQBrokerHandler      : Publishing to RabbitMQ: from instance=instance-dev to exchange=chat.user-updates, routingKey=user.u53.group-updates
2026-06-12T12:41:36.727+07:00 DEBUG 11675 --- [chat-app] [ummary-update-3] c.h.c.s.GroupSummaryUpdatePublisher      : [publishToGroupMembers] Pushed group summary update to user=u53, groupId=13, destination=/topic/user.u53.group-updates, message=GroupSummaryUpdate(groupId=13, latestMessage=this is a demo msg, latestMessageSender=vegeta, latestMessageAt=2026-06-12T12:41:36.434507)
Hibernate: select gp1_0.id,gp1_0.group_id,gp1_0.joined_at,gp1_0.last_read_message_id,gp1_0.user_id from group_participants gp1_0 where gp1_0.group_id=? and gp1_0.user_id=?
2026-06-12T12:41:36.727+07:00 DEBUG 11675 --- [chat-app] [ummary-update-3] c.h.c.c.CustomRabbitMQBrokerHandler      : Publishing to RabbitMQ: from instance=instance-dev to exchange=chat.user-updates, routingKey=user.u54.group-updates
2026-06-12T12:41:36.727+07:00 DEBUG 11675 --- [chat-app] [ummary-update-3] c.h.c.s.GroupSummaryUpdatePublisher      : [publishToGroupMembers] Pushed group summary update to user=u54, groupId=13, destination=/topic/user.u54.group-updates, message=GroupSummaryUpdate(groupId=13, latestMessage=this is a demo msg, latestMessageSender=vegeta, latestMessageAt=2026-06-12T12:41:36.434507)
2026-06-12T12:41:36.728+07:00 DEBUG 11675 --- [chat-app] [ummary-update-3] c.h.c.c.CustomRabbitMQBrokerHandler      : Publishing to RabbitMQ: from instance=instance-dev to exchange=chat.user-updates, routingKey=user.u55.group-updates
2026-06-12T12:41:36.728+07:00 DEBUG 11675 --- [chat-app] [ummary-update-3] c.h.c.s.GroupSummaryUpdatePublisher      : [publishToGroupMembers] Pushed group summary update to user=u55, groupId=13, destination=/topic/user.u55.group-updates, message=GroupSummaryUpdate(groupId=13, latestMessage=this is a demo msg, latestMessageSender=vegeta, latestMessageAt=2026-06-12T12:41:36.434507)
2026-06-12T12:41:36.728+07:00 DEBUG 11675 --- [chat-app] [ummary-update-3] c.h.c.c.CustomRabbitMQBrokerHandler      : Publishing to RabbitMQ: from instance=instance-dev to exchange=chat.user-updates, routingKey=user.u56.group-updates
2026-06-12T12:41:36.728+07:00 DEBUG 11675 --- [chat-app] [ummary-update-3] c.h.c.s.GroupSummaryUpdatePublisher      : [publishToGroupMembers] Pushed group summary update to user=u56, groupId=13, destination=/topic/user.u56.group-updates, message=GroupSummaryUpdate(groupId=13, latestMessage=this is a demo msg, latestMessageSender=vegeta, latestMessageAt=2026-06-12T12:41:36.434507)
2026-06-12T12:41:36.728+07:00 DEBUG 11675 --- [chat-app] [ummary-update-3] c.h.c.c.CustomRabbitMQBrokerHandler      : Publishing to RabbitMQ: from instance=instance-dev to exchange=chat.user-updates, routingKey=user.u57.group-updates
2026-06-12T12:41:36.729+07:00 DEBUG 11675 --- [chat-app] [ummary-update-3] c.h.c.s.GroupSummaryUpdatePublisher      : [publishToGroupMembers] Pushed group summary update to user=u57, groupId=13, destination=/topic/user.u57.group-updates, message=GroupSummaryUpdate(groupId=13, latestMessage=this is a demo msg, latestMessageSender=vegeta, latestMessageAt=2026-06-12T12:41:36.434507)
2026-06-12T12:41:36.729+07:00 DEBUG 11675 --- [chat-app] [ummary-update-3] c.h.c.c.CustomRabbitMQBrokerHandler      : Publishing to RabbitMQ: from instance=instance-dev to exchange=chat.user-updates, routingKey=user.u58.group-updates
2026-06-12T12:41:36.729+07:00 DEBUG 11675 --- [chat-app] [ummary-update-3] c.h.c.s.GroupSummaryUpdatePublisher      : [publishToGroupMembers] Pushed group summary update to user=u58, groupId=13, destination=/topic/user.u58.group-updates, message=GroupSummaryUpdate(groupId=13, latestMessage=this is a demo msg, latestMessageSender=vegeta, latestMessageAt=2026-06-12T12:41:36.434507)
2026-06-12T12:41:36.729+07:00 DEBUG 11675 --- [chat-app] [ummary-update-3] c.h.c.c.CustomRabbitMQBrokerHandler      : Publishing to RabbitMQ: from instance=instance-dev to exchange=chat.user-updates, routingKey=user.u59.group-updates
2026-06-12T12:41:36.730+07:00 DEBUG 11675 --- [chat-app] [ummary-update-3] c.h.c.s.GroupSummaryUpdatePublisher      : [publishToGroupMembers] Pushed group summary update to user=u59, groupId=13, destination=/topic/user.u59.group-updates, message=GroupSummaryUpdate(groupId=13, latestMessage=this is a demo msg, latestMessageSender=vegeta, latestMessageAt=2026-06-12T12:41:36.434507)
2026-06-12T12:41:36.730+07:00 DEBUG 11675 --- [chat-app] [ummary-update-3] c.h.c.c.CustomRabbitMQBrokerHandler      : Publishing to RabbitMQ: from instance=instance-dev to exchange=chat.user-updates, routingKey=user.u60.group-updates
2026-06-12T12:41:36.730+07:00 DEBUG 11675 --- [chat-app] [ummary-update-3] c.h.c.s.GroupSummaryUpdatePublisher      : [publishToGroupMembers] Pushed group summary update to user=u60, groupId=13, destination=/topic/user.u60.group-updates, message=GroupSummaryUpdate(groupId=13, latestMessage=this is a demo msg, latestMessageSender=vegeta, latestMessageAt=2026-06-12T12:41:36.434507)
2026-06-12T12:41:36.731+07:00 DEBUG 11675 --- [chat-app] [ummary-update-3] c.h.c.c.CustomRabbitMQBrokerHandler      : Publishing to RabbitMQ: from instance=instance-dev to exchange=chat.user-updates, routingKey=user.u61.group-updates
2026-06-12T12:41:36.731+07:00 DEBUG 11675 --- [chat-app] [ummary-update-3] c.h.c.s.GroupSummaryUpdatePublisher      : [publishToGroupMembers] Pushed group summary update to user=u61, groupId=13, destination=/topic/user.u61.group-updates, message=GroupSummaryUpdate(groupId=13, latestMessage=this is a demo msg, latestMessageSender=vegeta, latestMessageAt=2026-06-12T12:41:36.434507)
2026-06-12T12:41:36.732+07:00 DEBUG 11675 --- [chat-app] [ummary-update-3] c.h.c.c.CustomRabbitMQBrokerHandler      : Publishing to RabbitMQ: from instance=instance-dev to exchange=chat.user-updates, routingKey=user.u62.group-updates
2026-06-12T12:41:36.732+07:00 DEBUG 11675 --- [chat-app] [ummary-update-3] c.h.c.s.GroupSummaryUpdatePublisher      : [publishToGroupMembers] Pushed group summary update to user=u62, groupId=13, destination=/topic/user.u62.group-updates, message=GroupSummaryUpdate(groupId=13, latestMessage=this is a demo msg, latestMessageSender=vegeta, latestMessageAt=2026-06-12T12:41:36.434507)
2026-06-12T12:41:36.732+07:00 DEBUG 11675 --- [chat-app] [ummary-update-3] c.h.c.c.CustomRabbitMQBrokerHandler      : Publishing to RabbitMQ: from instance=instance-dev to exchange=chat.user-updates, routingKey=user.u63.group-updates
2026-06-12T12:41:36.732+07:00 DEBUG 11675 --- [chat-app] [ummary-update-3] c.h.c.s.GroupSummaryUpdatePublisher      : [publishToGroupMembers] Pushed group summary update to user=u63, groupId=13, destination=/topic/user.u63.group-updates, message=GroupSummaryUpdate(groupId=13, latestMessage=this is a demo msg, latestMessageSender=vegeta, latestMessageAt=2026-06-12T12:41:36.434507)
2026-06-12T12:41:36.732+07:00 DEBUG 11675 --- [chat-app] [ummary-update-3] c.h.c.c.CustomRabbitMQBrokerHandler      : Publishing to RabbitMQ: from instance=instance-dev to exchange=chat.user-updates, routingKey=user.u64.group-updates
2026-06-12T12:41:36.732+07:00 DEBUG 11675 --- [chat-app] [ummary-update-3] c.h.c.s.GroupSummaryUpdatePublisher      : [publishToGroupMembers] Pushed group summary update to user=u64, groupId=13, destination=/topic/user.u64.group-updates, message=GroupSummaryUpdate(groupId=13, latestMessage=this is a demo msg, latestMessageSender=vegeta, latestMessageAt=2026-06-12T12:41:36.434507)
2026-06-12T12:41:36.732+07:00 DEBUG 11675 --- [chat-app] [ummary-update-3] c.h.c.c.CustomRabbitMQBrokerHandler      : Publishing to RabbitMQ: from instance=instance-dev to exchange=chat.user-updates, routingKey=user.u65.group-updates
2026-06-12T12:41:36.733+07:00 DEBUG 11675 --- [chat-app] [ummary-update-3] c.h.c.s.GroupSummaryUpdatePublisher      : [publishToGroupMembers] Pushed group summary update to user=u65, groupId=13, destination=/topic/user.u65.group-updates, message=GroupSummaryUpdate(groupId=13, latestMessage=this is a demo msg, latestMessageSender=vegeta, latestMessageAt=2026-06-12T12:41:36.434507)
2026-06-12T12:41:36.733+07:00 DEBUG 11675 --- [chat-app] [ummary-update-3] c.h.c.c.CustomRabbitMQBrokerHandler      : Publishing to RabbitMQ: from instance=instance-dev to exchange=chat.user-updates, routingKey=user.u66.group-updates
Hibernate: select m1_0.id from messages m1_0 left join groups g1_0 on g1_0.id=m1_0.group_id where m1_0.id=? and g1_0.id=? fetch first ? rows only
2026-06-12T12:41:36.733+07:00 DEBUG 11675 --- [chat-app] [ummary-update-3] c.h.c.s.GroupSummaryUpdatePublisher      : [publishToGroupMembers] Pushed group summary update to user=u66, groupId=13, destination=/topic/user.u66.group-updates, message=GroupSummaryUpdate(groupId=13, latestMessage=this is a demo msg, latestMessageSender=vegeta, latestMessageAt=2026-06-12T12:41:36.434507)
2026-06-12T12:41:36.733+07:00 DEBUG 11675 --- [chat-app] [ummary-update-3] c.h.c.c.CustomRabbitMQBrokerHandler      : Publishing to RabbitMQ: from instance=instance-dev to exchange=chat.user-updates, routingKey=user.u67.group-updates
2026-06-12T12:41:36.733+07:00 DEBUG 11675 --- [chat-app] [ummary-update-3] c.h.c.s.GroupSummaryUpdatePublisher      : [publishToGroupMembers] Pushed group summary update to user=u67, groupId=13, destination=/topic/user.u67.group-updates, message=GroupSummaryUpdate(groupId=13, latestMessage=this is a demo msg, latestMessageSender=vegeta, latestMessageAt=2026-06-12T12:41:36.434507)
2026-06-12T12:41:36.733+07:00 DEBUG 11675 --- [chat-app] [ummary-update-3] c.h.c.c.CustomRabbitMQBrokerHandler      : Publishing to RabbitMQ: from instance=instance-dev to exchange=chat.user-updates, routingKey=user.u68.group-updates
2026-06-12T12:41:36.733+07:00 DEBUG 11675 --- [chat-app] [ummary-update-3] c.h.c.s.GroupSummaryUpdatePublisher      : [publishToGroupMembers] Pushed group summary update to user=u68, groupId=13, destination=/topic/user.u68.group-updates, message=GroupSummaryUpdate(groupId=13, latestMessage=this is a demo msg, latestMessageSender=vegeta, latestMessageAt=2026-06-12T12:41:36.434507)
2026-06-12T12:41:36.734+07:00 DEBUG 11675 --- [chat-app] [ummary-update-3] c.h.c.c.CustomRabbitMQBrokerHandler      : Publishing to RabbitMQ: from instance=instance-dev to exchange=chat.user-updates, routingKey=user.u69.group-updates
2026-06-12T12:41:36.734+07:00 DEBUG 11675 --- [chat-app] [ummary-update-3] c.h.c.s.GroupSummaryUpdatePublisher      : [publishToGroupMembers] Pushed group summary update to user=u69, groupId=13, destination=/topic/user.u69.group-updates, message=GroupSummaryUpdate(groupId=13, latestMessage=this is a demo msg, latestMessageSender=vegeta, latestMessageAt=2026-06-12T12:41:36.434507)
2026-06-12T12:41:36.734+07:00 DEBUG 11675 --- [chat-app] [ummary-update-3] c.h.c.c.CustomRabbitMQBrokerHandler      : Publishing to RabbitMQ: from instance=instance-dev to exchange=chat.user-updates, routingKey=user.u70.group-updates
2026-06-12T12:41:36.734+07:00 DEBUG 11675 --- [chat-app] [ummary-update-3] c.h.c.s.GroupSummaryUpdatePublisher      : [publishToGroupMembers] Pushed group summary update to user=u70, groupId=13, destination=/topic/user.u70.group-updates, message=GroupSummaryUpdate(groupId=13, latestMessage=this is a demo msg, latestMessageSender=vegeta, latestMessageAt=2026-06-12T12:41:36.434507)
2026-06-12T12:41:36.734+07:00 DEBUG 11675 --- [chat-app] [ummary-update-3] c.h.c.c.CustomRabbitMQBrokerHandler      : Publishing to RabbitMQ: from instance=instance-dev to exchange=chat.user-updates, routingKey=user.u71.group-updates
2026-06-12T12:41:36.734+07:00 DEBUG 11675 --- [chat-app] [ummary-update-3] c.h.c.s.GroupSummaryUpdatePublisher      : [publishToGroupMembers] Pushed group summary update to user=u71, groupId=13, destination=/topic/user.u71.group-updates, message=GroupSummaryUpdate(groupId=13, latestMessage=this is a demo msg, latestMessageSender=vegeta, latestMessageAt=2026-06-12T12:41:36.434507)
2026-06-12T12:41:36.735+07:00 DEBUG 11675 --- [chat-app] [ummary-update-3] c.h.c.c.CustomRabbitMQBrokerHandler      : Publishing to RabbitMQ: from instance=instance-dev to exchange=chat.user-updates, routingKey=user.u72.group-updates
2026-06-12T12:41:36.735+07:00 DEBUG 11675 --- [chat-app] [ummary-update-3] c.h.c.s.GroupSummaryUpdatePublisher      : [publishToGroupMembers] Pushed group summary update to user=u72, groupId=13, destination=/topic/user.u72.group-updates, message=GroupSummaryUpdate(groupId=13, latestMessage=this is a demo msg, latestMessageSender=vegeta, latestMessageAt=2026-06-12T12:41:36.434507)
2026-06-12T12:41:36.735+07:00 DEBUG 11675 --- [chat-app] [ummary-update-3] c.h.c.c.CustomRabbitMQBrokerHandler      : Publishing to RabbitMQ: from instance=instance-dev to exchange=chat.user-updates, routingKey=user.u73.group-updates
2026-06-12T12:41:36.735+07:00 DEBUG 11675 --- [chat-app] [ummary-update-3] c.h.c.s.GroupSummaryUpdatePublisher      : [publishToGroupMembers] Pushed group summary update to user=u73, groupId=13, destination=/topic/user.u73.group-updates, message=GroupSummaryUpdate(groupId=13, latestMessage=this is a demo msg, latestMessageSender=vegeta, latestMessageAt=2026-06-12T12:41:36.434507)
2026-06-12T12:41:36.735+07:00 DEBUG 11675 --- [chat-app] [ummary-update-3] c.h.c.c.CustomRabbitMQBrokerHandler      : Publishing to RabbitMQ: from instance=instance-dev to exchange=chat.user-updates, routingKey=user.u74.group-updates
2026-06-12T12:41:36.736+07:00 DEBUG 11675 --- [chat-app] [ummary-update-3] c.h.c.s.GroupSummaryUpdatePublisher      : [publishToGroupMembers] Pushed group summary update to user=u74, groupId=13, destination=/topic/user.u74.group-updates, message=GroupSummaryUpdate(groupId=13, latestMessage=this is a demo msg, latestMessageSender=vegeta, latestMessageAt=2026-06-12T12:41:36.434507)
2026-06-12T12:41:36.736+07:00 DEBUG 11675 --- [chat-app] [ummary-update-3] c.h.c.c.CustomRabbitMQBrokerHandler      : Publishing to RabbitMQ: from instance=instance-dev to exchange=chat.user-updates, routingKey=user.u75.group-updates
2026-06-12T12:41:36.736+07:00 DEBUG 11675 --- [chat-app] [ummary-update-3] c.h.c.s.GroupSummaryUpdatePublisher      : [publishToGroupMembers] Pushed group summary update to user=u75, groupId=13, destination=/topic/user.u75.group-updates, message=GroupSummaryUpdate(groupId=13, latestMessage=this is a demo msg, latestMessageSender=vegeta, latestMessageAt=2026-06-12T12:41:36.434507)
2026-06-12T12:41:36.736+07:00 DEBUG 11675 --- [chat-app] [ummary-update-3] c.h.c.c.CustomRabbitMQBrokerHandler      : Publishing to RabbitMQ: from instance=instance-dev to exchange=chat.user-updates, routingKey=user.u76.group-updates
2026-06-12T12:41:36.736+07:00 DEBUG 11675 --- [chat-app] [ummary-update-3] c.h.c.s.GroupSummaryUpdatePublisher      : [publishToGroupMembers] Pushed group summary update to user=u76, groupId=13, destination=/topic/user.u76.group-updates, message=GroupSummaryUpdate(groupId=13, latestMessage=this is a demo msg, latestMessageSender=vegeta, latestMessageAt=2026-06-12T12:41:36.434507)
2026-06-12T12:41:36.736+07:00 DEBUG 11675 --- [chat-app] [ummary-update-3] c.h.c.c.CustomRabbitMQBrokerHandler      : Publishing to RabbitMQ: from instance=instance-dev to exchange=chat.user-updates, routingKey=user.u77.group-updates
2026-06-12T12:41:36.736+07:00 DEBUG 11675 --- [chat-app] [ummary-update-3] c.h.c.s.GroupSummaryUpdatePublisher      : [publishToGroupMembers] Pushed group summary update to user=u77, groupId=13, destination=/topic/user.u77.group-updates, message=GroupSummaryUpdate(groupId=13, latestMessage=this is a demo msg, latestMessageSender=vegeta, latestMessageAt=2026-06-12T12:41:36.434507)
2026-06-12T12:41:36.737+07:00 DEBUG 11675 --- [chat-app] [ummary-update-3] c.h.c.c.CustomRabbitMQBrokerHandler      : Publishing to RabbitMQ: from instance=instance-dev to exchange=chat.user-updates, routingKey=user.u78.group-updates
2026-06-12T12:41:36.737+07:00 DEBUG 11675 --- [chat-app] [ummary-update-3] c.h.c.s.GroupSummaryUpdatePublisher      : [publishToGroupMembers] Pushed group summary update to user=u78, groupId=13, destination=/topic/user.u78.group-updates, message=GroupSummaryUpdate(groupId=13, latestMessage=this is a demo msg, latestMessageSender=vegeta, latestMessageAt=2026-06-12T12:41:36.434507)
2026-06-12T12:41:36.737+07:00 DEBUG 11675 --- [chat-app] [ummary-update-3] c.h.c.c.CustomRabbitMQBrokerHandler      : Publishing to RabbitMQ: from instance=instance-dev to exchange=chat.user-updates, routingKey=user.u79.group-updates
Hibernate: update group_participants set group_id=?,joined_at=?,last_read_message_id=?,user_id=? where id=?
2026-06-12T12:41:36.737+07:00 DEBUG 11675 --- [chat-app] [ummary-update-3] c.h.c.s.GroupSummaryUpdatePublisher      : [publishToGroupMembers] Pushed group summary update to user=u79, groupId=13, destination=/topic/user.u79.group-updates, message=GroupSummaryUpdate(groupId=13, latestMessage=this is a demo msg, latestMessageSender=vegeta, latestMessageAt=2026-06-12T12:41:36.434507)
2026-06-12T12:41:36.737+07:00 DEBUG 11675 --- [chat-app] [ummary-update-3] c.h.c.c.CustomRabbitMQBrokerHandler      : Publishing to RabbitMQ: from instance=instance-dev to exchange=chat.user-updates, routingKey=user.u80.group-updates
2026-06-12T12:41:36.737+07:00 DEBUG 11675 --- [chat-app] [ummary-update-3] c.h.c.s.GroupSummaryUpdatePublisher      : [publishToGroupMembers] Pushed group summary update to user=u80, groupId=13, destination=/topic/user.u80.group-updates, message=GroupSummaryUpdate(groupId=13, latestMessage=this is a demo msg, latestMessageSender=vegeta, latestMessageAt=2026-06-12T12:41:36.434507)
2026-06-12T12:41:36.738+07:00 DEBUG 11675 --- [chat-app] [ummary-update-3] c.h.c.c.CustomRabbitMQBrokerHandler      : Publishing to RabbitMQ: from instance=instance-dev to exchange=chat.user-updates, routingKey=user.u81.group-updates
2026-06-12T12:41:36.738+07:00 DEBUG 11675 --- [chat-app] [ummary-update-3] c.h.c.s.GroupSummaryUpdatePublisher      : [publishToGroupMembers] Pushed group summary update to user=u81, groupId=13, destination=/topic/user.u81.group-updates, message=GroupSummaryUpdate(groupId=13, latestMessage=this is a demo msg, latestMessageSender=vegeta, latestMessageAt=2026-06-12T12:41:36.434507)
2026-06-12T12:41:36.738+07:00 DEBUG 11675 --- [chat-app] [ummary-update-3] c.h.c.c.CustomRabbitMQBrokerHandler      : Publishing to RabbitMQ: from instance=instance-dev to exchange=chat.user-updates, routingKey=user.u82.group-updates
2026-06-12T12:41:36.738+07:00 DEBUG 11675 --- [chat-app] [ummary-update-3] c.h.c.s.GroupSummaryUpdatePublisher      : [publishToGroupMembers] Pushed group summary update to user=u82, groupId=13, destination=/topic/user.u82.group-updates, message=GroupSummaryUpdate(groupId=13, latestMessage=this is a demo msg, latestMessageSender=vegeta, latestMessageAt=2026-06-12T12:41:36.434507)
2026-06-12T12:41:36.738+07:00 DEBUG 11675 --- [chat-app] [ummary-update-3] c.h.c.c.CustomRabbitMQBrokerHandler      : Publishing to RabbitMQ: from instance=instance-dev to exchange=chat.user-updates, routingKey=user.u83.group-updates
2026-06-12T12:41:36.738+07:00 DEBUG 11675 --- [chat-app] [ummary-update-3] c.h.c.s.GroupSummaryUpdatePublisher      : [publishToGroupMembers] Pushed group summary update to user=u83, groupId=13, destination=/topic/user.u83.group-updates, message=GroupSummaryUpdate(groupId=13, latestMessage=this is a demo msg, latestMessageSender=vegeta, latestMessageAt=2026-06-12T12:41:36.434507)
2026-06-12T12:41:36.738+07:00 DEBUG 11675 --- [chat-app] [ummary-update-3] c.h.c.c.CustomRabbitMQBrokerHandler      : Publishing to RabbitMQ: from instance=instance-dev to exchange=chat.user-updates, routingKey=user.u84.group-updates
2026-06-12T12:41:36.738+07:00 DEBUG 11675 --- [chat-app] [ummary-update-3] c.h.c.s.GroupSummaryUpdatePublisher      : [publishToGroupMembers] Pushed group summary update to user=u84, groupId=13, destination=/topic/user.u84.group-updates, message=GroupSummaryUpdate(groupId=13, latestMessage=this is a demo msg, latestMessageSender=vegeta, latestMessageAt=2026-06-12T12:41:36.434507)
2026-06-12T12:41:36.738+07:00 DEBUG 11675 --- [chat-app] [ummary-update-3] c.h.c.c.CustomRabbitMQBrokerHandler      : Publishing to RabbitMQ: from instance=instance-dev to exchange=chat.user-updates, routingKey=user.u85.group-updates
2026-06-12T12:41:36.738+07:00 DEBUG 11675 --- [chat-app] [ummary-update-3] c.h.c.s.GroupSummaryUpdatePublisher      : [publishToGroupMembers] Pushed group summary update to user=u85, groupId=13, destination=/topic/user.u85.group-updates, message=GroupSummaryUpdate(groupId=13, latestMessage=this is a demo msg, latestMessageSender=vegeta, latestMessageAt=2026-06-12T12:41:36.434507)
2026-06-12T12:41:36.738+07:00 DEBUG 11675 --- [chat-app] [ummary-update-3] c.h.c.c.CustomRabbitMQBrokerHandler      : Publishing to RabbitMQ: from instance=instance-dev to exchange=chat.user-updates, routingKey=user.u86.group-updates
2026-06-12T12:41:36.738+07:00 DEBUG 11675 --- [chat-app] [ummary-update-3] c.h.c.s.GroupSummaryUpdatePublisher      : [publishToGroupMembers] Pushed group summary update to user=u86, groupId=13, destination=/topic/user.u86.group-updates, message=GroupSummaryUpdate(groupId=13, latestMessage=this is a demo msg, latestMessageSender=vegeta, latestMessageAt=2026-06-12T12:41:36.434507)
2026-06-12T12:41:36.739+07:00 DEBUG 11675 --- [chat-app] [ummary-update-3] c.h.c.c.CustomRabbitMQBrokerHandler      : Publishing to RabbitMQ: from instance=instance-dev to exchange=chat.user-updates, routingKey=user.u87.group-updates
2026-06-12T12:41:36.739+07:00 DEBUG 11675 --- [chat-app] [ummary-update-3] c.h.c.s.GroupSummaryUpdatePublisher      : [publishToGroupMembers] Pushed group summary update to user=u87, groupId=13, destination=/topic/user.u87.group-updates, message=GroupSummaryUpdate(groupId=13, latestMessage=this is a demo msg, latestMessageSender=vegeta, latestMessageAt=2026-06-12T12:41:36.434507)
2026-06-12T12:41:36.739+07:00 DEBUG 11675 --- [chat-app] [ummary-update-3] c.h.c.c.CustomRabbitMQBrokerHandler      : Publishing to RabbitMQ: from instance=instance-dev to exchange=chat.user-updates, routingKey=user.u88.group-updates
2026-06-12T12:41:36.739+07:00 DEBUG 11675 --- [chat-app] [ummary-update-3] c.h.c.s.GroupSummaryUpdatePublisher      : [publishToGroupMembers] Pushed group summary update to user=u88, groupId=13, destination=/topic/user.u88.group-updates, message=GroupSummaryUpdate(groupId=13, latestMessage=this is a demo msg, latestMessageSender=vegeta, latestMessageAt=2026-06-12T12:41:36.434507)
2026-06-12T12:41:36.739+07:00 DEBUG 11675 --- [chat-app] [ummary-update-3] c.h.c.c.CustomRabbitMQBrokerHandler      : Publishing to RabbitMQ: from instance=instance-dev to exchange=chat.user-updates, routingKey=user.u89.group-updates
2026-06-12T12:41:36.739+07:00 DEBUG 11675 --- [chat-app] [ummary-update-3] c.h.c.s.GroupSummaryUpdatePublisher      : [publishToGroupMembers] Pushed group summary update to user=u89, groupId=13, destination=/topic/user.u89.group-updates, message=GroupSummaryUpdate(groupId=13, latestMessage=this is a demo msg, latestMessageSender=vegeta, latestMessageAt=2026-06-12T12:41:36.434507)
2026-06-12T12:41:36.739+07:00 DEBUG 11675 --- [chat-app] [ummary-update-3] c.h.c.c.CustomRabbitMQBrokerHandler      : Publishing to RabbitMQ: from instance=instance-dev to exchange=chat.user-updates, routingKey=user.u90.group-updates
2026-06-12T12:41:36.739+07:00 DEBUG 11675 --- [chat-app] [ummary-update-3] c.h.c.s.GroupSummaryUpdatePublisher      : [publishToGroupMembers] Pushed group summary update to user=u90, groupId=13, destination=/topic/user.u90.group-updates, message=GroupSummaryUpdate(groupId=13, latestMessage=this is a demo msg, latestMessageSender=vegeta, latestMessageAt=2026-06-12T12:41:36.434507)
2026-06-12T12:41:36.740+07:00 DEBUG 11675 --- [chat-app] [ummary-update-3] c.h.c.c.CustomRabbitMQBrokerHandler      : Publishing to RabbitMQ: from instance=instance-dev to exchange=chat.user-updates, routingKey=user.u91.group-updates
2026-06-12T12:41:36.740+07:00 DEBUG 11675 --- [chat-app] [ummary-update-3] c.h.c.s.GroupSummaryUpdatePublisher      : [publishToGroupMembers] Pushed group summary update to user=u91, groupId=13, destination=/topic/user.u91.group-updates, message=GroupSummaryUpdate(groupId=13, latestMessage=this is a demo msg, latestMessageSender=vegeta, latestMessageAt=2026-06-12T12:41:36.434507)
2026-06-12T12:41:36.740+07:00 DEBUG 11675 --- [chat-app] [ummary-update-3] c.h.c.c.CustomRabbitMQBrokerHandler      : Publishing to RabbitMQ: from instance=instance-dev to exchange=chat.user-updates, routingKey=user.u92.group-updates
2026-06-12T12:41:36.740+07:00 DEBUG 11675 --- [chat-app] [ummary-update-3] c.h.c.s.GroupSummaryUpdatePublisher      : [publishToGroupMembers] Pushed group summary update to user=u92, groupId=13, destination=/topic/user.u92.group-updates, message=GroupSummaryUpdate(groupId=13, latestMessage=this is a demo msg, latestMessageSender=vegeta, latestMessageAt=2026-06-12T12:41:36.434507)
2026-06-12T12:41:36.740+07:00 DEBUG 11675 --- [chat-app] [ummary-update-3] c.h.c.c.CustomRabbitMQBrokerHandler      : Publishing to RabbitMQ: from instance=instance-dev to exchange=chat.user-updates, routingKey=user.u93.group-updates
2026-06-12T12:41:36.740+07:00 DEBUG 11675 --- [chat-app] [ummary-update-3] c.h.c.s.GroupSummaryUpdatePublisher      : [publishToGroupMembers] Pushed group summary update to user=u93, groupId=13, destination=/topic/user.u93.group-updates, message=GroupSummaryUpdate(groupId=13, latestMessage=this is a demo msg, latestMessageSender=vegeta, latestMessageAt=2026-06-12T12:41:36.434507)
2026-06-12T12:41:36.741+07:00 DEBUG 11675 --- [chat-app] [ummary-update-3] c.h.c.c.CustomRabbitMQBrokerHandler      : Publishing to RabbitMQ: from instance=instance-dev to exchange=chat.user-updates, routingKey=user.u94.group-updates
2026-06-12T12:41:36.741+07:00 DEBUG 11675 --- [chat-app] [ummary-update-3] c.h.c.s.GroupSummaryUpdatePublisher      : [publishToGroupMembers] Pushed group summary update to user=u94, groupId=13, destination=/topic/user.u94.group-updates, message=GroupSummaryUpdate(groupId=13, latestMessage=this is a demo msg, latestMessageSender=vegeta, latestMessageAt=2026-06-12T12:41:36.434507)
2026-06-12T12:41:36.741+07:00 DEBUG 11675 --- [chat-app] [ummary-update-3] c.h.c.c.CustomRabbitMQBrokerHandler      : Publishing to RabbitMQ: from instance=instance-dev to exchange=chat.user-updates, routingKey=user.u95.group-updates
2026-06-12T12:41:36.741+07:00 DEBUG 11675 --- [chat-app] [ummary-update-3] c.h.c.s.GroupSummaryUpdatePublisher      : [publishToGroupMembers] Pushed group summary update to user=u95, groupId=13, destination=/topic/user.u95.group-updates, message=GroupSummaryUpdate(groupId=13, latestMessage=this is a demo msg, latestMessageSender=vegeta, latestMessageAt=2026-06-12T12:41:36.434507)
2026-06-12T12:41:36.741+07:00 DEBUG 11675 --- [chat-app] [ummary-update-3] c.h.c.c.CustomRabbitMQBrokerHandler      : Publishing to RabbitMQ: from instance=instance-dev to exchange=chat.user-updates, routingKey=user.u96.group-updates
2026-06-12T12:41:36.741+07:00 DEBUG 11675 --- [chat-app] [ummary-update-3] c.h.c.s.GroupSummaryUpdatePublisher      : [publishToGroupMembers] Pushed group summary update to user=u96, groupId=13, destination=/topic/user.u96.group-updates, message=GroupSummaryUpdate(groupId=13, latestMessage=this is a demo msg, latestMessageSender=vegeta, latestMessageAt=2026-06-12T12:41:36.434507)
2026-06-12T12:41:36.741+07:00 DEBUG 11675 --- [chat-app] [ummary-update-3] c.h.c.c.CustomRabbitMQBrokerHandler      : Publishing to RabbitMQ: from instance=instance-dev to exchange=chat.user-updates, routingKey=user.u97.group-updates
2026-06-12T12:41:36.742+07:00 DEBUG 11675 --- [chat-app] [ummary-update-3] c.h.c.s.GroupSummaryUpdatePublisher      : [publishToGroupMembers] Pushed group summary update to user=u97, groupId=13, destination=/topic/user.u97.group-updates, message=GroupSummaryUpdate(groupId=13, latestMessage=this is a demo msg, latestMessageSender=vegeta, latestMessageAt=2026-06-12T12:41:36.434507)
2026-06-12T12:41:36.742+07:00 DEBUG 11675 --- [chat-app] [ummary-update-3] c.h.c.c.CustomRabbitMQBrokerHandler      : Publishing to RabbitMQ: from instance=instance-dev to exchange=chat.user-updates, routingKey=user.u98.group-updates
2026-06-12T12:41:36.742+07:00 DEBUG 11675 --- [chat-app] [ummary-update-3] c.h.c.s.GroupSummaryUpdatePublisher      : [publishToGroupMembers] Pushed group summary update to user=u98, groupId=13, destination=/topic/user.u98.group-updates, message=GroupSummaryUpdate(groupId=13, latestMessage=this is a demo msg, latestMessageSender=vegeta, latestMessageAt=2026-06-12T12:41:36.434507)
2026-06-12T12:41:36.742+07:00 DEBUG 11675 --- [chat-app] [ummary-update-3] c.h.c.c.CustomRabbitMQBrokerHandler      : Publishing to RabbitMQ: from instance=instance-dev to exchange=chat.user-updates, routingKey=user.u99.group-updates
2026-06-12T12:41:36.742+07:00 DEBUG 11675 --- [chat-app] [ummary-update-3] c.h.c.s.GroupSummaryUpdatePublisher      : [publishToGroupMembers] Pushed group summary update to user=u99, groupId=13, destination=/topic/user.u99.group-updates, message=GroupSummaryUpdate(groupId=13, latestMessage=this is a demo msg, latestMessageSender=vegeta, latestMessageAt=2026-06-12T12:41:36.434507)
2026-06-12T12:41:36.742+07:00 DEBUG 11675 --- [chat-app] [ummary-update-3] c.h.c.c.CustomRabbitMQBrokerHandler      : Publishing to RabbitMQ: from instance=instance-dev to exchange=chat.user-updates, routingKey=user.u100.group-updates
2026-06-12T12:41:36.742+07:00 DEBUG 11675 --- [chat-app] [ummary-update-3] c.h.c.s.GroupSummaryUpdatePublisher      : [publishToGroupMembers] Pushed group summary update to user=u100, groupId=13, destination=/topic/user.u100.group-updates, message=GroupSummaryUpdate(groupId=13, latestMessage=this is a demo msg, latestMessageSender=vegeta, latestMessageAt=2026-06-12T12:41:36.434507)
2026-06-12T12:41:36.742+07:00 DEBUG 11675 --- [chat-app] [ummary-update-3] c.h.c.c.CustomRabbitMQBrokerHandler      : Publishing to RabbitMQ: from instance=instance-dev to exchange=chat.user-updates, routingKey=user.u101.group-updates
2026-06-12T12:41:36.742+07:00 DEBUG 11675 --- [chat-app] [ummary-update-3] c.h.c.s.GroupSummaryUpdatePublisher      : [publishToGroupMembers] Pushed group summary update to user=u101, groupId=13, destination=/topic/user.u101.group-updates, message=GroupSummaryUpdate(groupId=13, latestMessage=this is a demo msg, latestMessageSender=vegeta, latestMessageAt=2026-06-12T12:41:36.434507)
2026-06-12T12:41:36.743+07:00 DEBUG 11675 --- [chat-app] [ummary-update-3] c.h.c.c.CustomRabbitMQBrokerHandler      : Publishing to RabbitMQ: from instance=instance-dev to exchange=chat.user-updates, routingKey=user.u102.group-updates
2026-06-12T12:41:36.743+07:00 DEBUG 11675 --- [chat-app] [ummary-update-3] c.h.c.s.GroupSummaryUpdatePublisher      : [publishToGroupMembers] Pushed group summary update to user=u102, groupId=13, destination=/topic/user.u102.group-updates, message=GroupSummaryUpdate(groupId=13, latestMessage=this is a demo msg, latestMessageSender=vegeta, latestMessageAt=2026-06-12T12:41:36.434507)
2026-06-12T12:41:36.743+07:00 DEBUG 11675 --- [chat-app] [ummary-update-3] c.h.c.c.CustomRabbitMQBrokerHandler      : Publishing to RabbitMQ: from instance=instance-dev to exchange=chat.user-updates, routingKey=user.u103.group-updates
2026-06-12T12:41:36.743+07:00 DEBUG 11675 --- [chat-app] [ummary-update-3] c.h.c.s.GroupSummaryUpdatePublisher      : [publishToGroupMembers] Pushed group summary update to user=u103, groupId=13, destination=/topic/user.u103.group-updates, message=GroupSummaryUpdate(groupId=13, latestMessage=this is a demo msg, latestMessageSender=vegeta, latestMessageAt=2026-06-12T12:41:36.434507)
2026-06-12T12:41:36.743+07:00 DEBUG 11675 --- [chat-app] [ummary-update-3] c.h.c.c.CustomRabbitMQBrokerHandler      : Publishing to RabbitMQ: from instance=instance-dev to exchange=chat.user-updates, routingKey=user.u104.group-updates
2026-06-12T12:41:36.743+07:00 DEBUG 11675 --- [chat-app] [ummary-update-3] c.h.c.s.GroupSummaryUpdatePublisher      : [publishToGroupMembers] Pushed group summary update to user=u104, groupId=13, destination=/topic/user.u104.group-updates, message=GroupSummaryUpdate(groupId=13, latestMessage=this is a demo msg, latestMessageSender=vegeta, latestMessageAt=2026-06-12T12:41:36.434507)
2026-06-12T12:41:36.744+07:00 DEBUG 11675 --- [chat-app] [ummary-update-3] c.h.c.c.CustomRabbitMQBrokerHandler      : Publishing to RabbitMQ: from instance=instance-dev to exchange=chat.user-updates, routingKey=user.u105.group-updates
2026-06-12T12:41:36.744+07:00 DEBUG 11675 --- [chat-app] [ummary-update-3] c.h.c.s.GroupSummaryUpdatePublisher      : [publishToGroupMembers] Pushed group summary update to user=u105, groupId=13, destination=/topic/user.u105.group-updates, message=GroupSummaryUpdate(groupId=13, latestMessage=this is a demo msg, latestMessageSender=vegeta, latestMessageAt=2026-06-12T12:41:36.434507)
2026-06-12T12:41:36.744+07:00 DEBUG 11675 --- [chat-app] [ummary-update-3] c.h.c.c.CustomRabbitMQBrokerHandler      : Publishing to RabbitMQ: from instance=instance-dev to exchange=chat.user-updates, routingKey=user.u106.group-updates
2026-06-12T12:41:36.744+07:00 DEBUG 11675 --- [chat-app] [ummary-update-3] c.h.c.s.GroupSummaryUpdatePublisher      : [publishToGroupMembers] Pushed group summary update to user=u106, groupId=13, destination=/topic/user.u106.group-updates, message=GroupSummaryUpdate(groupId=13, latestMessage=this is a demo msg, latestMessageSender=vegeta, latestMessageAt=2026-06-12T12:41:36.434507)
2026-06-12T12:41:36.744+07:00 DEBUG 11675 --- [chat-app] [ummary-update-3] c.h.c.c.CustomRabbitMQBrokerHandler      : Publishing to RabbitMQ: from instance=instance-dev to exchange=chat.user-updates, routingKey=user.u107.group-updates
2026-06-12T12:41:36.744+07:00 DEBUG 11675 --- [chat-app] [ummary-update-3] c.h.c.s.GroupSummaryUpdatePublisher      : [publishToGroupMembers] Pushed group summary update to user=u107, groupId=13, destination=/topic/user.u107.group-updates, message=GroupSummaryUpdate(groupId=13, latestMessage=this is a demo msg, latestMessageSender=vegeta, latestMessageAt=2026-06-12T12:41:36.434507)
2026-06-12T12:41:36.744+07:00 DEBUG 11675 --- [chat-app] [ummary-update-3] c.h.c.c.CustomRabbitMQBrokerHandler      : Publishing to RabbitMQ: from instance=instance-dev to exchange=chat.user-updates, routingKey=user.u108.group-updates
2026-06-12T12:41:36.744+07:00 DEBUG 11675 --- [chat-app] [ummary-update-3] c.h.c.s.GroupSummaryUpdatePublisher      : [publishToGroupMembers] Pushed group summary update to user=u108, groupId=13, destination=/topic/user.u108.group-updates, message=GroupSummaryUpdate(groupId=13, latestMessage=this is a demo msg, latestMessageSender=vegeta, latestMessageAt=2026-06-12T12:41:36.434507)
2026-06-12T12:41:36.744+07:00 DEBUG 11675 --- [chat-app] [ummary-update-3] c.h.c.c.CustomRabbitMQBrokerHandler      : Publishing to RabbitMQ: from instance=instance-dev to exchange=chat.user-updates, routingKey=user.u109.group-updates
2026-06-12T12:41:36.744+07:00 DEBUG 11675 --- [chat-app] [ummary-update-3] c.h.c.s.GroupSummaryUpdatePublisher      : [publishToGroupMembers] Pushed group summary update to user=u109, groupId=13, destination=/topic/user.u109.group-updates, message=GroupSummaryUpdate(groupId=13, latestMessage=this is a demo msg, latestMessageSender=vegeta, latestMessageAt=2026-06-12T12:41:36.434507)
2026-06-12T12:41:36.744+07:00 DEBUG 11675 --- [chat-app] [ummary-update-3] c.h.c.c.CustomRabbitMQBrokerHandler      : Publishing to RabbitMQ: from instance=instance-dev to exchange=chat.user-updates, routingKey=user.u110.group-updates
2026-06-12T12:41:36.744+07:00 DEBUG 11675 --- [chat-app] [ummary-update-3] c.h.c.s.GroupSummaryUpdatePublisher      : [publishToGroupMembers] Pushed group summary update to user=u110, groupId=13, destination=/topic/user.u110.group-updates, message=GroupSummaryUpdate(groupId=13, latestMessage=this is a demo msg, latestMessageSender=vegeta, latestMessageAt=2026-06-12T12:41:36.434507)
2026-06-12T12:41:36.745+07:00 DEBUG 11675 --- [chat-app] [ummary-update-3] c.h.c.c.CustomRabbitMQBrokerHandler      : Publishing to RabbitMQ: from instance=instance-dev to exchange=chat.user-updates, routingKey=user.u111.group-updates
2026-06-12T12:41:36.745+07:00 DEBUG 11675 --- [chat-app] [ummary-update-3] c.h.c.s.GroupSummaryUpdatePublisher      : [publishToGroupMembers] Pushed group summary update to user=u111, groupId=13, destination=/topic/user.u111.group-updates, message=GroupSummaryUpdate(groupId=13, latestMessage=this is a demo msg, latestMessageSender=vegeta, latestMessageAt=2026-06-12T12:41:36.434507)
2026-06-12T12:41:36.745+07:00 DEBUG 11675 --- [chat-app] [ummary-update-3] c.h.c.c.CustomRabbitMQBrokerHandler      : Publishing to RabbitMQ: from instance=instance-dev to exchange=chat.user-updates, routingKey=user.u112.group-updates
2026-06-12T12:41:36.745+07:00 DEBUG 11675 --- [chat-app] [ummary-update-3] c.h.c.s.GroupSummaryUpdatePublisher      : [publishToGroupMembers] Pushed group summary update to user=u112, groupId=13, destination=/topic/user.u112.group-updates, message=GroupSummaryUpdate(groupId=13, latestMessage=this is a demo msg, latestMessageSender=vegeta, latestMessageAt=2026-06-12T12:41:36.434507)
2026-06-12T12:41:36.745+07:00 DEBUG 11675 --- [chat-app] [ummary-update-3] c.h.c.c.CustomRabbitMQBrokerHandler      : Publishing to RabbitMQ: from instance=instance-dev to exchange=chat.user-updates, routingKey=user.u113.group-updates
2026-06-12T12:41:36.745+07:00 DEBUG 11675 --- [chat-app] [ummary-update-3] c.h.c.s.GroupSummaryUpdatePublisher      : [publishToGroupMembers] Pushed group summary update to user=u113, groupId=13, destination=/topic/user.u113.group-updates, message=GroupSummaryUpdate(groupId=13, latestMessage=this is a demo msg, latestMessageSender=vegeta, latestMessageAt=2026-06-12T12:41:36.434507)
2026-06-12T12:41:36.745+07:00 DEBUG 11675 --- [chat-app] [ummary-update-3] c.h.c.c.CustomRabbitMQBrokerHandler      : Publishing to RabbitMQ: from instance=instance-dev to exchange=chat.user-updates, routingKey=user.u114.group-updates
2026-06-12T12:41:36.746+07:00 DEBUG 11675 --- [chat-app] [ummary-update-3] c.h.c.s.GroupSummaryUpdatePublisher      : [publishToGroupMembers] Pushed group summary update to user=u114, groupId=13, destination=/topic/user.u114.group-updates, message=GroupSummaryUpdate(groupId=13, latestMessage=this is a demo msg, latestMessageSender=vegeta, latestMessageAt=2026-06-12T12:41:36.434507)
2026-06-12T12:41:36.746+07:00 DEBUG 11675 --- [chat-app] [ummary-update-3] c.h.c.c.CustomRabbitMQBrokerHandler      : Publishing to RabbitMQ: from instance=instance-dev to exchange=chat.user-updates, routingKey=user.u115.group-updates
2026-06-12T12:41:36.746+07:00 DEBUG 11675 --- [chat-app] [ummary-update-3] c.h.c.s.GroupSummaryUpdatePublisher      : [publishToGroupMembers] Pushed group summary update to user=u115, groupId=13, destination=/topic/user.u115.group-updates, message=GroupSummaryUpdate(groupId=13, latestMessage=this is a demo msg, latestMessageSender=vegeta, latestMessageAt=2026-06-12T12:41:36.434507)
2026-06-12T12:41:36.746+07:00 DEBUG 11675 --- [chat-app] [ummary-update-3] c.h.c.c.CustomRabbitMQBrokerHandler      : Publishing to RabbitMQ: from instance=instance-dev to exchange=chat.user-updates, routingKey=user.u116.group-updates
2026-06-12T12:41:36.746+07:00 DEBUG 11675 --- [chat-app] [ummary-update-3] c.h.c.s.GroupSummaryUpdatePublisher      : [publishToGroupMembers] Pushed group summary update to user=u116, groupId=13, destination=/topic/user.u116.group-updates, message=GroupSummaryUpdate(groupId=13, latestMessage=this is a demo msg, latestMessageSender=vegeta, latestMessageAt=2026-06-12T12:41:36.434507)
2026-06-12T12:41:36.746+07:00 DEBUG 11675 --- [chat-app] [ummary-update-3] c.h.c.c.CustomRabbitMQBrokerHandler      : Publishing to RabbitMQ: from instance=instance-dev to exchange=chat.user-updates, routingKey=user.u117.group-updates
2026-06-12T12:41:36.746+07:00 DEBUG 11675 --- [chat-app] [ummary-update-3] c.h.c.s.GroupSummaryUpdatePublisher      : [publishToGroupMembers] Pushed group summary update to user=u117, groupId=13, destination=/topic/user.u117.group-updates, message=GroupSummaryUpdate(groupId=13, latestMessage=this is a demo msg, latestMessageSender=vegeta, latestMessageAt=2026-06-12T12:41:36.434507)
2026-06-12T12:41:36.746+07:00 DEBUG 11675 --- [chat-app] [ummary-update-3] c.h.c.c.CustomRabbitMQBrokerHandler      : Publishing to RabbitMQ: from instance=instance-dev to exchange=chat.user-updates, routingKey=user.u118.group-updates
2026-06-12T12:41:36.746+07:00 DEBUG 11675 --- [chat-app] [ummary-update-3] c.h.c.s.GroupSummaryUpdatePublisher      : [publishToGroupMembers] Pushed group summary update to user=u118, groupId=13, destination=/topic/user.u118.group-updates, message=GroupSummaryUpdate(groupId=13, latestMessage=this is a demo msg, latestMessageSender=vegeta, latestMessageAt=2026-06-12T12:41:36.434507)
2026-06-12T12:41:36.746+07:00 DEBUG 11675 --- [chat-app] [ummary-update-3] c.h.c.c.CustomRabbitMQBrokerHandler      : Publishing to RabbitMQ: from instance=instance-dev to exchange=chat.user-updates, routingKey=user.u119.group-updates
2026-06-12T12:41:36.746+07:00 DEBUG 11675 --- [chat-app] [ummary-update-3] c.h.c.s.GroupSummaryUpdatePublisher      : [publishToGroupMembers] Pushed group summary update to user=u119, groupId=13, destination=/topic/user.u119.group-updates, message=GroupSummaryUpdate(groupId=13, latestMessage=this is a demo msg, latestMessageSender=vegeta, latestMessageAt=2026-06-12T12:41:36.434507)
2026-06-12T12:41:36.746+07:00 DEBUG 11675 --- [chat-app] [ummary-update-3] c.h.c.c.CustomRabbitMQBrokerHandler      : Publishing to RabbitMQ: from instance=instance-dev to exchange=chat.user-updates, routingKey=user.u120.group-updates
2026-06-12T12:41:36.747+07:00 DEBUG 11675 --- [chat-app] [ummary-update-3] c.h.c.s.GroupSummaryUpdatePublisher      : [publishToGroupMembers] Pushed group summary update to user=u120, groupId=13, destination=/topic/user.u120.group-updates, message=GroupSummaryUpdate(groupId=13, latestMessage=this is a demo msg, latestMessageSender=vegeta, latestMessageAt=2026-06-12T12:41:36.434507)
2026-06-12T12:41:36.747+07:00 DEBUG 11675 --- [chat-app] [ummary-update-3] c.h.c.c.CustomRabbitMQBrokerHandler      : Publishing to RabbitMQ: from instance=instance-dev to exchange=chat.user-updates, routingKey=user.u121.group-updates
2026-06-12T12:41:36.747+07:00 DEBUG 11675 --- [chat-app] [ummary-update-3] c.h.c.s.GroupSummaryUpdatePublisher      : [publishToGroupMembers] Pushed group summary update to user=u121, groupId=13, destination=/topic/user.u121.group-updates, message=GroupSummaryUpdate(groupId=13, latestMessage=this is a demo msg, latestMessageSender=vegeta, latestMessageAt=2026-06-12T12:41:36.434507)
2026-06-12T12:41:36.747+07:00 DEBUG 11675 --- [chat-app] [ummary-update-3] c.h.c.c.CustomRabbitMQBrokerHandler      : Publishing to RabbitMQ: from instance=instance-dev to exchange=chat.user-updates, routingKey=user.u122.group-updates
2026-06-12T12:41:36.747+07:00 DEBUG 11675 --- [chat-app] [ummary-update-3] c.h.c.s.GroupSummaryUpdatePublisher      : [publishToGroupMembers] Pushed group summary update to user=u122, groupId=13, destination=/topic/user.u122.group-updates, message=GroupSummaryUpdate(groupId=13, latestMessage=this is a demo msg, latestMessageSender=vegeta, latestMessageAt=2026-06-12T12:41:36.434507)
2026-06-12T12:41:36.747+07:00 DEBUG 11675 --- [chat-app] [ummary-update-3] c.h.c.c.CustomRabbitMQBrokerHandler      : Publishing to RabbitMQ: from instance=instance-dev to exchange=chat.user-updates, routingKey=user.u123.group-updates
2026-06-12T12:41:36.748+07:00 DEBUG 11675 --- [chat-app] [ummary-update-3] c.h.c.s.GroupSummaryUpdatePublisher      : [publishToGroupMembers] Pushed group summary update to user=u123, groupId=13, destination=/topic/user.u123.group-updates, message=GroupSummaryUpdate(groupId=13, latestMessage=this is a demo msg, latestMessageSender=vegeta, latestMessageAt=2026-06-12T12:41:36.434507)
2026-06-12T12:41:36.748+07:00 DEBUG 11675 --- [chat-app] [ummary-update-3] c.h.c.c.CustomRabbitMQBrokerHandler      : Publishing to RabbitMQ: from instance=instance-dev to exchange=chat.user-updates, routingKey=user.u124.group-updates
2026-06-12T12:41:36.748+07:00 DEBUG 11675 --- [chat-app] [ummary-update-3] c.h.c.s.GroupSummaryUpdatePublisher      : [publishToGroupMembers] Pushed group summary update to user=u124, groupId=13, destination=/topic/user.u124.group-updates, message=GroupSummaryUpdate(groupId=13, latestMessage=this is a demo msg, latestMessageSender=vegeta, latestMessageAt=2026-06-12T12:41:36.434507)
2026-06-12T12:41:36.748+07:00 DEBUG 11675 --- [chat-app] [ummary-update-3] c.h.c.c.CustomRabbitMQBrokerHandler      : Publishing to RabbitMQ: from instance=instance-dev to exchange=chat.user-updates, routingKey=user.u125.group-updates
2026-06-12T12:41:36.748+07:00 DEBUG 11675 --- [chat-app] [ummary-update-3] c.h.c.s.GroupSummaryUpdatePublisher      : [publishToGroupMembers] Pushed group summary update to user=u125, groupId=13, destination=/topic/user.u125.group-updates, message=GroupSummaryUpdate(groupId=13, latestMessage=this is a demo msg, latestMessageSender=vegeta, latestMessageAt=2026-06-12T12:41:36.434507)
2026-06-12T12:41:36.748+07:00 DEBUG 11675 --- [chat-app] [ummary-update-3] c.h.c.c.CustomRabbitMQBrokerHandler      : Publishing to RabbitMQ: from instance=instance-dev to exchange=chat.user-updates, routingKey=user.u126.group-updates
2026-06-12T12:41:36.748+07:00 DEBUG 11675 --- [chat-app] [ummary-update-3] c.h.c.s.GroupSummaryUpdatePublisher      : [publishToGroupMembers] Pushed group summary update to user=u126, groupId=13, destination=/topic/user.u126.group-updates, message=GroupSummaryUpdate(groupId=13, latestMessage=this is a demo msg, latestMessageSender=vegeta, latestMessageAt=2026-06-12T12:41:36.434507)
2026-06-12T12:41:36.748+07:00 DEBUG 11675 --- [chat-app] [ummary-update-3] c.h.c.c.CustomRabbitMQBrokerHandler      : Publishing to RabbitMQ: from instance=instance-dev to exchange=chat.user-updates, routingKey=user.u127.group-updates
2026-06-12T12:41:36.748+07:00 DEBUG 11675 --- [chat-app] [ummary-update-3] c.h.c.s.GroupSummaryUpdatePublisher      : [publishToGroupMembers] Pushed group summary update to user=u127, groupId=13, destination=/topic/user.u127.group-updates, message=GroupSummaryUpdate(groupId=13, latestMessage=this is a demo msg, latestMessageSender=vegeta, latestMessageAt=2026-06-12T12:41:36.434507)
2026-06-12T12:41:36.748+07:00 DEBUG 11675 --- [chat-app] [ummary-update-3] c.h.c.c.CustomRabbitMQBrokerHandler      : Publishing to RabbitMQ: from instance=instance-dev to exchange=chat.user-updates, routingKey=user.u128.group-updates
2026-06-12T12:41:36.749+07:00 DEBUG 11675 --- [chat-app] [ummary-update-3] c.h.c.s.GroupSummaryUpdatePublisher      : [publishToGroupMembers] Pushed group summary update to user=u128, groupId=13, destination=/topic/user.u128.group-updates, message=GroupSummaryUpdate(groupId=13, latestMessage=this is a demo msg, latestMessageSender=vegeta, latestMessageAt=2026-06-12T12:41:36.434507)
2026-06-12T12:41:36.749+07:00 DEBUG 11675 --- [chat-app] [ummary-update-3] c.h.c.c.CustomRabbitMQBrokerHandler      : Publishing to RabbitMQ: from instance=instance-dev to exchange=chat.user-updates, routingKey=user.u129.group-updates
2026-06-12T12:41:36.749+07:00 DEBUG 11675 --- [chat-app] [ummary-update-3] c.h.c.s.GroupSummaryUpdatePublisher      : [publishToGroupMembers] Pushed group summary update to user=u129, groupId=13, destination=/topic/user.u129.group-updates, message=GroupSummaryUpdate(groupId=13, latestMessage=this is a demo msg, latestMessageSender=vegeta, latestMessageAt=2026-06-12T12:41:36.434507)
2026-06-12T12:41:36.749+07:00 DEBUG 11675 --- [chat-app] [ummary-update-3] c.h.c.c.CustomRabbitMQBrokerHandler      : Publishing to RabbitMQ: from instance=instance-dev to exchange=chat.user-updates, routingKey=user.u130.group-updates
2026-06-12T12:41:36.749+07:00 DEBUG 11675 --- [chat-app] [ummary-update-3] c.h.c.s.GroupSummaryUpdatePublisher      : [publishToGroupMembers] Pushed group summary update to user=u130, groupId=13, destination=/topic/user.u130.group-updates, message=GroupSummaryUpdate(groupId=13, latestMessage=this is a demo msg, latestMessageSender=vegeta, latestMessageAt=2026-06-12T12:41:36.434507)
2026-06-12T12:41:36.749+07:00 DEBUG 11675 --- [chat-app] [ummary-update-3] c.h.c.c.CustomRabbitMQBrokerHandler      : Publishing to RabbitMQ: from instance=instance-dev to exchange=chat.user-updates, routingKey=user.u131.group-updates
2026-06-12T12:41:36.749+07:00 DEBUG 11675 --- [chat-app] [ummary-update-3] c.h.c.s.GroupSummaryUpdatePublisher      : [publishToGroupMembers] Pushed group summary update to user=u131, groupId=13, destination=/topic/user.u131.group-updates, message=GroupSummaryUpdate(groupId=13, latestMessage=this is a demo msg, latestMessageSender=vegeta, latestMessageAt=2026-06-12T12:41:36.434507)
2026-06-12T12:41:36.750+07:00 DEBUG 11675 --- [chat-app] [ummary-update-3] c.h.c.c.CustomRabbitMQBrokerHandler      : Publishing to RabbitMQ: from instance=instance-dev to exchange=chat.user-updates, routingKey=user.u132.group-updates
2026-06-12T12:41:36.750+07:00 DEBUG 11675 --- [chat-app] [ummary-update-3] c.h.c.s.GroupSummaryUpdatePublisher      : [publishToGroupMembers] Pushed group summary update to user=u132, groupId=13, destination=/topic/user.u132.group-updates, message=GroupSummaryUpdate(groupId=13, latestMessage=this is a demo msg, latestMessageSender=vegeta, latestMessageAt=2026-06-12T12:41:36.434507)
2026-06-12T12:41:36.750+07:00 DEBUG 11675 --- [chat-app] [ummary-update-3] c.h.c.c.CustomRabbitMQBrokerHandler      : Publishing to RabbitMQ: from instance=instance-dev to exchange=chat.user-updates, routingKey=user.u133.group-updates
2026-06-12T12:41:36.750+07:00 DEBUG 11675 --- [chat-app] [ummary-update-3] c.h.c.s.GroupSummaryUpdatePublisher      : [publishToGroupMembers] Pushed group summary update to user=u133, groupId=13, destination=/topic/user.u133.group-updates, message=GroupSummaryUpdate(groupId=13, latestMessage=this is a demo msg, latestMessageSender=vegeta, latestMessageAt=2026-06-12T12:41:36.434507)
2026-06-12T12:41:36.751+07:00 DEBUG 11675 --- [chat-app] [ummary-update-3] c.h.c.c.CustomRabbitMQBrokerHandler      : Publishing to RabbitMQ: from instance=instance-dev to exchange=chat.user-updates, routingKey=user.u134.group-updates
2026-06-12T12:41:36.751+07:00 DEBUG 11675 --- [chat-app] [ummary-update-3] c.h.c.s.GroupSummaryUpdatePublisher      : [publishToGroupMembers] Pushed group summary update to user=u134, groupId=13, destination=/topic/user.u134.group-updates, message=GroupSummaryUpdate(groupId=13, latestMessage=this is a demo msg, latestMessageSender=vegeta, latestMessageAt=2026-06-12T12:41:36.434507)
2026-06-12T12:41:36.751+07:00 DEBUG 11675 --- [chat-app] [ummary-update-3] c.h.c.c.CustomRabbitMQBrokerHandler      : Publishing to RabbitMQ: from instance=instance-dev to exchange=chat.user-updates, routingKey=user.u135.group-updates
2026-06-12T12:41:36.751+07:00 DEBUG 11675 --- [chat-app] [ummary-update-3] c.h.c.s.GroupSummaryUpdatePublisher      : [publishToGroupMembers] Pushed group summary update to user=u135, groupId=13, destination=/topic/user.u135.group-updates, message=GroupSummaryUpdate(groupId=13, latestMessage=this is a demo msg, latestMessageSender=vegeta, latestMessageAt=2026-06-12T12:41:36.434507)
2026-06-12T12:41:36.751+07:00 DEBUG 11675 --- [chat-app] [ummary-update-3] c.h.c.c.CustomRabbitMQBrokerHandler      : Publishing to RabbitMQ: from instance=instance-dev to exchange=chat.user-updates, routingKey=user.u136.group-updates
2026-06-12T12:41:36.751+07:00 DEBUG 11675 --- [chat-app] [ummary-update-3] c.h.c.s.GroupSummaryUpdatePublisher      : [publishToGroupMembers] Pushed group summary update to user=u136, groupId=13, destination=/topic/user.u136.group-updates, message=GroupSummaryUpdate(groupId=13, latestMessage=this is a demo msg, latestMessageSender=vegeta, latestMessageAt=2026-06-12T12:41:36.434507)
2026-06-12T12:41:36.751+07:00 DEBUG 11675 --- [chat-app] [ummary-update-3] c.h.c.c.CustomRabbitMQBrokerHandler      : Publishing to RabbitMQ: from instance=instance-dev to exchange=chat.user-updates, routingKey=user.u137.group-updates
2026-06-12T12:41:36.751+07:00 DEBUG 11675 --- [chat-app] [ummary-update-3] c.h.c.s.GroupSummaryUpdatePublisher      : [publishToGroupMembers] Pushed group summary update to user=u137, groupId=13, destination=/topic/user.u137.group-updates, message=GroupSummaryUpdate(groupId=13, latestMessage=this is a demo msg, latestMessageSender=vegeta, latestMessageAt=2026-06-12T12:41:36.434507)
2026-06-12T12:41:36.751+07:00 DEBUG 11675 --- [chat-app] [ummary-update-3] c.h.c.c.CustomRabbitMQBrokerHandler      : Publishing to RabbitMQ: from instance=instance-dev to exchange=chat.user-updates, routingKey=user.u138.group-updates
2026-06-12T12:41:36.752+07:00 DEBUG 11675 --- [chat-app] [ummary-update-3] c.h.c.s.GroupSummaryUpdatePublisher      : [publishToGroupMembers] Pushed group summary update to user=u138, groupId=13, destination=/topic/user.u138.group-updates, message=GroupSummaryUpdate(groupId=13, latestMessage=this is a demo msg, latestMessageSender=vegeta, latestMessageAt=2026-06-12T12:41:36.434507)
2026-06-12T12:41:36.752+07:00 DEBUG 11675 --- [chat-app] [ummary-update-3] c.h.c.c.CustomRabbitMQBrokerHandler      : Publishing to RabbitMQ: from instance=instance-dev to exchange=chat.user-updates, routingKey=user.u139.group-updates
2026-06-12T12:41:36.752+07:00 DEBUG 11675 --- [chat-app] [ummary-update-3] c.h.c.s.GroupSummaryUpdatePublisher      : [publishToGroupMembers] Pushed group summary update to user=u139, groupId=13, destination=/topic/user.u139.group-updates, message=GroupSummaryUpdate(groupId=13, latestMessage=this is a demo msg, latestMessageSender=vegeta, latestMessageAt=2026-06-12T12:41:36.434507)
2026-06-12T12:41:36.752+07:00 DEBUG 11675 --- [chat-app] [ummary-update-3] c.h.c.c.CustomRabbitMQBrokerHandler      : Publishing to RabbitMQ: from instance=instance-dev to exchange=chat.user-updates, routingKey=user.u140.group-updates
2026-06-12T12:41:36.752+07:00 DEBUG 11675 --- [chat-app] [ummary-update-3] c.h.c.s.GroupSummaryUpdatePublisher      : [publishToGroupMembers] Pushed group summary update to user=u140, groupId=13, destination=/topic/user.u140.group-updates, message=GroupSummaryUpdate(groupId=13, latestMessage=this is a demo msg, latestMessageSender=vegeta, latestMessageAt=2026-06-12T12:41:36.434507)
2026-06-12T12:41:36.752+07:00 DEBUG 11675 --- [chat-app] [ummary-update-3] c.h.c.c.CustomRabbitMQBrokerHandler      : Publishing to RabbitMQ: from instance=instance-dev to exchange=chat.user-updates, routingKey=user.u141.group-updates
2026-06-12T12:41:36.752+07:00 DEBUG 11675 --- [chat-app] [ummary-update-3] c.h.c.s.GroupSummaryUpdatePublisher      : [publishToGroupMembers] Pushed group summary update to user=u141, groupId=13, destination=/topic/user.u141.group-updates, message=GroupSummaryUpdate(groupId=13, latestMessage=this is a demo msg, latestMessageSender=vegeta, latestMessageAt=2026-06-12T12:41:36.434507)
2026-06-12T12:41:36.752+07:00 DEBUG 11675 --- [chat-app] [ummary-update-3] c.h.c.c.CustomRabbitMQBrokerHandler      : Publishing to RabbitMQ: from instance=instance-dev to exchange=chat.user-updates, routingKey=user.u142.group-updates
2026-06-12T12:41:36.752+07:00 DEBUG 11675 --- [chat-app] [ummary-update-3] c.h.c.s.GroupSummaryUpdatePublisher      : [publishToGroupMembers] Pushed group summary update to user=u142, groupId=13, destination=/topic/user.u142.group-updates, message=GroupSummaryUpdate(groupId=13, latestMessage=this is a demo msg, latestMessageSender=vegeta, latestMessageAt=2026-06-12T12:41:36.434507)
2026-06-12T12:41:36.752+07:00 DEBUG 11675 --- [chat-app] [ummary-update-3] c.h.c.c.CustomRabbitMQBrokerHandler      : Publishing to RabbitMQ: from instance=instance-dev to exchange=chat.user-updates, routingKey=user.u143.group-updates
2026-06-12T12:41:36.753+07:00 DEBUG 11675 --- [chat-app] [ummary-update-3] c.h.c.s.GroupSummaryUpdatePublisher      : [publishToGroupMembers] Pushed group summary update to user=u143, groupId=13, destination=/topic/user.u143.group-updates, message=GroupSummaryUpdate(groupId=13, latestMessage=this is a demo msg, latestMessageSender=vegeta, latestMessageAt=2026-06-12T12:41:36.434507)
2026-06-12T12:41:36.753+07:00 DEBUG 11675 --- [chat-app] [ummary-update-3] c.h.c.c.CustomRabbitMQBrokerHandler      : Publishing to RabbitMQ: from instance=instance-dev to exchange=chat.user-updates, routingKey=user.u144.group-updates
2026-06-12T12:41:36.753+07:00 DEBUG 11675 --- [chat-app] [ummary-update-3] c.h.c.s.GroupSummaryUpdatePublisher      : [publishToGroupMembers] Pushed group summary update to user=u144, groupId=13, destination=/topic/user.u144.group-updates, message=GroupSummaryUpdate(groupId=13, latestMessage=this is a demo msg, latestMessageSender=vegeta, latestMessageAt=2026-06-12T12:41:36.434507)
2026-06-12T12:41:36.753+07:00 DEBUG 11675 --- [chat-app] [ummary-update-3] c.h.c.c.CustomRabbitMQBrokerHandler      : Publishing to RabbitMQ: from instance=instance-dev to exchange=chat.user-updates, routingKey=user.u145.group-updates
2026-06-12T12:41:36.753+07:00 DEBUG 11675 --- [chat-app] [ummary-update-3] c.h.c.s.GroupSummaryUpdatePublisher      : [publishToGroupMembers] Pushed group summary update to user=u145, groupId=13, destination=/topic/user.u145.group-updates, message=GroupSummaryUpdate(groupId=13, latestMessage=this is a demo msg, latestMessageSender=vegeta, latestMessageAt=2026-06-12T12:41:36.434507)
2026-06-12T12:41:36.753+07:00 DEBUG 11675 --- [chat-app] [ummary-update-3] c.h.c.c.CustomRabbitMQBrokerHandler      : Publishing to RabbitMQ: from instance=instance-dev to exchange=chat.user-updates, routingKey=user.u146.group-updates
2026-06-12T12:41:36.753+07:00 DEBUG 11675 --- [chat-app] [ummary-update-3] c.h.c.s.GroupSummaryUpdatePublisher      : [publishToGroupMembers] Pushed group summary update to user=u146, groupId=13, destination=/topic/user.u146.group-updates, message=GroupSummaryUpdate(groupId=13, latestMessage=this is a demo msg, latestMessageSender=vegeta, latestMessageAt=2026-06-12T12:41:36.434507)
2026-06-12T12:41:36.753+07:00 DEBUG 11675 --- [chat-app] [ummary-update-3] c.h.c.c.CustomRabbitMQBrokerHandler      : Publishing to RabbitMQ: from instance=instance-dev to exchange=chat.user-updates, routingKey=user.u147.group-updates
2026-06-12T12:41:36.753+07:00 DEBUG 11675 --- [chat-app] [ummary-update-3] c.h.c.s.GroupSummaryUpdatePublisher      : [publishToGroupMembers] Pushed group summary update to user=u147, groupId=13, destination=/topic/user.u147.group-updates, message=GroupSummaryUpdate(groupId=13, latestMessage=this is a demo msg, latestMessageSender=vegeta, latestMessageAt=2026-06-12T12:41:36.434507)
2026-06-12T12:41:36.753+07:00 DEBUG 11675 --- [chat-app] [ummary-update-3] c.h.c.c.CustomRabbitMQBrokerHandler      : Publishing to RabbitMQ: from instance=instance-dev to exchange=chat.user-updates, routingKey=user.u148.group-updates
2026-06-12T12:41:36.753+07:00 DEBUG 11675 --- [chat-app] [ummary-update-3] c.h.c.s.GroupSummaryUpdatePublisher      : [publishToGroupMembers] Pushed group summary update to user=u148, groupId=13, destination=/topic/user.u148.group-updates, message=GroupSummaryUpdate(groupId=13, latestMessage=this is a demo msg, latestMessageSender=vegeta, latestMessageAt=2026-06-12T12:41:36.434507)
2026-06-12T12:41:36.754+07:00 DEBUG 11675 --- [chat-app] [ummary-update-3] c.h.c.c.CustomRabbitMQBrokerHandler      : Publishing to RabbitMQ: from instance=instance-dev to exchange=chat.user-updates, routingKey=user.u149.group-updates
2026-06-12T12:41:36.754+07:00 DEBUG 11675 --- [chat-app] [ummary-update-3] c.h.c.s.GroupSummaryUpdatePublisher      : [publishToGroupMembers] Pushed group summary update to user=u149, groupId=13, destination=/topic/user.u149.group-updates, message=GroupSummaryUpdate(groupId=13, latestMessage=this is a demo msg, latestMessageSender=vegeta, latestMessageAt=2026-06-12T12:41:36.434507)
2026-06-12T12:41:36.754+07:00 DEBUG 11675 --- [chat-app] [ummary-update-3] c.h.c.c.CustomRabbitMQBrokerHandler      : Publishing to RabbitMQ: from instance=instance-dev to exchange=chat.user-updates, routingKey=user.u150.group-updates
2026-06-12T12:41:36.754+07:00 DEBUG 11675 --- [chat-app] [ummary-update-3] c.h.c.s.GroupSummaryUpdatePublisher      : [publishToGroupMembers] Pushed group summary update to user=u150, groupId=13, destination=/topic/user.u150.group-updates, message=GroupSummaryUpdate(groupId=13, latestMessage=this is a demo msg, latestMessageSender=vegeta, latestMessageAt=2026-06-12T12:41:36.434507)
2026-06-12T12:41:36.754+07:00 DEBUG 11675 --- [chat-app] [ummary-update-3] c.h.c.c.CustomRabbitMQBrokerHandler      : Publishing to RabbitMQ: from instance=instance-dev to exchange=chat.user-updates, routingKey=user.u151.group-updates
2026-06-12T12:41:36.754+07:00 DEBUG 11675 --- [chat-app] [ummary-update-3] c.h.c.s.GroupSummaryUpdatePublisher      : [publishToGroupMembers] Pushed group summary update to user=u151, groupId=13, destination=/topic/user.u151.group-updates, message=GroupSummaryUpdate(groupId=13, latestMessage=this is a demo msg, latestMessageSender=vegeta, latestMessageAt=2026-06-12T12:41:36.434507)
2026-06-12T12:41:36.754+07:00 DEBUG 11675 --- [chat-app] [ummary-update-3] c.h.c.c.CustomRabbitMQBrokerHandler      : Publishing to RabbitMQ: from instance=instance-dev to exchange=chat.user-updates, routingKey=user.u152.group-updates
2026-06-12T12:41:36.754+07:00 DEBUG 11675 --- [chat-app] [ummary-update-3] c.h.c.s.GroupSummaryUpdatePublisher      : [publishToGroupMembers] Pushed group summary update to user=u152, groupId=13, destination=/topic/user.u152.group-updates, message=GroupSummaryUpdate(groupId=13, latestMessage=this is a demo msg, latestMessageSender=vegeta, latestMessageAt=2026-06-12T12:41:36.434507)
2026-06-12T12:41:36.754+07:00 DEBUG 11675 --- [chat-app] [ummary-update-3] c.h.c.c.CustomRabbitMQBrokerHandler      : Publishing to RabbitMQ: from instance=instance-dev to exchange=chat.user-updates, routingKey=user.u153.group-updates
2026-06-12T12:41:36.754+07:00 DEBUG 11675 --- [chat-app] [ummary-update-3] c.h.c.s.GroupSummaryUpdatePublisher      : [publishToGroupMembers] Pushed group summary update to user=u153, groupId=13, destination=/topic/user.u153.group-updates, message=GroupSummaryUpdate(groupId=13, latestMessage=this is a demo msg, latestMessageSender=vegeta, latestMessageAt=2026-06-12T12:41:36.434507)
2026-06-12T12:41:36.754+07:00 DEBUG 11675 --- [chat-app] [ummary-update-3] c.h.c.c.CustomRabbitMQBrokerHandler      : Publishing to RabbitMQ: from instance=instance-dev to exchange=chat.user-updates, routingKey=user.u154.group-updates
2026-06-12T12:41:36.754+07:00 DEBUG 11675 --- [chat-app] [ummary-update-3] c.h.c.s.GroupSummaryUpdatePublisher      : [publishToGroupMembers] Pushed group summary update to user=u154, groupId=13, destination=/topic/user.u154.group-updates, message=GroupSummaryUpdate(groupId=13, latestMessage=this is a demo msg, latestMessageSender=vegeta, latestMessageAt=2026-06-12T12:41:36.434507)
2026-06-12T12:41:36.754+07:00 DEBUG 11675 --- [chat-app] [ummary-update-3] c.h.c.c.CustomRabbitMQBrokerHandler      : Publishing to RabbitMQ: from instance=instance-dev to exchange=chat.user-updates, routingKey=user.u155.group-updates
2026-06-12T12:41:36.754+07:00 DEBUG 11675 --- [chat-app] [ummary-update-3] c.h.c.s.GroupSummaryUpdatePublisher      : [publishToGroupMembers] Pushed group summary update to user=u155, groupId=13, destination=/topic/user.u155.group-updates, message=GroupSummaryUpdate(groupId=13, latestMessage=this is a demo msg, latestMessageSender=vegeta, latestMessageAt=2026-06-12T12:41:36.434507)
2026-06-12T12:41:36.754+07:00 DEBUG 11675 --- [chat-app] [ummary-update-3] c.h.c.c.CustomRabbitMQBrokerHandler      : Publishing to RabbitMQ: from instance=instance-dev to exchange=chat.user-updates, routingKey=user.u156.group-updates
2026-06-12T12:41:36.754+07:00 DEBUG 11675 --- [chat-app] [ummary-update-3] c.h.c.s.GroupSummaryUpdatePublisher      : [publishToGroupMembers] Pushed group summary update to user=u156, groupId=13, destination=/topic/user.u156.group-updates, message=GroupSummaryUpdate(groupId=13, latestMessage=this is a demo msg, latestMessageSender=vegeta, latestMessageAt=2026-06-12T12:41:36.434507)
2026-06-12T12:41:36.754+07:00 DEBUG 11675 --- [chat-app] [ummary-update-3] c.h.c.c.CustomRabbitMQBrokerHandler      : Publishing to RabbitMQ: from instance=instance-dev to exchange=chat.user-updates, routingKey=user.u157.group-updates
2026-06-12T12:41:36.754+07:00 DEBUG 11675 --- [chat-app] [ummary-update-3] c.h.c.s.GroupSummaryUpdatePublisher      : [publishToGroupMembers] Pushed group summary update to user=u157, groupId=13, destination=/topic/user.u157.group-updates, message=GroupSummaryUpdate(groupId=13, latestMessage=this is a demo msg, latestMessageSender=vegeta, latestMessageAt=2026-06-12T12:41:36.434507)
2026-06-12T12:41:36.754+07:00 DEBUG 11675 --- [chat-app] [ummary-update-3] c.h.c.c.CustomRabbitMQBrokerHandler      : Publishing to RabbitMQ: from instance=instance-dev to exchange=chat.user-updates, routingKey=user.u158.group-updates
2026-06-12T12:41:36.755+07:00 DEBUG 11675 --- [chat-app] [ummary-update-3] c.h.c.s.GroupSummaryUpdatePublisher      : [publishToGroupMembers] Pushed group summary update to user=u158, groupId=13, destination=/topic/user.u158.group-updates, message=GroupSummaryUpdate(groupId=13, latestMessage=this is a demo msg, latestMessageSender=vegeta, latestMessageAt=2026-06-12T12:41:36.434507)
2026-06-12T12:41:36.755+07:00 DEBUG 11675 --- [chat-app] [ummary-update-3] c.h.c.c.CustomRabbitMQBrokerHandler      : Publishing to RabbitMQ: from instance=instance-dev to exchange=chat.user-updates, routingKey=user.u159.group-updates
2026-06-12T12:41:36.755+07:00 DEBUG 11675 --- [chat-app] [ummary-update-3] c.h.c.s.GroupSummaryUpdatePublisher      : [publishToGroupMembers] Pushed group summary update to user=u159, groupId=13, destination=/topic/user.u159.group-updates, message=GroupSummaryUpdate(groupId=13, latestMessage=this is a demo msg, latestMessageSender=vegeta, latestMessageAt=2026-06-12T12:41:36.434507)
2026-06-12T12:41:36.755+07:00 DEBUG 11675 --- [chat-app] [ummary-update-3] c.h.c.c.CustomRabbitMQBrokerHandler      : Publishing to RabbitMQ: from instance=instance-dev to exchange=chat.user-updates, routingKey=user.u160.group-updates
2026-06-12T12:41:36.755+07:00 DEBUG 11675 --- [chat-app] [ummary-update-3] c.h.c.s.GroupSummaryUpdatePublisher      : [publishToGroupMembers] Pushed group summary update to user=u160, groupId=13, destination=/topic/user.u160.group-updates, message=GroupSummaryUpdate(groupId=13, latestMessage=this is a demo msg, latestMessageSender=vegeta, latestMessageAt=2026-06-12T12:41:36.434507)
2026-06-12T12:41:36.755+07:00 DEBUG 11675 --- [chat-app] [ummary-update-3] c.h.c.c.CustomRabbitMQBrokerHandler      : Publishing to RabbitMQ: from instance=instance-dev to exchange=chat.user-updates, routingKey=user.u161.group-updates
2026-06-12T12:41:36.755+07:00 DEBUG 11675 --- [chat-app] [ummary-update-3] c.h.c.s.GroupSummaryUpdatePublisher      : [publishToGroupMembers] Pushed group summary update to user=u161, groupId=13, destination=/topic/user.u161.group-updates, message=GroupSummaryUpdate(groupId=13, latestMessage=this is a demo msg, latestMessageSender=vegeta, latestMessageAt=2026-06-12T12:41:36.434507)
2026-06-12T12:41:36.755+07:00 DEBUG 11675 --- [chat-app] [ummary-update-3] c.h.c.c.CustomRabbitMQBrokerHandler      : Publishing to RabbitMQ: from instance=instance-dev to exchange=chat.user-updates, routingKey=user.u162.group-updates
2026-06-12T12:41:36.755+07:00 DEBUG 11675 --- [chat-app] [ummary-update-3] c.h.c.s.GroupSummaryUpdatePublisher      : [publishToGroupMembers] Pushed group summary update to user=u162, groupId=13, destination=/topic/user.u162.group-updates, message=GroupSummaryUpdate(groupId=13, latestMessage=this is a demo msg, latestMessageSender=vegeta, latestMessageAt=2026-06-12T12:41:36.434507)
2026-06-12T12:41:36.755+07:00 DEBUG 11675 --- [chat-app] [ummary-update-3] c.h.c.c.CustomRabbitMQBrokerHandler      : Publishing to RabbitMQ: from instance=instance-dev to exchange=chat.user-updates, routingKey=user.u163.group-updates
2026-06-12T12:41:36.756+07:00 DEBUG 11675 --- [chat-app] [ummary-update-3] c.h.c.s.GroupSummaryUpdatePublisher      : [publishToGroupMembers] Pushed group summary update to user=u163, groupId=13, destination=/topic/user.u163.group-updates, message=GroupSummaryUpdate(groupId=13, latestMessage=this is a demo msg, latestMessageSender=vegeta, latestMessageAt=2026-06-12T12:41:36.434507)
2026-06-12T12:41:36.756+07:00 DEBUG 11675 --- [chat-app] [ummary-update-3] c.h.c.c.CustomRabbitMQBrokerHandler      : Publishing to RabbitMQ: from instance=instance-dev to exchange=chat.user-updates, routingKey=user.u164.group-updates
2026-06-12T12:41:36.756+07:00 DEBUG 11675 --- [chat-app] [ummary-update-3] c.h.c.s.GroupSummaryUpdatePublisher      : [publishToGroupMembers] Pushed group summary update to user=u164, groupId=13, destination=/topic/user.u164.group-updates, message=GroupSummaryUpdate(groupId=13, latestMessage=this is a demo msg, latestMessageSender=vegeta, latestMessageAt=2026-06-12T12:41:36.434507)
2026-06-12T12:41:36.756+07:00 DEBUG 11675 --- [chat-app] [ummary-update-3] c.h.c.c.CustomRabbitMQBrokerHandler      : Publishing to RabbitMQ: from instance=instance-dev to exchange=chat.user-updates, routingKey=user.u165.group-updates
2026-06-12T12:41:36.756+07:00 DEBUG 11675 --- [chat-app] [ummary-update-3] c.h.c.s.GroupSummaryUpdatePublisher      : [publishToGroupMembers] Pushed group summary update to user=u165, groupId=13, destination=/topic/user.u165.group-updates, message=GroupSummaryUpdate(groupId=13, latestMessage=this is a demo msg, latestMessageSender=vegeta, latestMessageAt=2026-06-12T12:41:36.434507)
2026-06-12T12:41:36.756+07:00 DEBUG 11675 --- [chat-app] [ummary-update-3] c.h.c.c.CustomRabbitMQBrokerHandler      : Publishing to RabbitMQ: from instance=instance-dev to exchange=chat.user-updates, routingKey=user.u166.group-updates
2026-06-12T12:41:36.756+07:00 DEBUG 11675 --- [chat-app] [ummary-update-3] c.h.c.s.GroupSummaryUpdatePublisher      : [publishToGroupMembers] Pushed group summary update to user=u166, groupId=13, destination=/topic/user.u166.group-updates, message=GroupSummaryUpdate(groupId=13, latestMessage=this is a demo msg, latestMessageSender=vegeta, latestMessageAt=2026-06-12T12:41:36.434507)
2026-06-12T12:41:36.756+07:00 DEBUG 11675 --- [chat-app] [ummary-update-3] c.h.c.c.CustomRabbitMQBrokerHandler      : Publishing to RabbitMQ: from instance=instance-dev to exchange=chat.user-updates, routingKey=user.u167.group-updates
2026-06-12T12:41:36.756+07:00 DEBUG 11675 --- [chat-app] [ummary-update-3] c.h.c.s.GroupSummaryUpdatePublisher      : [publishToGroupMembers] Pushed group summary update to user=u167, groupId=13, destination=/topic/user.u167.group-updates, message=GroupSummaryUpdate(groupId=13, latestMessage=this is a demo msg, latestMessageSender=vegeta, latestMessageAt=2026-06-12T12:41:36.434507)
2026-06-12T12:41:36.756+07:00 DEBUG 11675 --- [chat-app] [ummary-update-3] c.h.c.c.CustomRabbitMQBrokerHandler      : Publishing to RabbitMQ: from instance=instance-dev to exchange=chat.user-updates, routingKey=user.u168.group-updates
2026-06-12T12:41:36.756+07:00 DEBUG 11675 --- [chat-app] [ummary-update-3] c.h.c.s.GroupSummaryUpdatePublisher      : [publishToGroupMembers] Pushed group summary update to user=u168, groupId=13, destination=/topic/user.u168.group-updates, message=GroupSummaryUpdate(groupId=13, latestMessage=this is a demo msg, latestMessageSender=vegeta, latestMessageAt=2026-06-12T12:41:36.434507)
2026-06-12T12:41:36.756+07:00 DEBUG 11675 --- [chat-app] [ummary-update-3] c.h.c.c.CustomRabbitMQBrokerHandler      : Publishing to RabbitMQ: from instance=instance-dev to exchange=chat.user-updates, routingKey=user.u169.group-updates
2026-06-12T12:41:36.756+07:00 DEBUG 11675 --- [chat-app] [ummary-update-3] c.h.c.s.GroupSummaryUpdatePublisher      : [publishToGroupMembers] Pushed group summary update to user=u169, groupId=13, destination=/topic/user.u169.group-updates, message=GroupSummaryUpdate(groupId=13, latestMessage=this is a demo msg, latestMessageSender=vegeta, latestMessageAt=2026-06-12T12:41:36.434507)
2026-06-12T12:41:36.756+07:00 DEBUG 11675 --- [chat-app] [ummary-update-3] c.h.c.c.CustomRabbitMQBrokerHandler      : Publishing to RabbitMQ: from instance=instance-dev to exchange=chat.user-updates, routingKey=user.u170.group-updates
2026-06-12T12:41:36.756+07:00 DEBUG 11675 --- [chat-app] [ummary-update-3] c.h.c.s.GroupSummaryUpdatePublisher      : [publishToGroupMembers] Pushed group summary update to user=u170, groupId=13, destination=/topic/user.u170.group-updates, message=GroupSummaryUpdate(groupId=13, latestMessage=this is a demo msg, latestMessageSender=vegeta, latestMessageAt=2026-06-12T12:41:36.434507)
2026-06-12T12:41:36.757+07:00 DEBUG 11675 --- [chat-app] [ummary-update-3] c.h.c.c.CustomRabbitMQBrokerHandler      : Publishing to RabbitMQ: from instance=instance-dev to exchange=chat.user-updates, routingKey=user.u171.group-updates
2026-06-12T12:41:36.757+07:00 DEBUG 11675 --- [chat-app] [ummary-update-3] c.h.c.s.GroupSummaryUpdatePublisher      : [publishToGroupMembers] Pushed group summary update to user=u171, groupId=13, destination=/topic/user.u171.group-updates, message=GroupSummaryUpdate(groupId=13, latestMessage=this is a demo msg, latestMessageSender=vegeta, latestMessageAt=2026-06-12T12:41:36.434507)
2026-06-12T12:41:36.757+07:00 DEBUG 11675 --- [chat-app] [ummary-update-3] c.h.c.c.CustomRabbitMQBrokerHandler      : Publishing to RabbitMQ: from instance=instance-dev to exchange=chat.user-updates, routingKey=user.u172.group-updates
2026-06-12T12:41:36.757+07:00 DEBUG 11675 --- [chat-app] [ummary-update-3] c.h.c.s.GroupSummaryUpdatePublisher      : [publishToGroupMembers] Pushed group summary update to user=u172, groupId=13, destination=/topic/user.u172.group-updates, message=GroupSummaryUpdate(groupId=13, latestMessage=this is a demo msg, latestMessageSender=vegeta, latestMessageAt=2026-06-12T12:41:36.434507)
2026-06-12T12:41:36.757+07:00 DEBUG 11675 --- [chat-app] [ummary-update-3] c.h.c.c.CustomRabbitMQBrokerHandler      : Publishing to RabbitMQ: from instance=instance-dev to exchange=chat.user-updates, routingKey=user.u173.group-updates
2026-06-12T12:41:36.757+07:00 DEBUG 11675 --- [chat-app] [ummary-update-3] c.h.c.s.GroupSummaryUpdatePublisher      : [publishToGroupMembers] Pushed group summary update to user=u173, groupId=13, destination=/topic/user.u173.group-updates, message=GroupSummaryUpdate(groupId=13, latestMessage=this is a demo msg, latestMessageSender=vegeta, latestMessageAt=2026-06-12T12:41:36.434507)
2026-06-12T12:41:36.757+07:00 DEBUG 11675 --- [chat-app] [ummary-update-3] c.h.c.c.CustomRabbitMQBrokerHandler      : Publishing to RabbitMQ: from instance=instance-dev to exchange=chat.user-updates, routingKey=user.u174.group-updates
2026-06-12T12:41:36.757+07:00 DEBUG 11675 --- [chat-app] [ummary-update-3] c.h.c.s.GroupSummaryUpdatePublisher      : [publishToGroupMembers] Pushed group summary update to user=u174, groupId=13, destination=/topic/user.u174.group-updates, message=GroupSummaryUpdate(groupId=13, latestMessage=this is a demo msg, latestMessageSender=vegeta, latestMessageAt=2026-06-12T12:41:36.434507)
2026-06-12T12:41:36.757+07:00 DEBUG 11675 --- [chat-app] [ummary-update-3] c.h.c.c.CustomRabbitMQBrokerHandler      : Publishing to RabbitMQ: from instance=instance-dev to exchange=chat.user-updates, routingKey=user.u175.group-updates
2026-06-12T12:41:36.758+07:00 DEBUG 11675 --- [chat-app] [ummary-update-3] c.h.c.s.GroupSummaryUpdatePublisher      : [publishToGroupMembers] Pushed group summary update to user=u175, groupId=13, destination=/topic/user.u175.group-updates, message=GroupSummaryUpdate(groupId=13, latestMessage=this is a demo msg, latestMessageSender=vegeta, latestMessageAt=2026-06-12T12:41:36.434507)
2026-06-12T12:41:36.758+07:00 DEBUG 11675 --- [chat-app] [ummary-update-3] c.h.c.c.CustomRabbitMQBrokerHandler      : Publishing to RabbitMQ: from instance=instance-dev to exchange=chat.user-updates, routingKey=user.u176.group-updates
2026-06-12T12:41:36.758+07:00 DEBUG 11675 --- [chat-app] [ummary-update-3] c.h.c.s.GroupSummaryUpdatePublisher      : [publishToGroupMembers] Pushed group summary update to user=u176, groupId=13, destination=/topic/user.u176.group-updates, message=GroupSummaryUpdate(groupId=13, latestMessage=this is a demo msg, latestMessageSender=vegeta, latestMessageAt=2026-06-12T12:41:36.434507)
2026-06-12T12:41:36.758+07:00 DEBUG 11675 --- [chat-app] [ummary-update-3] c.h.c.c.CustomRabbitMQBrokerHandler      : Publishing to RabbitMQ: from instance=instance-dev to exchange=chat.user-updates, routingKey=user.u177.group-updates
2026-06-12T12:41:36.758+07:00 DEBUG 11675 --- [chat-app] [ummary-update-3] c.h.c.s.GroupSummaryUpdatePublisher      : [publishToGroupMembers] Pushed group summary update to user=u177, groupId=13, destination=/topic/user.u177.group-updates, message=GroupSummaryUpdate(groupId=13, latestMessage=this is a demo msg, latestMessageSender=vegeta, latestMessageAt=2026-06-12T12:41:36.434507)
2026-06-12T12:41:36.758+07:00 DEBUG 11675 --- [chat-app] [ummary-update-3] c.h.c.c.CustomRabbitMQBrokerHandler      : Publishing to RabbitMQ: from instance=instance-dev to exchange=chat.user-updates, routingKey=user.u178.group-updates
2026-06-12T12:41:36.758+07:00 DEBUG 11675 --- [chat-app] [ummary-update-3] c.h.c.s.GroupSummaryUpdatePublisher      : [publishToGroupMembers] Pushed group summary update to user=u178, groupId=13, destination=/topic/user.u178.group-updates, message=GroupSummaryUpdate(groupId=13, latestMessage=this is a demo msg, latestMessageSender=vegeta, latestMessageAt=2026-06-12T12:41:36.434507)
2026-06-12T12:41:36.758+07:00 DEBUG 11675 --- [chat-app] [ummary-update-3] c.h.c.c.CustomRabbitMQBrokerHandler      : Publishing to RabbitMQ: from instance=instance-dev to exchange=chat.user-updates, routingKey=user.u179.group-updates
2026-06-12T12:41:36.758+07:00 DEBUG 11675 --- [chat-app] [ummary-update-3] c.h.c.s.GroupSummaryUpdatePublisher      : [publishToGroupMembers] Pushed group summary update to user=u179, groupId=13, destination=/topic/user.u179.group-updates, message=GroupSummaryUpdate(groupId=13, latestMessage=this is a demo msg, latestMessageSender=vegeta, latestMessageAt=2026-06-12T12:41:36.434507)
2026-06-12T12:41:36.758+07:00 DEBUG 11675 --- [chat-app] [ummary-update-3] c.h.c.c.CustomRabbitMQBrokerHandler      : Publishing to RabbitMQ: from instance=instance-dev to exchange=chat.user-updates, routingKey=user.u180.group-updates
2026-06-12T12:41:36.758+07:00 DEBUG 11675 --- [chat-app] [ummary-update-3] c.h.c.s.GroupSummaryUpdatePublisher      : [publishToGroupMembers] Pushed group summary update to user=u180, groupId=13, destination=/topic/user.u180.group-updates, message=GroupSummaryUpdate(groupId=13, latestMessage=this is a demo msg, latestMessageSender=vegeta, latestMessageAt=2026-06-12T12:41:36.434507)
2026-06-12T12:41:36.758+07:00 DEBUG 11675 --- [chat-app] [ummary-update-3] c.h.c.c.CustomRabbitMQBrokerHandler      : Publishing to RabbitMQ: from instance=instance-dev to exchange=chat.user-updates, routingKey=user.u181.group-updates
2026-06-12T12:41:36.758+07:00 DEBUG 11675 --- [chat-app] [ummary-update-3] c.h.c.s.GroupSummaryUpdatePublisher      : [publishToGroupMembers] Pushed group summary update to user=u181, groupId=13, destination=/topic/user.u181.group-updates, message=GroupSummaryUpdate(groupId=13, latestMessage=this is a demo msg, latestMessageSender=vegeta, latestMessageAt=2026-06-12T12:41:36.434507)
2026-06-12T12:41:36.759+07:00 DEBUG 11675 --- [chat-app] [ummary-update-3] c.h.c.c.CustomRabbitMQBrokerHandler      : Publishing to RabbitMQ: from instance=instance-dev to exchange=chat.user-updates, routingKey=user.u182.group-updates
2026-06-12T12:41:36.759+07:00 DEBUG 11675 --- [chat-app] [ummary-update-3] c.h.c.s.GroupSummaryUpdatePublisher      : [publishToGroupMembers] Pushed group summary update to user=u182, groupId=13, destination=/topic/user.u182.group-updates, message=GroupSummaryUpdate(groupId=13, latestMessage=this is a demo msg, latestMessageSender=vegeta, latestMessageAt=2026-06-12T12:41:36.434507)
2026-06-12T12:41:36.759+07:00 DEBUG 11675 --- [chat-app] [ummary-update-3] c.h.c.c.CustomRabbitMQBrokerHandler      : Publishing to RabbitMQ: from instance=instance-dev to exchange=chat.user-updates, routingKey=user.u183.group-updates
2026-06-12T12:41:36.759+07:00 DEBUG 11675 --- [chat-app] [ummary-update-3] c.h.c.s.GroupSummaryUpdatePublisher      : [publishToGroupMembers] Pushed group summary update to user=u183, groupId=13, destination=/topic/user.u183.group-updates, message=GroupSummaryUpdate(groupId=13, latestMessage=this is a demo msg, latestMessageSender=vegeta, latestMessageAt=2026-06-12T12:41:36.434507)
2026-06-12T12:41:36.759+07:00 DEBUG 11675 --- [chat-app] [ummary-update-3] c.h.c.c.CustomRabbitMQBrokerHandler      : Publishing to RabbitMQ: from instance=instance-dev to exchange=chat.user-updates, routingKey=user.u184.group-updates
2026-06-12T12:41:36.759+07:00 DEBUG 11675 --- [chat-app] [ummary-update-3] c.h.c.s.GroupSummaryUpdatePublisher      : [publishToGroupMembers] Pushed group summary update to user=u184, groupId=13, destination=/topic/user.u184.group-updates, message=GroupSummaryUpdate(groupId=13, latestMessage=this is a demo msg, latestMessageSender=vegeta, latestMessageAt=2026-06-12T12:41:36.434507)
2026-06-12T12:41:36.759+07:00 DEBUG 11675 --- [chat-app] [ummary-update-3] c.h.c.c.CustomRabbitMQBrokerHandler      : Publishing to RabbitMQ: from instance=instance-dev to exchange=chat.user-updates, routingKey=user.u185.group-updates
2026-06-12T12:41:36.759+07:00 DEBUG 11675 --- [chat-app] [ummary-update-3] c.h.c.s.GroupSummaryUpdatePublisher      : [publishToGroupMembers] Pushed group summary update to user=u185, groupId=13, destination=/topic/user.u185.group-updates, message=GroupSummaryUpdate(groupId=13, latestMessage=this is a demo msg, latestMessageSender=vegeta, latestMessageAt=2026-06-12T12:41:36.434507)
2026-06-12T12:41:36.759+07:00 DEBUG 11675 --- [chat-app] [ummary-update-3] c.h.c.c.CustomRabbitMQBrokerHandler      : Publishing to RabbitMQ: from instance=instance-dev to exchange=chat.user-updates, routingKey=user.u186.group-updates
2026-06-12T12:41:36.760+07:00 DEBUG 11675 --- [chat-app] [ummary-update-3] c.h.c.s.GroupSummaryUpdatePublisher      : [publishToGroupMembers] Pushed group summary update to user=u186, groupId=13, destination=/topic/user.u186.group-updates, message=GroupSummaryUpdate(groupId=13, latestMessage=this is a demo msg, latestMessageSender=vegeta, latestMessageAt=2026-06-12T12:41:36.434507)
2026-06-12T12:41:36.761+07:00 DEBUG 11675 --- [chat-app] [ummary-update-3] c.h.c.c.CustomRabbitMQBrokerHandler      : Publishing to RabbitMQ: from instance=instance-dev to exchange=chat.user-updates, routingKey=user.u187.group-updates
2026-06-12T12:41:36.761+07:00 DEBUG 11675 --- [chat-app] [ummary-update-3] c.h.c.s.GroupSummaryUpdatePublisher      : [publishToGroupMembers] Pushed group summary update to user=u187, groupId=13, destination=/topic/user.u187.group-updates, message=GroupSummaryUpdate(groupId=13, latestMessage=this is a demo msg, latestMessageSender=vegeta, latestMessageAt=2026-06-12T12:41:36.434507)
2026-06-12T12:41:36.761+07:00 DEBUG 11675 --- [chat-app] [ummary-update-3] c.h.c.c.CustomRabbitMQBrokerHandler      : Publishing to RabbitMQ: from instance=instance-dev to exchange=chat.user-updates, routingKey=user.u188.group-updates
2026-06-12T12:41:36.761+07:00 DEBUG 11675 --- [chat-app] [ummary-update-3] c.h.c.s.GroupSummaryUpdatePublisher      : [publishToGroupMembers] Pushed group summary update to user=u188, groupId=13, destination=/topic/user.u188.group-updates, message=GroupSummaryUpdate(groupId=13, latestMessage=this is a demo msg, latestMessageSender=vegeta, latestMessageAt=2026-06-12T12:41:36.434507)
2026-06-12T12:41:36.761+07:00 DEBUG 11675 --- [chat-app] [ummary-update-3] c.h.c.c.CustomRabbitMQBrokerHandler      : Publishing to RabbitMQ: from instance=instance-dev to exchange=chat.user-updates, routingKey=user.u189.group-updates
2026-06-12T12:41:36.762+07:00 DEBUG 11675 --- [chat-app] [ummary-update-3] c.h.c.s.GroupSummaryUpdatePublisher      : [publishToGroupMembers] Pushed group summary update to user=u189, groupId=13, destination=/topic/user.u189.group-updates, message=GroupSummaryUpdate(groupId=13, latestMessage=this is a demo msg, latestMessageSender=vegeta, latestMessageAt=2026-06-12T12:41:36.434507)
2026-06-12T12:41:36.762+07:00 DEBUG 11675 --- [chat-app] [ummary-update-3] c.h.c.c.CustomRabbitMQBrokerHandler      : Publishing to RabbitMQ: from instance=instance-dev to exchange=chat.user-updates, routingKey=user.u190.group-updates
2026-06-12T12:41:36.762+07:00 DEBUG 11675 --- [chat-app] [ummary-update-3] c.h.c.s.GroupSummaryUpdatePublisher      : [publishToGroupMembers] Pushed group summary update to user=u190, groupId=13, destination=/topic/user.u190.group-updates, message=GroupSummaryUpdate(groupId=13, latestMessage=this is a demo msg, latestMessageSender=vegeta, latestMessageAt=2026-06-12T12:41:36.434507)
2026-06-12T12:41:36.762+07:00 DEBUG 11675 --- [chat-app] [ummary-update-3] c.h.c.c.CustomRabbitMQBrokerHandler      : Publishing to RabbitMQ: from instance=instance-dev to exchange=chat.user-updates, routingKey=user.u191.group-updates
2026-06-12T12:41:36.762+07:00 DEBUG 11675 --- [chat-app] [ummary-update-3] c.h.c.s.GroupSummaryUpdatePublisher      : [publishToGroupMembers] Pushed group summary update to user=u191, groupId=13, destination=/topic/user.u191.group-updates, message=GroupSummaryUpdate(groupId=13, latestMessage=this is a demo msg, latestMessageSender=vegeta, latestMessageAt=2026-06-12T12:41:36.434507)
2026-06-12T12:41:36.762+07:00 DEBUG 11675 --- [chat-app] [ummary-update-3] c.h.c.c.CustomRabbitMQBrokerHandler      : Publishing to RabbitMQ: from instance=instance-dev to exchange=chat.user-updates, routingKey=user.u192.group-updates
2026-06-12T12:41:36.763+07:00 DEBUG 11675 --- [chat-app] [ummary-update-3] c.h.c.s.GroupSummaryUpdatePublisher      : [publishToGroupMembers] Pushed group summary update to user=u192, groupId=13, destination=/topic/user.u192.group-updates, message=GroupSummaryUpdate(groupId=13, latestMessage=this is a demo msg, latestMessageSender=vegeta, latestMessageAt=2026-06-12T12:41:36.434507)
2026-06-12T12:41:36.763+07:00 DEBUG 11675 --- [chat-app] [ummary-update-3] c.h.c.c.CustomRabbitMQBrokerHandler      : Publishing to RabbitMQ: from instance=instance-dev to exchange=chat.user-updates, routingKey=user.u193.group-updates
2026-06-12T12:41:36.763+07:00 DEBUG 11675 --- [chat-app] [ummary-update-3] c.h.c.s.GroupSummaryUpdatePublisher      : [publishToGroupMembers] Pushed group summary update to user=u193, groupId=13, destination=/topic/user.u193.group-updates, message=GroupSummaryUpdate(groupId=13, latestMessage=this is a demo msg, latestMessageSender=vegeta, latestMessageAt=2026-06-12T12:41:36.434507)
2026-06-12T12:41:36.763+07:00 DEBUG 11675 --- [chat-app] [ummary-update-3] c.h.c.c.CustomRabbitMQBrokerHandler      : Publishing to RabbitMQ: from instance=instance-dev to exchange=chat.user-updates, routingKey=user.u194.group-updates
2026-06-12T12:41:36.763+07:00 DEBUG 11675 --- [chat-app] [ummary-update-3] c.h.c.s.GroupSummaryUpdatePublisher      : [publishToGroupMembers] Pushed group summary update to user=u194, groupId=13, destination=/topic/user.u194.group-updates, message=GroupSummaryUpdate(groupId=13, latestMessage=this is a demo msg, latestMessageSender=vegeta, latestMessageAt=2026-06-12T12:41:36.434507)
2026-06-12T12:41:36.763+07:00 DEBUG 11675 --- [chat-app] [ummary-update-3] c.h.c.c.CustomRabbitMQBrokerHandler      : Publishing to RabbitMQ: from instance=instance-dev to exchange=chat.user-updates, routingKey=user.u195.group-updates
2026-06-12T12:41:36.763+07:00 DEBUG 11675 --- [chat-app] [ummary-update-3] c.h.c.s.GroupSummaryUpdatePublisher      : [publishToGroupMembers] Pushed group summary update to user=u195, groupId=13, destination=/topic/user.u195.group-updates, message=GroupSummaryUpdate(groupId=13, latestMessage=this is a demo msg, latestMessageSender=vegeta, latestMessageAt=2026-06-12T12:41:36.434507)
2026-06-12T12:41:36.763+07:00 DEBUG 11675 --- [chat-app] [ummary-update-3] c.h.c.c.CustomRabbitMQBrokerHandler      : Publishing to RabbitMQ: from instance=instance-dev to exchange=chat.user-updates, routingKey=user.u196.group-updates
2026-06-12T12:41:36.763+07:00 DEBUG 11675 --- [chat-app] [ummary-update-3] c.h.c.s.GroupSummaryUpdatePublisher      : [publishToGroupMembers] Pushed group summary update to user=u196, groupId=13, destination=/topic/user.u196.group-updates, message=GroupSummaryUpdate(groupId=13, latestMessage=this is a demo msg, latestMessageSender=vegeta, latestMessageAt=2026-06-12T12:41:36.434507)
2026-06-12T12:41:36.764+07:00 DEBUG 11675 --- [chat-app] [ummary-update-3] c.h.c.c.CustomRabbitMQBrokerHandler      : Publishing to RabbitMQ: from instance=instance-dev to exchange=chat.user-updates, routingKey=user.u197.group-updates
2026-06-12T12:41:36.764+07:00 DEBUG 11675 --- [chat-app] [ummary-update-3] c.h.c.s.GroupSummaryUpdatePublisher      : [publishToGroupMembers] Pushed group summary update to user=u197, groupId=13, destination=/topic/user.u197.group-updates, message=GroupSummaryUpdate(groupId=13, latestMessage=this is a demo msg, latestMessageSender=vegeta, latestMessageAt=2026-06-12T12:41:36.434507)
2026-06-12T12:41:36.764+07:00 DEBUG 11675 --- [chat-app] [ummary-update-3] c.h.c.c.CustomRabbitMQBrokerHandler      : Publishing to RabbitMQ: from instance=instance-dev to exchange=chat.user-updates, routingKey=user.u198.group-updates
2026-06-12T12:41:36.764+07:00 DEBUG 11675 --- [chat-app] [ummary-update-3] c.h.c.s.GroupSummaryUpdatePublisher      : [publishToGroupMembers] Pushed group summary update to user=u198, groupId=13, destination=/topic/user.u198.group-updates, message=GroupSummaryUpdate(groupId=13, latestMessage=this is a demo msg, latestMessageSender=vegeta, latestMessageAt=2026-06-12T12:41:36.434507)
2026-06-12T12:41:36.764+07:00 DEBUG 11675 --- [chat-app] [ummary-update-3] c.h.c.c.CustomRabbitMQBrokerHandler      : Publishing to RabbitMQ: from instance=instance-dev to exchange=chat.user-updates, routingKey=user.u199.group-updates
2026-06-12T12:41:36.764+07:00 DEBUG 11675 --- [chat-app] [ummary-update-3] c.h.c.s.GroupSummaryUpdatePublisher      : [publishToGroupMembers] Pushed group summary update to user=u199, groupId=13, destination=/topic/user.u199.group-updates, message=GroupSummaryUpdate(groupId=13, latestMessage=this is a demo msg, latestMessageSender=vegeta, latestMessageAt=2026-06-12T12:41:36.434507)
2026-06-12T12:41:36.764+07:00 DEBUG 11675 --- [chat-app] [ummary-update-3] c.h.c.c.CustomRabbitMQBrokerHandler      : Publishing to RabbitMQ: from instance=instance-dev to exchange=chat.user-updates, routingKey=user.u200.group-updates
2026-06-12T12:41:36.765+07:00 DEBUG 11675 --- [chat-app] [ummary-update-3] c.h.c.s.GroupSummaryUpdatePublisher      : [publishToGroupMembers] Pushed group summary update to user=u200, groupId=13, destination=/topic/user.u200.group-updates, message=GroupSummaryUpdate(groupId=13, latestMessage=this is a demo msg, latestMessageSender=vegeta, latestMessageAt=2026-06-12T12:41:36.434507)
2026-06-12T12:41:36.765+07:00 DEBUG 11675 --- [chat-app] [ummary-update-3] c.h.c.c.CustomRabbitMQBrokerHandler      : Publishing to RabbitMQ: from instance=instance-dev to exchange=chat.user-updates, routingKey=user.u201.group-updates
2026-06-12T12:41:36.765+07:00 DEBUG 11675 --- [chat-app] [ummary-update-3] c.h.c.s.GroupSummaryUpdatePublisher      : [publishToGroupMembers] Pushed group summary update to user=u201, groupId=13, destination=/topic/user.u201.group-updates, message=GroupSummaryUpdate(groupId=13, latestMessage=this is a demo msg, latestMessageSender=vegeta, latestMessageAt=2026-06-12T12:41:36.434507)
2026-06-12T12:41:36.765+07:00 DEBUG 11675 --- [chat-app] [ummary-update-3] c.h.c.c.CustomRabbitMQBrokerHandler      : Publishing to RabbitMQ: from instance=instance-dev to exchange=chat.user-updates, routingKey=user.u202.group-updates
2026-06-12T12:41:36.765+07:00 DEBUG 11675 --- [chat-app] [ummary-update-3] c.h.c.s.GroupSummaryUpdatePublisher      : [publishToGroupMembers] Pushed group summary update to user=u202, groupId=13, destination=/topic/user.u202.group-updates, message=GroupSummaryUpdate(groupId=13, latestMessage=this is a demo msg, latestMessageSender=vegeta, latestMessageAt=2026-06-12T12:41:36.434507)
2026-06-12T12:41:36.765+07:00 DEBUG 11675 --- [chat-app] [ummary-update-3] c.h.c.c.CustomRabbitMQBrokerHandler      : Publishing to RabbitMQ: from instance=instance-dev to exchange=chat.user-updates, routingKey=user.u203.group-updates
2026-06-12T12:41:36.765+07:00 DEBUG 11675 --- [chat-app] [ummary-update-3] c.h.c.s.GroupSummaryUpdatePublisher      : [publishToGroupMembers] Pushed group summary update to user=u203, groupId=13, destination=/topic/user.u203.group-updates, message=GroupSummaryUpdate(groupId=13, latestMessage=this is a demo msg, latestMessageSender=vegeta, latestMessageAt=2026-06-12T12:41:36.434507)
2026-06-12T12:41:36.765+07:00 DEBUG 11675 --- [chat-app] [ummary-update-3] c.h.c.c.CustomRabbitMQBrokerHandler      : Publishing to RabbitMQ: from instance=instance-dev to exchange=chat.user-updates, routingKey=user.u204.group-updates
2026-06-12T12:41:36.766+07:00 DEBUG 11675 --- [chat-app] [ummary-update-3] c.h.c.s.GroupSummaryUpdatePublisher      : [publishToGroupMembers] Pushed group summary update to user=u204, groupId=13, destination=/topic/user.u204.group-updates, message=GroupSummaryUpdate(groupId=13, latestMessage=this is a demo msg, latestMessageSender=vegeta, latestMessageAt=2026-06-12T12:41:36.434507)
2026-06-12T12:41:36.766+07:00 DEBUG 11675 --- [chat-app] [ummary-update-3] c.h.c.c.CustomRabbitMQBrokerHandler      : Publishing to RabbitMQ: from instance=instance-dev to exchange=chat.user-updates, routingKey=user.u205.group-updates
2026-06-12T12:41:36.766+07:00 DEBUG 11675 --- [chat-app] [ummary-update-3] c.h.c.s.GroupSummaryUpdatePublisher      : [publishToGroupMembers] Pushed group summary update to user=u205, groupId=13, destination=/topic/user.u205.group-updates, message=GroupSummaryUpdate(groupId=13, latestMessage=this is a demo msg, latestMessageSender=vegeta, latestMessageAt=2026-06-12T12:41:36.434507)
2026-06-12T12:41:36.766+07:00 DEBUG 11675 --- [chat-app] [ummary-update-3] c.h.c.c.CustomRabbitMQBrokerHandler      : Publishing to RabbitMQ: from instance=instance-dev to exchange=chat.user-updates, routingKey=user.u206.group-updates
2026-06-12T12:41:36.766+07:00 DEBUG 11675 --- [chat-app] [ummary-update-3] c.h.c.s.GroupSummaryUpdatePublisher      : [publishToGroupMembers] Pushed group summary update to user=u206, groupId=13, destination=/topic/user.u206.group-updates, message=GroupSummaryUpdate(groupId=13, latestMessage=this is a demo msg, latestMessageSender=vegeta, latestMessageAt=2026-06-12T12:41:36.434507)
2026-06-12T12:41:36.766+07:00 DEBUG 11675 --- [chat-app] [ummary-update-3] c.h.c.c.CustomRabbitMQBrokerHandler      : Publishing to RabbitMQ: from instance=instance-dev to exchange=chat.user-updates, routingKey=user.u207.group-updates
2026-06-12T12:41:36.766+07:00 DEBUG 11675 --- [chat-app] [ummary-update-3] c.h.c.s.GroupSummaryUpdatePublisher      : [publishToGroupMembers] Pushed group summary update to user=u207, groupId=13, destination=/topic/user.u207.group-updates, message=GroupSummaryUpdate(groupId=13, latestMessage=this is a demo msg, latestMessageSender=vegeta, latestMessageAt=2026-06-12T12:41:36.434507)
2026-06-12T12:41:36.766+07:00 DEBUG 11675 --- [chat-app] [ummary-update-3] c.h.c.c.CustomRabbitMQBrokerHandler      : Publishing to RabbitMQ: from instance=instance-dev to exchange=chat.user-updates, routingKey=user.u208.group-updates
2026-06-12T12:41:36.766+07:00 DEBUG 11675 --- [chat-app] [ummary-update-3] c.h.c.s.GroupSummaryUpdatePublisher      : [publishToGroupMembers] Pushed group summary update to user=u208, groupId=13, destination=/topic/user.u208.group-updates, message=GroupSummaryUpdate(groupId=13, latestMessage=this is a demo msg, latestMessageSender=vegeta, latestMessageAt=2026-06-12T12:41:36.434507)
2026-06-12T12:41:36.766+07:00 DEBUG 11675 --- [chat-app] [ummary-update-3] c.h.c.c.CustomRabbitMQBrokerHandler      : Publishing to RabbitMQ: from instance=instance-dev to exchange=chat.user-updates, routingKey=user.u209.group-updates
2026-06-12T12:41:36.767+07:00 DEBUG 11675 --- [chat-app] [ummary-update-3] c.h.c.s.GroupSummaryUpdatePublisher      : [publishToGroupMembers] Pushed group summary update to user=u209, groupId=13, destination=/topic/user.u209.group-updates, message=GroupSummaryUpdate(groupId=13, latestMessage=this is a demo msg, latestMessageSender=vegeta, latestMessageAt=2026-06-12T12:41:36.434507)
2026-06-12T12:41:36.767+07:00 DEBUG 11675 --- [chat-app] [ummary-update-3] c.h.c.c.CustomRabbitMQBrokerHandler      : Publishing to RabbitMQ: from instance=instance-dev to exchange=chat.user-updates, routingKey=user.u210.group-updates
2026-06-12T12:41:36.767+07:00 DEBUG 11675 --- [chat-app] [ummary-update-3] c.h.c.s.GroupSummaryUpdatePublisher      : [publishToGroupMembers] Pushed group summary update to user=u210, groupId=13, destination=/topic/user.u210.group-updates, message=GroupSummaryUpdate(groupId=13, latestMessage=this is a demo msg, latestMessageSender=vegeta, latestMessageAt=2026-06-12T12:41:36.434507)
2026-06-12T12:41:36.767+07:00 DEBUG 11675 --- [chat-app] [ummary-update-3] c.h.c.c.CustomRabbitMQBrokerHandler      : Publishing to RabbitMQ: from instance=instance-dev to exchange=chat.user-updates, routingKey=user.u211.group-updates
2026-06-12T12:41:36.767+07:00 DEBUG 11675 --- [chat-app] [ummary-update-3] c.h.c.s.GroupSummaryUpdatePublisher      : [publishToGroupMembers] Pushed group summary update to user=u211, groupId=13, destination=/topic/user.u211.group-updates, message=GroupSummaryUpdate(groupId=13, latestMessage=this is a demo msg, latestMessageSender=vegeta, latestMessageAt=2026-06-12T12:41:36.434507)
2026-06-12T12:41:36.767+07:00 DEBUG 11675 --- [chat-app] [ummary-update-3] c.h.c.c.CustomRabbitMQBrokerHandler      : Publishing to RabbitMQ: from instance=instance-dev to exchange=chat.user-updates, routingKey=user.u212.group-updates
2026-06-12T12:41:36.767+07:00 DEBUG 11675 --- [chat-app] [ummary-update-3] c.h.c.s.GroupSummaryUpdatePublisher      : [publishToGroupMembers] Pushed group summary update to user=u212, groupId=13, destination=/topic/user.u212.group-updates, message=GroupSummaryUpdate(groupId=13, latestMessage=this is a demo msg, latestMessageSender=vegeta, latestMessageAt=2026-06-12T12:41:36.434507)
2026-06-12T12:41:36.767+07:00 DEBUG 11675 --- [chat-app] [ummary-update-3] c.h.c.c.CustomRabbitMQBrokerHandler      : Publishing to RabbitMQ: from instance=instance-dev to exchange=chat.user-updates, routingKey=user.u213.group-updates
2026-06-12T12:41:36.767+07:00 DEBUG 11675 --- [chat-app] [ummary-update-3] c.h.c.s.GroupSummaryUpdatePublisher      : [publishToGroupMembers] Pushed group summary update to user=u213, groupId=13, destination=/topic/user.u213.group-updates, message=GroupSummaryUpdate(groupId=13, latestMessage=this is a demo msg, latestMessageSender=vegeta, latestMessageAt=2026-06-12T12:41:36.434507)
2026-06-12T12:41:36.767+07:00 DEBUG 11675 --- [chat-app] [ummary-update-3] c.h.c.c.CustomRabbitMQBrokerHandler      : Publishing to RabbitMQ: from instance=instance-dev to exchange=chat.user-updates, routingKey=user.u214.group-updates
2026-06-12T12:41:36.767+07:00 DEBUG 11675 --- [chat-app] [ummary-update-3] c.h.c.s.GroupSummaryUpdatePublisher      : [publishToGroupMembers] Pushed group summary update to user=u214, groupId=13, destination=/topic/user.u214.group-updates, message=GroupSummaryUpdate(groupId=13, latestMessage=this is a demo msg, latestMessageSender=vegeta, latestMessageAt=2026-06-12T12:41:36.434507)
2026-06-12T12:41:36.768+07:00 DEBUG 11675 --- [chat-app] [ummary-update-3] c.h.c.c.CustomRabbitMQBrokerHandler      : Publishing to RabbitMQ: from instance=instance-dev to exchange=chat.user-updates, routingKey=user.u215.group-updates
2026-06-12T12:41:36.768+07:00 DEBUG 11675 --- [chat-app] [ummary-update-3] c.h.c.s.GroupSummaryUpdatePublisher      : [publishToGroupMembers] Pushed group summary update to user=u215, groupId=13, destination=/topic/user.u215.group-updates, message=GroupSummaryUpdate(groupId=13, latestMessage=this is a demo msg, latestMessageSender=vegeta, latestMessageAt=2026-06-12T12:41:36.434507)
2026-06-12T12:41:36.768+07:00 DEBUG 11675 --- [chat-app] [ummary-update-3] c.h.c.c.CustomRabbitMQBrokerHandler      : Publishing to RabbitMQ: from instance=instance-dev to exchange=chat.user-updates, routingKey=user.u216.group-updates
2026-06-12T12:41:36.768+07:00 DEBUG 11675 --- [chat-app] [ummary-update-3] c.h.c.s.GroupSummaryUpdatePublisher      : [publishToGroupMembers] Pushed group summary update to user=u216, groupId=13, destination=/topic/user.u216.group-updates, message=GroupSummaryUpdate(groupId=13, latestMessage=this is a demo msg, latestMessageSender=vegeta, latestMessageAt=2026-06-12T12:41:36.434507)
2026-06-12T12:41:36.768+07:00 DEBUG 11675 --- [chat-app] [ummary-update-3] c.h.c.c.CustomRabbitMQBrokerHandler      : Publishing to RabbitMQ: from instance=instance-dev to exchange=chat.user-updates, routingKey=user.u217.group-updates
2026-06-12T12:41:36.768+07:00 DEBUG 11675 --- [chat-app] [ummary-update-3] c.h.c.s.GroupSummaryUpdatePublisher      : [publishToGroupMembers] Pushed group summary update to user=u217, groupId=13, destination=/topic/user.u217.group-updates, message=GroupSummaryUpdate(groupId=13, latestMessage=this is a demo msg, latestMessageSender=vegeta, latestMessageAt=2026-06-12T12:41:36.434507)
2026-06-12T12:41:36.768+07:00 DEBUG 11675 --- [chat-app] [ummary-update-3] c.h.c.c.CustomRabbitMQBrokerHandler      : Publishing to RabbitMQ: from instance=instance-dev to exchange=chat.user-updates, routingKey=user.u218.group-updates
2026-06-12T12:41:36.768+07:00 DEBUG 11675 --- [chat-app] [ummary-update-3] c.h.c.s.GroupSummaryUpdatePublisher      : [publishToGroupMembers] Pushed group summary update to user=u218, groupId=13, destination=/topic/user.u218.group-updates, message=GroupSummaryUpdate(groupId=13, latestMessage=this is a demo msg, latestMessageSender=vegeta, latestMessageAt=2026-06-12T12:41:36.434507)
2026-06-12T12:41:36.769+07:00 DEBUG 11675 --- [chat-app] [ummary-update-3] c.h.c.c.CustomRabbitMQBrokerHandler      : Publishing to RabbitMQ: from instance=instance-dev to exchange=chat.user-updates, routingKey=user.u219.group-updates
2026-06-12T12:41:36.769+07:00 DEBUG 11675 --- [chat-app] [ummary-update-3] c.h.c.s.GroupSummaryUpdatePublisher      : [publishToGroupMembers] Pushed group summary update to user=u219, groupId=13, destination=/topic/user.u219.group-updates, message=GroupSummaryUpdate(groupId=13, latestMessage=this is a demo msg, latestMessageSender=vegeta, latestMessageAt=2026-06-12T12:41:36.434507)
2026-06-12T12:41:36.769+07:00 DEBUG 11675 --- [chat-app] [ummary-update-3] c.h.c.c.CustomRabbitMQBrokerHandler      : Publishing to RabbitMQ: from instance=instance-dev to exchange=chat.user-updates, routingKey=user.u220.group-updates
2026-06-12T12:41:36.769+07:00 DEBUG 11675 --- [chat-app] [ummary-update-3] c.h.c.s.GroupSummaryUpdatePublisher      : [publishToGroupMembers] Pushed group summary update to user=u220, groupId=13, destination=/topic/user.u220.group-updates, message=GroupSummaryUpdate(groupId=13, latestMessage=this is a demo msg, latestMessageSender=vegeta, latestMessageAt=2026-06-12T12:41:36.434507)
2026-06-12T12:41:36.769+07:00 DEBUG 11675 --- [chat-app] [ummary-update-3] c.h.c.c.CustomRabbitMQBrokerHandler      : Publishing to RabbitMQ: from instance=instance-dev to exchange=chat.user-updates, routingKey=user.u221.group-updates
2026-06-12T12:41:36.769+07:00 DEBUG 11675 --- [chat-app] [ummary-update-3] c.h.c.s.GroupSummaryUpdatePublisher      : [publishToGroupMembers] Pushed group summary update to user=u221, groupId=13, destination=/topic/user.u221.group-updates, message=GroupSummaryUpdate(groupId=13, latestMessage=this is a demo msg, latestMessageSender=vegeta, latestMessageAt=2026-06-12T12:41:36.434507)
2026-06-12T12:41:36.769+07:00 DEBUG 11675 --- [chat-app] [ummary-update-3] c.h.c.c.CustomRabbitMQBrokerHandler      : Publishing to RabbitMQ: from instance=instance-dev to exchange=chat.user-updates, routingKey=user.u222.group-updates
2026-06-12T12:41:36.769+07:00 DEBUG 11675 --- [chat-app] [ummary-update-3] c.h.c.s.GroupSummaryUpdatePublisher      : [publishToGroupMembers] Pushed group summary update to user=u222, groupId=13, destination=/topic/user.u222.group-updates, message=GroupSummaryUpdate(groupId=13, latestMessage=this is a demo msg, latestMessageSender=vegeta, latestMessageAt=2026-06-12T12:41:36.434507)
2026-06-12T12:41:36.769+07:00 DEBUG 11675 --- [chat-app] [ummary-update-3] c.h.c.c.CustomRabbitMQBrokerHandler      : Publishing to RabbitMQ: from instance=instance-dev to exchange=chat.user-updates, routingKey=user.u223.group-updates
2026-06-12T12:41:36.769+07:00 DEBUG 11675 --- [chat-app] [ummary-update-3] c.h.c.s.GroupSummaryUpdatePublisher      : [publishToGroupMembers] Pushed group summary update to user=u223, groupId=13, destination=/topic/user.u223.group-updates, message=GroupSummaryUpdate(groupId=13, latestMessage=this is a demo msg, latestMessageSender=vegeta, latestMessageAt=2026-06-12T12:41:36.434507)
2026-06-12T12:41:36.770+07:00 DEBUG 11675 --- [chat-app] [ummary-update-3] c.h.c.c.CustomRabbitMQBrokerHandler      : Publishing to RabbitMQ: from instance=instance-dev to exchange=chat.user-updates, routingKey=user.u224.group-updates
2026-06-12T12:41:36.770+07:00 DEBUG 11675 --- [chat-app] [ummary-update-3] c.h.c.s.GroupSummaryUpdatePublisher      : [publishToGroupMembers] Pushed group summary update to user=u224, groupId=13, destination=/topic/user.u224.group-updates, message=GroupSummaryUpdate(groupId=13, latestMessage=this is a demo msg, latestMessageSender=vegeta, latestMessageAt=2026-06-12T12:41:36.434507)
2026-06-12T12:41:36.770+07:00 DEBUG 11675 --- [chat-app] [ummary-update-3] c.h.c.c.CustomRabbitMQBrokerHandler      : Publishing to RabbitMQ: from instance=instance-dev to exchange=chat.user-updates, routingKey=user.u225.group-updates
2026-06-12T12:41:36.770+07:00 DEBUG 11675 --- [chat-app] [ummary-update-3] c.h.c.s.GroupSummaryUpdatePublisher      : [publishToGroupMembers] Pushed group summary update to user=u225, groupId=13, destination=/topic/user.u225.group-updates, message=GroupSummaryUpdate(groupId=13, latestMessage=this is a demo msg, latestMessageSender=vegeta, latestMessageAt=2026-06-12T12:41:36.434507)
2026-06-12T12:41:36.770+07:00 DEBUG 11675 --- [chat-app] [ummary-update-3] c.h.c.c.CustomRabbitMQBrokerHandler      : Publishing to RabbitMQ: from instance=instance-dev to exchange=chat.user-updates, routingKey=user.u226.group-updates
2026-06-12T12:41:36.770+07:00 DEBUG 11675 --- [chat-app] [ummary-update-3] c.h.c.s.GroupSummaryUpdatePublisher      : [publishToGroupMembers] Pushed group summary update to user=u226, groupId=13, destination=/topic/user.u226.group-updates, message=GroupSummaryUpdate(groupId=13, latestMessage=this is a demo msg, latestMessageSender=vegeta, latestMessageAt=2026-06-12T12:41:36.434507)
2026-06-12T12:41:36.770+07:00 DEBUG 11675 --- [chat-app] [ummary-update-3] c.h.c.c.CustomRabbitMQBrokerHandler      : Publishing to RabbitMQ: from instance=instance-dev to exchange=chat.user-updates, routingKey=user.u227.group-updates
2026-06-12T12:41:36.771+07:00 DEBUG 11675 --- [chat-app] [ummary-update-3] c.h.c.s.GroupSummaryUpdatePublisher      : [publishToGroupMembers] Pushed group summary update to user=u227, groupId=13, destination=/topic/user.u227.group-updates, message=GroupSummaryUpdate(groupId=13, latestMessage=this is a demo msg, latestMessageSender=vegeta, latestMessageAt=2026-06-12T12:41:36.434507)
2026-06-12T12:41:36.771+07:00 DEBUG 11675 --- [chat-app] [ummary-update-3] c.h.c.c.CustomRabbitMQBrokerHandler      : Publishing to RabbitMQ: from instance=instance-dev to exchange=chat.user-updates, routingKey=user.u228.group-updates
2026-06-12T12:41:36.771+07:00 DEBUG 11675 --- [chat-app] [ummary-update-3] c.h.c.s.GroupSummaryUpdatePublisher      : [publishToGroupMembers] Pushed group summary update to user=u228, groupId=13, destination=/topic/user.u228.group-updates, message=GroupSummaryUpdate(groupId=13, latestMessage=this is a demo msg, latestMessageSender=vegeta, latestMessageAt=2026-06-12T12:41:36.434507)
2026-06-12T12:41:36.771+07:00 DEBUG 11675 --- [chat-app] [ummary-update-3] c.h.c.c.CustomRabbitMQBrokerHandler      : Publishing to RabbitMQ: from instance=instance-dev to exchange=chat.user-updates, routingKey=user.u229.group-updates
2026-06-12T12:41:36.771+07:00 DEBUG 11675 --- [chat-app] [ummary-update-3] c.h.c.s.GroupSummaryUpdatePublisher      : [publishToGroupMembers] Pushed group summary update to user=u229, groupId=13, destination=/topic/user.u229.group-updates, message=GroupSummaryUpdate(groupId=13, latestMessage=this is a demo msg, latestMessageSender=vegeta, latestMessageAt=2026-06-12T12:41:36.434507)
2026-06-12T12:41:36.771+07:00 DEBUG 11675 --- [chat-app] [ummary-update-3] c.h.c.c.CustomRabbitMQBrokerHandler      : Publishing to RabbitMQ: from instance=instance-dev to exchange=chat.user-updates, routingKey=user.u230.group-updates
2026-06-12T12:41:36.771+07:00 DEBUG 11675 --- [chat-app] [ummary-update-3] c.h.c.s.GroupSummaryUpdatePublisher      : [publishToGroupMembers] Pushed group summary update to user=u230, groupId=13, destination=/topic/user.u230.group-updates, message=GroupSummaryUpdate(groupId=13, latestMessage=this is a demo msg, latestMessageSender=vegeta, latestMessageAt=2026-06-12T12:41:36.434507)
2026-06-12T12:41:36.771+07:00 DEBUG 11675 --- [chat-app] [ummary-update-3] c.h.c.c.CustomRabbitMQBrokerHandler      : Publishing to RabbitMQ: from instance=instance-dev to exchange=chat.user-updates, routingKey=user.u231.group-updates
2026-06-12T12:41:36.771+07:00 DEBUG 11675 --- [chat-app] [ummary-update-3] c.h.c.s.GroupSummaryUpdatePublisher      : [publishToGroupMembers] Pushed group summary update to user=u231, groupId=13, destination=/topic/user.u231.group-updates, message=GroupSummaryUpdate(groupId=13, latestMessage=this is a demo msg, latestMessageSender=vegeta, latestMessageAt=2026-06-12T12:41:36.434507)
2026-06-12T12:41:36.772+07:00 DEBUG 11675 --- [chat-app] [ummary-update-3] c.h.c.c.CustomRabbitMQBrokerHandler      : Publishing to RabbitMQ: from instance=instance-dev to exchange=chat.user-updates, routingKey=user.u232.group-updates
2026-06-12T12:41:36.772+07:00 DEBUG 11675 --- [chat-app] [ummary-update-3] c.h.c.s.GroupSummaryUpdatePublisher      : [publishToGroupMembers] Pushed group summary update to user=u232, groupId=13, destination=/topic/user.u232.group-updates, message=GroupSummaryUpdate(groupId=13, latestMessage=this is a demo msg, latestMessageSender=vegeta, latestMessageAt=2026-06-12T12:41:36.434507)
2026-06-12T12:41:36.772+07:00 DEBUG 11675 --- [chat-app] [ummary-update-3] c.h.c.c.CustomRabbitMQBrokerHandler      : Publishing to RabbitMQ: from instance=instance-dev to exchange=chat.user-updates, routingKey=user.u233.group-updates
2026-06-12T12:41:36.772+07:00 DEBUG 11675 --- [chat-app] [ummary-update-3] c.h.c.s.GroupSummaryUpdatePublisher      : [publishToGroupMembers] Pushed group summary update to user=u233, groupId=13, destination=/topic/user.u233.group-updates, message=GroupSummaryUpdate(groupId=13, latestMessage=this is a demo msg, latestMessageSender=vegeta, latestMessageAt=2026-06-12T12:41:36.434507)
2026-06-12T12:41:36.772+07:00 DEBUG 11675 --- [chat-app] [ummary-update-3] c.h.c.c.CustomRabbitMQBrokerHandler      : Publishing to RabbitMQ: from instance=instance-dev to exchange=chat.user-updates, routingKey=user.u234.group-updates
2026-06-12T12:41:36.772+07:00 DEBUG 11675 --- [chat-app] [ummary-update-3] c.h.c.s.GroupSummaryUpdatePublisher      : [publishToGroupMembers] Pushed group summary update to user=u234, groupId=13, destination=/topic/user.u234.group-updates, message=GroupSummaryUpdate(groupId=13, latestMessage=this is a demo msg, latestMessageSender=vegeta, latestMessageAt=2026-06-12T12:41:36.434507)
2026-06-12T12:41:36.772+07:00 DEBUG 11675 --- [chat-app] [ummary-update-3] c.h.c.c.CustomRabbitMQBrokerHandler      : Publishing to RabbitMQ: from instance=instance-dev to exchange=chat.user-updates, routingKey=user.u235.group-updates
2026-06-12T12:41:36.772+07:00 DEBUG 11675 --- [chat-app] [ummary-update-3] c.h.c.s.GroupSummaryUpdatePublisher      : [publishToGroupMembers] Pushed group summary update to user=u235, groupId=13, destination=/topic/user.u235.group-updates, message=GroupSummaryUpdate(groupId=13, latestMessage=this is a demo msg, latestMessageSender=vegeta, latestMessageAt=2026-06-12T12:41:36.434507)
2026-06-12T12:41:36.772+07:00 DEBUG 11675 --- [chat-app] [ummary-update-3] c.h.c.c.CustomRabbitMQBrokerHandler      : Publishing to RabbitMQ: from instance=instance-dev to exchange=chat.user-updates, routingKey=user.u236.group-updates
2026-06-12T12:41:36.772+07:00 DEBUG 11675 --- [chat-app] [ummary-update-3] c.h.c.s.GroupSummaryUpdatePublisher      : [publishToGroupMembers] Pushed group summary update to user=u236, groupId=13, destination=/topic/user.u236.group-updates, message=GroupSummaryUpdate(groupId=13, latestMessage=this is a demo msg, latestMessageSender=vegeta, latestMessageAt=2026-06-12T12:41:36.434507)
2026-06-12T12:41:36.772+07:00 DEBUG 11675 --- [chat-app] [ummary-update-3] c.h.c.c.CustomRabbitMQBrokerHandler      : Publishing to RabbitMQ: from instance=instance-dev to exchange=chat.user-updates, routingKey=user.u237.group-updates
2026-06-12T12:41:36.772+07:00 DEBUG 11675 --- [chat-app] [ummary-update-3] c.h.c.s.GroupSummaryUpdatePublisher      : [publishToGroupMembers] Pushed group summary update to user=u237, groupId=13, destination=/topic/user.u237.group-updates, message=GroupSummaryUpdate(groupId=13, latestMessage=this is a demo msg, latestMessageSender=vegeta, latestMessageAt=2026-06-12T12:41:36.434507)
2026-06-12T12:41:36.772+07:00 DEBUG 11675 --- [chat-app] [ummary-update-3] c.h.c.c.CustomRabbitMQBrokerHandler      : Publishing to RabbitMQ: from instance=instance-dev to exchange=chat.user-updates, routingKey=user.u238.group-updates
2026-06-12T12:41:36.772+07:00 DEBUG 11675 --- [chat-app] [ummary-update-3] c.h.c.s.GroupSummaryUpdatePublisher      : [publishToGroupMembers] Pushed group summary update to user=u238, groupId=13, destination=/topic/user.u238.group-updates, message=GroupSummaryUpdate(groupId=13, latestMessage=this is a demo msg, latestMessageSender=vegeta, latestMessageAt=2026-06-12T12:41:36.434507)
2026-06-12T12:41:36.773+07:00 DEBUG 11675 --- [chat-app] [ummary-update-3] c.h.c.c.CustomRabbitMQBrokerHandler      : Publishing to RabbitMQ: from instance=instance-dev to exchange=chat.user-updates, routingKey=user.u239.group-updates
2026-06-12T12:41:36.773+07:00 DEBUG 11675 --- [chat-app] [ummary-update-3] c.h.c.s.GroupSummaryUpdatePublisher      : [publishToGroupMembers] Pushed group summary update to user=u239, groupId=13, destination=/topic/user.u239.group-updates, message=GroupSummaryUpdate(groupId=13, latestMessage=this is a demo msg, latestMessageSender=vegeta, latestMessageAt=2026-06-12T12:41:36.434507)
2026-06-12T12:41:36.773+07:00 DEBUG 11675 --- [chat-app] [ummary-update-3] c.h.c.c.CustomRabbitMQBrokerHandler      : Publishing to RabbitMQ: from instance=instance-dev to exchange=chat.user-updates, routingKey=user.u240.group-updates
2026-06-12T12:41:36.773+07:00 DEBUG 11675 --- [chat-app] [ummary-update-3] c.h.c.s.GroupSummaryUpdatePublisher      : [publishToGroupMembers] Pushed group summary update to user=u240, groupId=13, destination=/topic/user.u240.group-updates, message=GroupSummaryUpdate(groupId=13, latestMessage=this is a demo msg, latestMessageSender=vegeta, latestMessageAt=2026-06-12T12:41:36.434507)
2026-06-12T12:41:36.773+07:00 DEBUG 11675 --- [chat-app] [ummary-update-3] c.h.c.c.CustomRabbitMQBrokerHandler      : Publishing to RabbitMQ: from instance=instance-dev to exchange=chat.user-updates, routingKey=user.u241.group-updates
2026-06-12T12:41:36.773+07:00 DEBUG 11675 --- [chat-app] [ummary-update-3] c.h.c.s.GroupSummaryUpdatePublisher      : [publishToGroupMembers] Pushed group summary update to user=u241, groupId=13, destination=/topic/user.u241.group-updates, message=GroupSummaryUpdate(groupId=13, latestMessage=this is a demo msg, latestMessageSender=vegeta, latestMessageAt=2026-06-12T12:41:36.434507)
2026-06-12T12:41:36.773+07:00 DEBUG 11675 --- [chat-app] [ummary-update-3] c.h.c.c.CustomRabbitMQBrokerHandler      : Publishing to RabbitMQ: from instance=instance-dev to exchange=chat.user-updates, routingKey=user.u242.group-updates
2026-06-12T12:41:36.773+07:00 DEBUG 11675 --- [chat-app] [ummary-update-3] c.h.c.s.GroupSummaryUpdatePublisher      : [publishToGroupMembers] Pushed group summary update to user=u242, groupId=13, destination=/topic/user.u242.group-updates, message=GroupSummaryUpdate(groupId=13, latestMessage=this is a demo msg, latestMessageSender=vegeta, latestMessageAt=2026-06-12T12:41:36.434507)
2026-06-12T12:41:36.773+07:00 DEBUG 11675 --- [chat-app] [ummary-update-3] c.h.c.c.CustomRabbitMQBrokerHandler      : Publishing to RabbitMQ: from instance=instance-dev to exchange=chat.user-updates, routingKey=user.u243.group-updates
2026-06-12T12:41:36.774+07:00 DEBUG 11675 --- [chat-app] [ummary-update-3] c.h.c.s.GroupSummaryUpdatePublisher      : [publishToGroupMembers] Pushed group summary update to user=u243, groupId=13, destination=/topic/user.u243.group-updates, message=GroupSummaryUpdate(groupId=13, latestMessage=this is a demo msg, latestMessageSender=vegeta, latestMessageAt=2026-06-12T12:41:36.434507)
2026-06-12T12:41:36.774+07:00 DEBUG 11675 --- [chat-app] [ummary-update-3] c.h.c.c.CustomRabbitMQBrokerHandler      : Publishing to RabbitMQ: from instance=instance-dev to exchange=chat.user-updates, routingKey=user.u244.group-updates
2026-06-12T12:41:36.774+07:00 DEBUG 11675 --- [chat-app] [ummary-update-3] c.h.c.s.GroupSummaryUpdatePublisher      : [publishToGroupMembers] Pushed group summary update to user=u244, groupId=13, destination=/topic/user.u244.group-updates, message=GroupSummaryUpdate(groupId=13, latestMessage=this is a demo msg, latestMessageSender=vegeta, latestMessageAt=2026-06-12T12:41:36.434507)
2026-06-12T12:41:36.774+07:00 DEBUG 11675 --- [chat-app] [ummary-update-3] c.h.c.c.CustomRabbitMQBrokerHandler      : Publishing to RabbitMQ: from instance=instance-dev to exchange=chat.user-updates, routingKey=user.u245.group-updates
2026-06-12T12:41:36.774+07:00 DEBUG 11675 --- [chat-app] [ummary-update-3] c.h.c.s.GroupSummaryUpdatePublisher      : [publishToGroupMembers] Pushed group summary update to user=u245, groupId=13, destination=/topic/user.u245.group-updates, message=GroupSummaryUpdate(groupId=13, latestMessage=this is a demo msg, latestMessageSender=vegeta, latestMessageAt=2026-06-12T12:41:36.434507)
2026-06-12T12:41:36.774+07:00 DEBUG 11675 --- [chat-app] [ummary-update-3] c.h.c.c.CustomRabbitMQBrokerHandler      : Publishing to RabbitMQ: from instance=instance-dev to exchange=chat.user-updates, routingKey=user.u246.group-updates
2026-06-12T12:41:36.774+07:00 DEBUG 11675 --- [chat-app] [ummary-update-3] c.h.c.s.GroupSummaryUpdatePublisher      : [publishToGroupMembers] Pushed group summary update to user=u246, groupId=13, destination=/topic/user.u246.group-updates, message=GroupSummaryUpdate(groupId=13, latestMessage=this is a demo msg, latestMessageSender=vegeta, latestMessageAt=2026-06-12T12:41:36.434507)
2026-06-12T12:41:36.774+07:00 DEBUG 11675 --- [chat-app] [ummary-update-3] c.h.c.c.CustomRabbitMQBrokerHandler      : Publishing to RabbitMQ: from instance=instance-dev to exchange=chat.user-updates, routingKey=user.u247.group-updates
2026-06-12T12:41:36.774+07:00 DEBUG 11675 --- [chat-app] [ummary-update-3] c.h.c.s.GroupSummaryUpdatePublisher      : [publishToGroupMembers] Pushed group summary update to user=u247, groupId=13, destination=/topic/user.u247.group-updates, message=GroupSummaryUpdate(groupId=13, latestMessage=this is a demo msg, latestMessageSender=vegeta, latestMessageAt=2026-06-12T12:41:36.434507)
2026-06-12T12:41:36.774+07:00 DEBUG 11675 --- [chat-app] [ummary-update-3] c.h.c.c.CustomRabbitMQBrokerHandler      : Publishing to RabbitMQ: from instance=instance-dev to exchange=chat.user-updates, routingKey=user.u248.group-updates
2026-06-12T12:41:36.774+07:00 DEBUG 11675 --- [chat-app] [ummary-update-3] c.h.c.s.GroupSummaryUpdatePublisher      : [publishToGroupMembers] Pushed group summary update to user=u248, groupId=13, destination=/topic/user.u248.group-updates, message=GroupSummaryUpdate(groupId=13, latestMessage=this is a demo msg, latestMessageSender=vegeta, latestMessageAt=2026-06-12T12:41:36.434507)
2026-06-12T12:41:36.774+07:00 DEBUG 11675 --- [chat-app] [ummary-update-3] c.h.c.c.CustomRabbitMQBrokerHandler      : Publishing to RabbitMQ: from instance=instance-dev to exchange=chat.user-updates, routingKey=user.u249.group-updates
2026-06-12T12:41:36.774+07:00 DEBUG 11675 --- [chat-app] [ummary-update-3] c.h.c.s.GroupSummaryUpdatePublisher      : [publishToGroupMembers] Pushed group summary update to user=u249, groupId=13, destination=/topic/user.u249.group-updates, message=GroupSummaryUpdate(groupId=13, latestMessage=this is a demo msg, latestMessageSender=vegeta, latestMessageAt=2026-06-12T12:41:36.434507)
2026-06-12T12:41:36.775+07:00 DEBUG 11675 --- [chat-app] [ummary-update-3] c.h.c.c.CustomRabbitMQBrokerHandler      : Publishing to RabbitMQ: from instance=instance-dev to exchange=chat.user-updates, routingKey=user.u250.group-updates
2026-06-12T12:41:36.775+07:00 DEBUG 11675 --- [chat-app] [ummary-update-3] c.h.c.s.GroupSummaryUpdatePublisher      : [publishToGroupMembers] Pushed group summary update to user=u250, groupId=13, destination=/topic/user.u250.group-updates, message=GroupSummaryUpdate(groupId=13, latestMessage=this is a demo msg, latestMessageSender=vegeta, latestMessageAt=2026-06-12T12:41:36.434507)
2026-06-12T12:41:36.775+07:00 DEBUG 11675 --- [chat-app] [ummary-update-3] c.h.c.c.CustomRabbitMQBrokerHandler      : Publishing to RabbitMQ: from instance=instance-dev to exchange=chat.user-updates, routingKey=user.u251.group-updates
2026-06-12T12:41:36.775+07:00 DEBUG 11675 --- [chat-app] [ummary-update-3] c.h.c.s.GroupSummaryUpdatePublisher      : [publishToGroupMembers] Pushed group summary update to user=u251, groupId=13, destination=/topic/user.u251.group-updates, message=GroupSummaryUpdate(groupId=13, latestMessage=this is a demo msg, latestMessageSender=vegeta, latestMessageAt=2026-06-12T12:41:36.434507)
2026-06-12T12:41:36.775+07:00 DEBUG 11675 --- [chat-app] [ummary-update-3] c.h.c.c.CustomRabbitMQBrokerHandler      : Publishing to RabbitMQ: from instance=instance-dev to exchange=chat.user-updates, routingKey=user.u252.group-updates
2026-06-12T12:41:36.775+07:00 DEBUG 11675 --- [chat-app] [ummary-update-3] c.h.c.s.GroupSummaryUpdatePublisher      : [publishToGroupMembers] Pushed group summary update to user=u252, groupId=13, destination=/topic/user.u252.group-updates, message=GroupSummaryUpdate(groupId=13, latestMessage=this is a demo msg, latestMessageSender=vegeta, latestMessageAt=2026-06-12T12:41:36.434507)
2026-06-12T12:41:36.775+07:00 DEBUG 11675 --- [chat-app] [ummary-update-3] c.h.c.c.CustomRabbitMQBrokerHandler      : Publishing to RabbitMQ: from instance=instance-dev to exchange=chat.user-updates, routingKey=user.u253.group-updates
2026-06-12T12:41:36.775+07:00 DEBUG 11675 --- [chat-app] [ummary-update-3] c.h.c.s.GroupSummaryUpdatePublisher      : [publishToGroupMembers] Pushed group summary update to user=u253, groupId=13, destination=/topic/user.u253.group-updates, message=GroupSummaryUpdate(groupId=13, latestMessage=this is a demo msg, latestMessageSender=vegeta, latestMessageAt=2026-06-12T12:41:36.434507)
2026-06-12T12:41:36.775+07:00 DEBUG 11675 --- [chat-app] [ummary-update-3] c.h.c.c.CustomRabbitMQBrokerHandler      : Publishing to RabbitMQ: from instance=instance-dev to exchange=chat.user-updates, routingKey=user.u254.group-updates
2026-06-12T12:41:36.775+07:00 DEBUG 11675 --- [chat-app] [ummary-update-3] c.h.c.s.GroupSummaryUpdatePublisher      : [publishToGroupMembers] Pushed group summary update to user=u254, groupId=13, destination=/topic/user.u254.group-updates, message=GroupSummaryUpdate(groupId=13, latestMessage=this is a demo msg, latestMessageSender=vegeta, latestMessageAt=2026-06-12T12:41:36.434507)
2026-06-12T12:41:36.776+07:00 DEBUG 11675 --- [chat-app] [ummary-update-3] c.h.c.c.CustomRabbitMQBrokerHandler      : Publishing to RabbitMQ: from instance=instance-dev to exchange=chat.user-updates, routingKey=user.u255.group-updates
2026-06-12T12:41:36.776+07:00 DEBUG 11675 --- [chat-app] [ummary-update-3] c.h.c.s.GroupSummaryUpdatePublisher      : [publishToGroupMembers] Pushed group summary update to user=u255, groupId=13, destination=/topic/user.u255.group-updates, message=GroupSummaryUpdate(groupId=13, latestMessage=this is a demo msg, latestMessageSender=vegeta, latestMessageAt=2026-06-12T12:41:36.434507)
2026-06-12T12:41:36.776+07:00 DEBUG 11675 --- [chat-app] [ummary-update-3] c.h.c.c.CustomRabbitMQBrokerHandler      : Publishing to RabbitMQ: from instance=instance-dev to exchange=chat.user-updates, routingKey=user.u256.group-updates
2026-06-12T12:41:36.776+07:00 DEBUG 11675 --- [chat-app] [ummary-update-3] c.h.c.s.GroupSummaryUpdatePublisher      : [publishToGroupMembers] Pushed group summary update to user=u256, groupId=13, destination=/topic/user.u256.group-updates, message=GroupSummaryUpdate(groupId=13, latestMessage=this is a demo msg, latestMessageSender=vegeta, latestMessageAt=2026-06-12T12:41:36.434507)
2026-06-12T12:41:36.776+07:00 DEBUG 11675 --- [chat-app] [ummary-update-3] c.h.c.c.CustomRabbitMQBrokerHandler      : Publishing to RabbitMQ: from instance=instance-dev to exchange=chat.user-updates, routingKey=user.u257.group-updates
2026-06-12T12:41:36.776+07:00 DEBUG 11675 --- [chat-app] [ummary-update-3] c.h.c.s.GroupSummaryUpdatePublisher      : [publishToGroupMembers] Pushed group summary update to user=u257, groupId=13, destination=/topic/user.u257.group-updates, message=GroupSummaryUpdate(groupId=13, latestMessage=this is a demo msg, latestMessageSender=vegeta, latestMessageAt=2026-06-12T12:41:36.434507)
2026-06-12T12:41:36.776+07:00 DEBUG 11675 --- [chat-app] [ummary-update-3] c.h.c.c.CustomRabbitMQBrokerHandler      : Publishing to RabbitMQ: from instance=instance-dev to exchange=chat.user-updates, routingKey=user.u258.group-updates
2026-06-12T12:41:36.776+07:00 DEBUG 11675 --- [chat-app] [ummary-update-3] c.h.c.s.GroupSummaryUpdatePublisher      : [publishToGroupMembers] Pushed group summary update to user=u258, groupId=13, destination=/topic/user.u258.group-updates, message=GroupSummaryUpdate(groupId=13, latestMessage=this is a demo msg, latestMessageSender=vegeta, latestMessageAt=2026-06-12T12:41:36.434507)
2026-06-12T12:41:36.776+07:00 DEBUG 11675 --- [chat-app] [ummary-update-3] c.h.c.c.CustomRabbitMQBrokerHandler      : Publishing to RabbitMQ: from instance=instance-dev to exchange=chat.user-updates, routingKey=user.u259.group-updates
2026-06-12T12:41:36.776+07:00 DEBUG 11675 --- [chat-app] [ummary-update-3] c.h.c.s.GroupSummaryUpdatePublisher      : [publishToGroupMembers] Pushed group summary update to user=u259, groupId=13, destination=/topic/user.u259.group-updates, message=GroupSummaryUpdate(groupId=13, latestMessage=this is a demo msg, latestMessageSender=vegeta, latestMessageAt=2026-06-12T12:41:36.434507)
2026-06-12T12:41:36.776+07:00 DEBUG 11675 --- [chat-app] [ummary-update-3] c.h.c.c.CustomRabbitMQBrokerHandler      : Publishing to RabbitMQ: from instance=instance-dev to exchange=chat.user-updates, routingKey=user.u260.group-updates
2026-06-12T12:41:36.776+07:00 DEBUG 11675 --- [chat-app] [ummary-update-3] c.h.c.s.GroupSummaryUpdatePublisher      : [publishToGroupMembers] Pushed group summary update to user=u260, groupId=13, destination=/topic/user.u260.group-updates, message=GroupSummaryUpdate(groupId=13, latestMessage=this is a demo msg, latestMessageSender=vegeta, latestMessageAt=2026-06-12T12:41:36.434507)
2026-06-12T12:41:36.776+07:00 DEBUG 11675 --- [chat-app] [ummary-update-3] c.h.c.c.CustomRabbitMQBrokerHandler      : Publishing to RabbitMQ: from instance=instance-dev to exchange=chat.user-updates, routingKey=user.u261.group-updates
2026-06-12T12:41:36.776+07:00 DEBUG 11675 --- [chat-app] [ummary-update-3] c.h.c.s.GroupSummaryUpdatePublisher      : [publishToGroupMembers] Pushed group summary update to user=u261, groupId=13, destination=/topic/user.u261.group-updates, message=GroupSummaryUpdate(groupId=13, latestMessage=this is a demo msg, latestMessageSender=vegeta, latestMessageAt=2026-06-12T12:41:36.434507)
2026-06-12T12:41:36.776+07:00 DEBUG 11675 --- [chat-app] [ummary-update-3] c.h.c.c.CustomRabbitMQBrokerHandler      : Publishing to RabbitMQ: from instance=instance-dev to exchange=chat.user-updates, routingKey=user.u262.group-updates
2026-06-12T12:41:36.777+07:00 DEBUG 11675 --- [chat-app] [ummary-update-3] c.h.c.s.GroupSummaryUpdatePublisher      : [publishToGroupMembers] Pushed group summary update to user=u262, groupId=13, destination=/topic/user.u262.group-updates, message=GroupSummaryUpdate(groupId=13, latestMessage=this is a demo msg, latestMessageSender=vegeta, latestMessageAt=2026-06-12T12:41:36.434507)
2026-06-12T12:41:36.777+07:00 DEBUG 11675 --- [chat-app] [ummary-update-3] c.h.c.c.CustomRabbitMQBrokerHandler      : Publishing to RabbitMQ: from instance=instance-dev to exchange=chat.user-updates, routingKey=user.u263.group-updates
2026-06-12T12:41:36.777+07:00 DEBUG 11675 --- [chat-app] [ummary-update-3] c.h.c.s.GroupSummaryUpdatePublisher      : [publishToGroupMembers] Pushed group summary update to user=u263, groupId=13, destination=/topic/user.u263.group-updates, message=GroupSummaryUpdate(groupId=13, latestMessage=this is a demo msg, latestMessageSender=vegeta, latestMessageAt=2026-06-12T12:41:36.434507)
2026-06-12T12:41:36.777+07:00 DEBUG 11675 --- [chat-app] [ummary-update-3] c.h.c.c.CustomRabbitMQBrokerHandler      : Publishing to RabbitMQ: from instance=instance-dev to exchange=chat.user-updates, routingKey=user.u264.group-updates
2026-06-12T12:41:36.777+07:00 DEBUG 11675 --- [chat-app] [ummary-update-3] c.h.c.s.GroupSummaryUpdatePublisher      : [publishToGroupMembers] Pushed group summary update to user=u264, groupId=13, destination=/topic/user.u264.group-updates, message=GroupSummaryUpdate(groupId=13, latestMessage=this is a demo msg, latestMessageSender=vegeta, latestMessageAt=2026-06-12T12:41:36.434507)
2026-06-12T12:41:36.777+07:00 DEBUG 11675 --- [chat-app] [ummary-update-3] c.h.c.c.CustomRabbitMQBrokerHandler      : Publishing to RabbitMQ: from instance=instance-dev to exchange=chat.user-updates, routingKey=user.u265.group-updates
2026-06-12T12:41:36.777+07:00 DEBUG 11675 --- [chat-app] [ummary-update-3] c.h.c.s.GroupSummaryUpdatePublisher      : [publishToGroupMembers] Pushed group summary update to user=u265, groupId=13, destination=/topic/user.u265.group-updates, message=GroupSummaryUpdate(groupId=13, latestMessage=this is a demo msg, latestMessageSender=vegeta, latestMessageAt=2026-06-12T12:41:36.434507)
2026-06-12T12:41:36.777+07:00 DEBUG 11675 --- [chat-app] [ummary-update-3] c.h.c.c.CustomRabbitMQBrokerHandler      : Publishing to RabbitMQ: from instance=instance-dev to exchange=chat.user-updates, routingKey=user.u266.group-updates
2026-06-12T12:41:36.777+07:00 DEBUG 11675 --- [chat-app] [ummary-update-3] c.h.c.s.GroupSummaryUpdatePublisher      : [publishToGroupMembers] Pushed group summary update to user=u266, groupId=13, destination=/topic/user.u266.group-updates, message=GroupSummaryUpdate(groupId=13, latestMessage=this is a demo msg, latestMessageSender=vegeta, latestMessageAt=2026-06-12T12:41:36.434507)
2026-06-12T12:41:36.777+07:00 DEBUG 11675 --- [chat-app] [ummary-update-3] c.h.c.c.CustomRabbitMQBrokerHandler      : Publishing to RabbitMQ: from instance=instance-dev to exchange=chat.user-updates, routingKey=user.u267.group-updates
2026-06-12T12:41:36.777+07:00 DEBUG 11675 --- [chat-app] [ummary-update-3] c.h.c.s.GroupSummaryUpdatePublisher      : [publishToGroupMembers] Pushed group summary update to user=u267, groupId=13, destination=/topic/user.u267.group-updates, message=GroupSummaryUpdate(groupId=13, latestMessage=this is a demo msg, latestMessageSender=vegeta, latestMessageAt=2026-06-12T12:41:36.434507)
2026-06-12T12:41:36.777+07:00 DEBUG 11675 --- [chat-app] [ummary-update-3] c.h.c.c.CustomRabbitMQBrokerHandler      : Publishing to RabbitMQ: from instance=instance-dev to exchange=chat.user-updates, routingKey=user.u268.group-updates
2026-06-12T12:41:36.777+07:00 DEBUG 11675 --- [chat-app] [ummary-update-3] c.h.c.s.GroupSummaryUpdatePublisher      : [publishToGroupMembers] Pushed group summary update to user=u268, groupId=13, destination=/topic/user.u268.group-updates, message=GroupSummaryUpdate(groupId=13, latestMessage=this is a demo msg, latestMessageSender=vegeta, latestMessageAt=2026-06-12T12:41:36.434507)
2026-06-12T12:41:36.777+07:00 DEBUG 11675 --- [chat-app] [ummary-update-3] c.h.c.c.CustomRabbitMQBrokerHandler      : Publishing to RabbitMQ: from instance=instance-dev to exchange=chat.user-updates, routingKey=user.u269.group-updates
2026-06-12T12:41:36.777+07:00 DEBUG 11675 --- [chat-app] [ummary-update-3] c.h.c.s.GroupSummaryUpdatePublisher      : [publishToGroupMembers] Pushed group summary update to user=u269, groupId=13, destination=/topic/user.u269.group-updates, message=GroupSummaryUpdate(groupId=13, latestMessage=this is a demo msg, latestMessageSender=vegeta, latestMessageAt=2026-06-12T12:41:36.434507)
2026-06-12T12:41:36.777+07:00 DEBUG 11675 --- [chat-app] [ummary-update-3] c.h.c.c.CustomRabbitMQBrokerHandler      : Publishing to RabbitMQ: from instance=instance-dev to exchange=chat.user-updates, routingKey=user.u270.group-updates
2026-06-12T12:41:36.777+07:00 DEBUG 11675 --- [chat-app] [ummary-update-3] c.h.c.s.GroupSummaryUpdatePublisher      : [publishToGroupMembers] Pushed group summary update to user=u270, groupId=13, destination=/topic/user.u270.group-updates, message=GroupSummaryUpdate(groupId=13, latestMessage=this is a demo msg, latestMessageSender=vegeta, latestMessageAt=2026-06-12T12:41:36.434507)
2026-06-12T12:41:36.778+07:00 DEBUG 11675 --- [chat-app] [ummary-update-3] c.h.c.c.CustomRabbitMQBrokerHandler      : Publishing to RabbitMQ: from instance=instance-dev to exchange=chat.user-updates, routingKey=user.u271.group-updates
2026-06-12T12:41:36.778+07:00 DEBUG 11675 --- [chat-app] [ummary-update-3] c.h.c.s.GroupSummaryUpdatePublisher      : [publishToGroupMembers] Pushed group summary update to user=u271, groupId=13, destination=/topic/user.u271.group-updates, message=GroupSummaryUpdate(groupId=13, latestMessage=this is a demo msg, latestMessageSender=vegeta, latestMessageAt=2026-06-12T12:41:36.434507)
2026-06-12T12:41:36.778+07:00 DEBUG 11675 --- [chat-app] [ummary-update-3] c.h.c.c.CustomRabbitMQBrokerHandler      : Publishing to RabbitMQ: from instance=instance-dev to exchange=chat.user-updates, routingKey=user.u272.group-updates
2026-06-12T12:41:36.778+07:00 DEBUG 11675 --- [chat-app] [ummary-update-3] c.h.c.s.GroupSummaryUpdatePublisher      : [publishToGroupMembers] Pushed group summary update to user=u272, groupId=13, destination=/topic/user.u272.group-updates, message=GroupSummaryUpdate(groupId=13, latestMessage=this is a demo msg, latestMessageSender=vegeta, latestMessageAt=2026-06-12T12:41:36.434507)
2026-06-12T12:41:36.778+07:00 DEBUG 11675 --- [chat-app] [ummary-update-3] c.h.c.c.CustomRabbitMQBrokerHandler      : Publishing to RabbitMQ: from instance=instance-dev to exchange=chat.user-updates, routingKey=user.u273.group-updates
2026-06-12T12:41:36.778+07:00 DEBUG 11675 --- [chat-app] [ummary-update-3] c.h.c.s.GroupSummaryUpdatePublisher      : [publishToGroupMembers] Pushed group summary update to user=u273, groupId=13, destination=/topic/user.u273.group-updates, message=GroupSummaryUpdate(groupId=13, latestMessage=this is a demo msg, latestMessageSender=vegeta, latestMessageAt=2026-06-12T12:41:36.434507)
2026-06-12T12:41:36.778+07:00 DEBUG 11675 --- [chat-app] [ummary-update-3] c.h.c.c.CustomRabbitMQBrokerHandler      : Publishing to RabbitMQ: from instance=instance-dev to exchange=chat.user-updates, routingKey=user.u274.group-updates
2026-06-12T12:41:36.778+07:00 DEBUG 11675 --- [chat-app] [ummary-update-3] c.h.c.s.GroupSummaryUpdatePublisher      : [publishToGroupMembers] Pushed group summary update to user=u274, groupId=13, destination=/topic/user.u274.group-updates, message=GroupSummaryUpdate(groupId=13, latestMessage=this is a demo msg, latestMessageSender=vegeta, latestMessageAt=2026-06-12T12:41:36.434507)
2026-06-12T12:41:36.778+07:00 DEBUG 11675 --- [chat-app] [ummary-update-3] c.h.c.c.CustomRabbitMQBrokerHandler      : Publishing to RabbitMQ: from instance=instance-dev to exchange=chat.user-updates, routingKey=user.u275.group-updates
2026-06-12T12:41:36.778+07:00 DEBUG 11675 --- [chat-app] [ummary-update-3] c.h.c.s.GroupSummaryUpdatePublisher      : [publishToGroupMembers] Pushed group summary update to user=u275, groupId=13, destination=/topic/user.u275.group-updates, message=GroupSummaryUpdate(groupId=13, latestMessage=this is a demo msg, latestMessageSender=vegeta, latestMessageAt=2026-06-12T12:41:36.434507)
2026-06-12T12:41:36.778+07:00 DEBUG 11675 --- [chat-app] [ummary-update-3] c.h.c.c.CustomRabbitMQBrokerHandler      : Publishing to RabbitMQ: from instance=instance-dev to exchange=chat.user-updates, routingKey=user.u276.group-updates
2026-06-12T12:41:36.778+07:00 DEBUG 11675 --- [chat-app] [ummary-update-3] c.h.c.s.GroupSummaryUpdatePublisher      : [publishToGroupMembers] Pushed group summary update to user=u276, groupId=13, destination=/topic/user.u276.group-updates, message=GroupSummaryUpdate(groupId=13, latestMessage=this is a demo msg, latestMessageSender=vegeta, latestMessageAt=2026-06-12T12:41:36.434507)
2026-06-12T12:41:36.778+07:00 DEBUG 11675 --- [chat-app] [ummary-update-3] c.h.c.c.CustomRabbitMQBrokerHandler      : Publishing to RabbitMQ: from instance=instance-dev to exchange=chat.user-updates, routingKey=user.u277.group-updates
2026-06-12T12:41:36.778+07:00 DEBUG 11675 --- [chat-app] [ummary-update-3] c.h.c.s.GroupSummaryUpdatePublisher      : [publishToGroupMembers] Pushed group summary update to user=u277, groupId=13, destination=/topic/user.u277.group-updates, message=GroupSummaryUpdate(groupId=13, latestMessage=this is a demo msg, latestMessageSender=vegeta, latestMessageAt=2026-06-12T12:41:36.434507)
2026-06-12T12:41:36.778+07:00 DEBUG 11675 --- [chat-app] [ummary-update-3] c.h.c.c.CustomRabbitMQBrokerHandler      : Publishing to RabbitMQ: from instance=instance-dev to exchange=chat.user-updates, routingKey=user.u278.group-updates
2026-06-12T12:41:36.778+07:00 DEBUG 11675 --- [chat-app] [ummary-update-3] c.h.c.s.GroupSummaryUpdatePublisher      : [publishToGroupMembers] Pushed group summary update to user=u278, groupId=13, destination=/topic/user.u278.group-updates, message=GroupSummaryUpdate(groupId=13, latestMessage=this is a demo msg, latestMessageSender=vegeta, latestMessageAt=2026-06-12T12:41:36.434507)
2026-06-12T12:41:36.778+07:00 DEBUG 11675 --- [chat-app] [ummary-update-3] c.h.c.c.CustomRabbitMQBrokerHandler      : Publishing to RabbitMQ: from instance=instance-dev to exchange=chat.user-updates, routingKey=user.u279.group-updates
2026-06-12T12:41:36.778+07:00 DEBUG 11675 --- [chat-app] [ummary-update-3] c.h.c.s.GroupSummaryUpdatePublisher      : [publishToGroupMembers] Pushed group summary update to user=u279, groupId=13, destination=/topic/user.u279.group-updates, message=GroupSummaryUpdate(groupId=13, latestMessage=this is a demo msg, latestMessageSender=vegeta, latestMessageAt=2026-06-12T12:41:36.434507)
2026-06-12T12:41:36.778+07:00 DEBUG 11675 --- [chat-app] [ummary-update-3] c.h.c.c.CustomRabbitMQBrokerHandler      : Publishing to RabbitMQ: from instance=instance-dev to exchange=chat.user-updates, routingKey=user.u280.group-updates
2026-06-12T12:41:36.779+07:00 DEBUG 11675 --- [chat-app] [ummary-update-3] c.h.c.s.GroupSummaryUpdatePublisher      : [publishToGroupMembers] Pushed group summary update to user=u280, groupId=13, destination=/topic/user.u280.group-updates, message=GroupSummaryUpdate(groupId=13, latestMessage=this is a demo msg, latestMessageSender=vegeta, latestMessageAt=2026-06-12T12:41:36.434507)
2026-06-12T12:41:36.779+07:00 DEBUG 11675 --- [chat-app] [ummary-update-3] c.h.c.c.CustomRabbitMQBrokerHandler      : Publishing to RabbitMQ: from instance=instance-dev to exchange=chat.user-updates, routingKey=user.u281.group-updates
2026-06-12T12:41:36.779+07:00 DEBUG 11675 --- [chat-app] [ummary-update-3] c.h.c.s.GroupSummaryUpdatePublisher      : [publishToGroupMembers] Pushed group summary update to user=u281, groupId=13, destination=/topic/user.u281.group-updates, message=GroupSummaryUpdate(groupId=13, latestMessage=this is a demo msg, latestMessageSender=vegeta, latestMessageAt=2026-06-12T12:41:36.434507)
2026-06-12T12:41:36.779+07:00 DEBUG 11675 --- [chat-app] [ummary-update-3] c.h.c.c.CustomRabbitMQBrokerHandler      : Publishing to RabbitMQ: from instance=instance-dev to exchange=chat.user-updates, routingKey=user.u282.group-updates
2026-06-12T12:41:36.779+07:00 DEBUG 11675 --- [chat-app] [ummary-update-3] c.h.c.s.GroupSummaryUpdatePublisher      : [publishToGroupMembers] Pushed group summary update to user=u282, groupId=13, destination=/topic/user.u282.group-updates, message=GroupSummaryUpdate(groupId=13, latestMessage=this is a demo msg, latestMessageSender=vegeta, latestMessageAt=2026-06-12T12:41:36.434507)
2026-06-12T12:41:36.779+07:00 DEBUG 11675 --- [chat-app] [ummary-update-3] c.h.c.c.CustomRabbitMQBrokerHandler      : Publishing to RabbitMQ: from instance=instance-dev to exchange=chat.user-updates, routingKey=user.u283.group-updates
2026-06-12T12:41:36.779+07:00 DEBUG 11675 --- [chat-app] [ummary-update-3] c.h.c.s.GroupSummaryUpdatePublisher      : [publishToGroupMembers] Pushed group summary update to user=u283, groupId=13, destination=/topic/user.u283.group-updates, message=GroupSummaryUpdate(groupId=13, latestMessage=this is a demo msg, latestMessageSender=vegeta, latestMessageAt=2026-06-12T12:41:36.434507)
2026-06-12T12:41:36.779+07:00 DEBUG 11675 --- [chat-app] [ummary-update-3] c.h.c.c.CustomRabbitMQBrokerHandler      : Publishing to RabbitMQ: from instance=instance-dev to exchange=chat.user-updates, routingKey=user.u284.group-updates
2026-06-12T12:41:36.779+07:00 DEBUG 11675 --- [chat-app] [ummary-update-3] c.h.c.s.GroupSummaryUpdatePublisher      : [publishToGroupMembers] Pushed group summary update to user=u284, groupId=13, destination=/topic/user.u284.group-updates, message=GroupSummaryUpdate(groupId=13, latestMessage=this is a demo msg, latestMessageSender=vegeta, latestMessageAt=2026-06-12T12:41:36.434507)
2026-06-12T12:41:36.779+07:00 DEBUG 11675 --- [chat-app] [ummary-update-3] c.h.c.c.CustomRabbitMQBrokerHandler      : Publishing to RabbitMQ: from instance=instance-dev to exchange=chat.user-updates, routingKey=user.u285.group-updates
2026-06-12T12:41:36.780+07:00 DEBUG 11675 --- [chat-app] [ummary-update-3] c.h.c.s.GroupSummaryUpdatePublisher      : [publishToGroupMembers] Pushed group summary update to user=u285, groupId=13, destination=/topic/user.u285.group-updates, message=GroupSummaryUpdate(groupId=13, latestMessage=this is a demo msg, latestMessageSender=vegeta, latestMessageAt=2026-06-12T12:41:36.434507)
2026-06-12T12:41:36.780+07:00 DEBUG 11675 --- [chat-app] [ummary-update-3] c.h.c.c.CustomRabbitMQBrokerHandler      : Publishing to RabbitMQ: from instance=instance-dev to exchange=chat.user-updates, routingKey=user.u286.group-updates
2026-06-12T12:41:36.780+07:00 DEBUG 11675 --- [chat-app] [ummary-update-3] c.h.c.s.GroupSummaryUpdatePublisher      : [publishToGroupMembers] Pushed group summary update to user=u286, groupId=13, destination=/topic/user.u286.group-updates, message=GroupSummaryUpdate(groupId=13, latestMessage=this is a demo msg, latestMessageSender=vegeta, latestMessageAt=2026-06-12T12:41:36.434507)
2026-06-12T12:41:36.780+07:00 DEBUG 11675 --- [chat-app] [ummary-update-3] c.h.c.c.CustomRabbitMQBrokerHandler      : Publishing to RabbitMQ: from instance=instance-dev to exchange=chat.user-updates, routingKey=user.u287.group-updates
2026-06-12T12:41:36.780+07:00 DEBUG 11675 --- [chat-app] [ummary-update-3] c.h.c.s.GroupSummaryUpdatePublisher      : [publishToGroupMembers] Pushed group summary update to user=u287, groupId=13, destination=/topic/user.u287.group-updates, message=GroupSummaryUpdate(groupId=13, latestMessage=this is a demo msg, latestMessageSender=vegeta, latestMessageAt=2026-06-12T12:41:36.434507)
2026-06-12T12:41:36.780+07:00 DEBUG 11675 --- [chat-app] [ummary-update-3] c.h.c.c.CustomRabbitMQBrokerHandler      : Publishing to RabbitMQ: from instance=instance-dev to exchange=chat.user-updates, routingKey=user.u288.group-updates
2026-06-12T12:41:36.780+07:00 DEBUG 11675 --- [chat-app] [ummary-update-3] c.h.c.s.GroupSummaryUpdatePublisher      : [publishToGroupMembers] Pushed group summary update to user=u288, groupId=13, destination=/topic/user.u288.group-updates, message=GroupSummaryUpdate(groupId=13, latestMessage=this is a demo msg, latestMessageSender=vegeta, latestMessageAt=2026-06-12T12:41:36.434507)
2026-06-12T12:41:36.780+07:00 DEBUG 11675 --- [chat-app] [ummary-update-3] c.h.c.c.CustomRabbitMQBrokerHandler      : Publishing to RabbitMQ: from instance=instance-dev to exchange=chat.user-updates, routingKey=user.u289.group-updates
2026-06-12T12:41:36.780+07:00 DEBUG 11675 --- [chat-app] [ummary-update-3] c.h.c.s.GroupSummaryUpdatePublisher      : [publishToGroupMembers] Pushed group summary update to user=u289, groupId=13, destination=/topic/user.u289.group-updates, message=GroupSummaryUpdate(groupId=13, latestMessage=this is a demo msg, latestMessageSender=vegeta, latestMessageAt=2026-06-12T12:41:36.434507)
2026-06-12T12:41:36.780+07:00 DEBUG 11675 --- [chat-app] [ummary-update-3] c.h.c.c.CustomRabbitMQBrokerHandler      : Publishing to RabbitMQ: from instance=instance-dev to exchange=chat.user-updates, routingKey=user.u290.group-updates
2026-06-12T12:41:36.780+07:00 DEBUG 11675 --- [chat-app] [ummary-update-3] c.h.c.s.GroupSummaryUpdatePublisher      : [publishToGroupMembers] Pushed group summary update to user=u290, groupId=13, destination=/topic/user.u290.group-updates, message=GroupSummaryUpdate(groupId=13, latestMessage=this is a demo msg, latestMessageSender=vegeta, latestMessageAt=2026-06-12T12:41:36.434507)
2026-06-12T12:41:36.780+07:00 DEBUG 11675 --- [chat-app] [ummary-update-3] c.h.c.c.CustomRabbitMQBrokerHandler      : Publishing to RabbitMQ: from instance=instance-dev to exchange=chat.user-updates, routingKey=user.u291.group-updates
2026-06-12T12:41:36.781+07:00 DEBUG 11675 --- [chat-app] [ummary-update-3] c.h.c.s.GroupSummaryUpdatePublisher      : [publishToGroupMembers] Pushed group summary update to user=u291, groupId=13, destination=/topic/user.u291.group-updates, message=GroupSummaryUpdate(groupId=13, latestMessage=this is a demo msg, latestMessageSender=vegeta, latestMessageAt=2026-06-12T12:41:36.434507)
2026-06-12T12:41:36.781+07:00 DEBUG 11675 --- [chat-app] [ummary-update-3] c.h.c.c.CustomRabbitMQBrokerHandler      : Publishing to RabbitMQ: from instance=instance-dev to exchange=chat.user-updates, routingKey=user.u292.group-updates
2026-06-12T12:41:36.781+07:00 DEBUG 11675 --- [chat-app] [ummary-update-3] c.h.c.s.GroupSummaryUpdatePublisher      : [publishToGroupMembers] Pushed group summary update to user=u292, groupId=13, destination=/topic/user.u292.group-updates, message=GroupSummaryUpdate(groupId=13, latestMessage=this is a demo msg, latestMessageSender=vegeta, latestMessageAt=2026-06-12T12:41:36.434507)
2026-06-12T12:41:36.781+07:00 DEBUG 11675 --- [chat-app] [ummary-update-3] c.h.c.c.CustomRabbitMQBrokerHandler      : Publishing to RabbitMQ: from instance=instance-dev to exchange=chat.user-updates, routingKey=user.u293.group-updates
2026-06-12T12:41:36.782+07:00 DEBUG 11675 --- [chat-app] [ummary-update-3] c.h.c.s.GroupSummaryUpdatePublisher      : [publishToGroupMembers] Pushed group summary update to user=u293, groupId=13, destination=/topic/user.u293.group-updates, message=GroupSummaryUpdate(groupId=13, latestMessage=this is a demo msg, latestMessageSender=vegeta, latestMessageAt=2026-06-12T12:41:36.434507)
2026-06-12T12:41:36.782+07:00 DEBUG 11675 --- [chat-app] [ummary-update-3] c.h.c.c.CustomRabbitMQBrokerHandler      : Publishing to RabbitMQ: from instance=instance-dev to exchange=chat.user-updates, routingKey=user.u294.group-updates
2026-06-12T12:41:36.782+07:00 DEBUG 11675 --- [chat-app] [ummary-update-3] c.h.c.s.GroupSummaryUpdatePublisher      : [publishToGroupMembers] Pushed group summary update to user=u294, groupId=13, destination=/topic/user.u294.group-updates, message=GroupSummaryUpdate(groupId=13, latestMessage=this is a demo msg, latestMessageSender=vegeta, latestMessageAt=2026-06-12T12:41:36.434507)
2026-06-12T12:41:36.782+07:00 DEBUG 11675 --- [chat-app] [ummary-update-3] c.h.c.c.CustomRabbitMQBrokerHandler      : Publishing to RabbitMQ: from instance=instance-dev to exchange=chat.user-updates, routingKey=user.u295.group-updates
2026-06-12T12:41:36.782+07:00 DEBUG 11675 --- [chat-app] [ummary-update-3] c.h.c.s.GroupSummaryUpdatePublisher      : [publishToGroupMembers] Pushed group summary update to user=u295, groupId=13, destination=/topic/user.u295.group-updates, message=GroupSummaryUpdate(groupId=13, latestMessage=this is a demo msg, latestMessageSender=vegeta, latestMessageAt=2026-06-12T12:41:36.434507)
2026-06-12T12:41:36.782+07:00 DEBUG 11675 --- [chat-app] [ummary-update-3] c.h.c.c.CustomRabbitMQBrokerHandler      : Publishing to RabbitMQ: from instance=instance-dev to exchange=chat.user-updates, routingKey=user.u296.group-updates
2026-06-12T12:41:36.782+07:00 DEBUG 11675 --- [chat-app] [ummary-update-3] c.h.c.s.GroupSummaryUpdatePublisher      : [publishToGroupMembers] Pushed group summary update to user=u296, groupId=13, destination=/topic/user.u296.group-updates, message=GroupSummaryUpdate(groupId=13, latestMessage=this is a demo msg, latestMessageSender=vegeta, latestMessageAt=2026-06-12T12:41:36.434507)
2026-06-12T12:41:36.782+07:00 DEBUG 11675 --- [chat-app] [ummary-update-3] c.h.c.c.CustomRabbitMQBrokerHandler      : Publishing to RabbitMQ: from instance=instance-dev to exchange=chat.user-updates, routingKey=user.u297.group-updates
2026-06-12T12:41:36.782+07:00 DEBUG 11675 --- [chat-app] [ummary-update-3] c.h.c.s.GroupSummaryUpdatePublisher      : [publishToGroupMembers] Pushed group summary update to user=u297, groupId=13, destination=/topic/user.u297.group-updates, message=GroupSummaryUpdate(groupId=13, latestMessage=this is a demo msg, latestMessageSender=vegeta, latestMessageAt=2026-06-12T12:41:36.434507)
2026-06-12T12:41:36.782+07:00 DEBUG 11675 --- [chat-app] [ummary-update-3] c.h.c.c.CustomRabbitMQBrokerHandler      : Publishing to RabbitMQ: from instance=instance-dev to exchange=chat.user-updates, routingKey=user.u298.group-updates
2026-06-12T12:41:36.782+07:00 DEBUG 11675 --- [chat-app] [ummary-update-3] c.h.c.s.GroupSummaryUpdatePublisher      : [publishToGroupMembers] Pushed group summary update to user=u298, groupId=13, destination=/topic/user.u298.group-updates, message=GroupSummaryUpdate(groupId=13, latestMessage=this is a demo msg, latestMessageSender=vegeta, latestMessageAt=2026-06-12T12:41:36.434507)
2026-06-12T12:41:36.782+07:00 DEBUG 11675 --- [chat-app] [ummary-update-3] c.h.c.c.CustomRabbitMQBrokerHandler      : Publishing to RabbitMQ: from instance=instance-dev to exchange=chat.user-updates, routingKey=user.u299.group-updates
2026-06-12T12:41:36.782+07:00 DEBUG 11675 --- [chat-app] [ummary-update-3] c.h.c.s.GroupSummaryUpdatePublisher      : [publishToGroupMembers] Pushed group summary update to user=u299, groupId=13, destination=/topic/user.u299.group-updates, message=GroupSummaryUpdate(groupId=13, latestMessage=this is a demo msg, latestMessageSender=vegeta, latestMessageAt=2026-06-12T12:41:36.434507)
2026-06-12T12:41:36.783+07:00 DEBUG 11675 --- [chat-app] [ummary-update-3] c.h.c.c.CustomRabbitMQBrokerHandler      : Publishing to RabbitMQ: from instance=instance-dev to exchange=chat.user-updates, routingKey=user.u300.group-updates
2026-06-12T12:41:36.783+07:00 DEBUG 11675 --- [chat-app] [ummary-update-3] c.h.c.s.GroupSummaryUpdatePublisher      : [publishToGroupMembers] Pushed group summary update to user=u300, groupId=13, destination=/topic/user.u300.group-updates, message=GroupSummaryUpdate(groupId=13, latestMessage=this is a demo msg, latestMessageSender=vegeta, latestMessageAt=2026-06-12T12:41:36.434507)
2026-06-12T12:41:36.783+07:00 DEBUG 11675 --- [chat-app] [ummary-update-3] c.h.c.c.CustomRabbitMQBrokerHandler      : Publishing to RabbitMQ: from instance=instance-dev to exchange=chat.user-updates, routingKey=user.u301.group-updates
2026-06-12T12:41:36.783+07:00 DEBUG 11675 --- [chat-app] [ummary-update-3] c.h.c.s.GroupSummaryUpdatePublisher      : [publishToGroupMembers] Pushed group summary update to user=u301, groupId=13, destination=/topic/user.u301.group-updates, message=GroupSummaryUpdate(groupId=13, latestMessage=this is a demo msg, latestMessageSender=vegeta, latestMessageAt=2026-06-12T12:41:36.434507)
2026-06-12T12:41:36.783+07:00 DEBUG 11675 --- [chat-app] [ummary-update-3] c.h.c.c.CustomRabbitMQBrokerHandler      : Publishing to RabbitMQ: from instance=instance-dev to exchange=chat.user-updates, routingKey=user.u302.group-updates
2026-06-12T12:41:36.783+07:00 DEBUG 11675 --- [chat-app] [ummary-update-3] c.h.c.s.GroupSummaryUpdatePublisher      : [publishToGroupMembers] Pushed group summary update to user=u302, groupId=13, destination=/topic/user.u302.group-updates, message=GroupSummaryUpdate(groupId=13, latestMessage=this is a demo msg, latestMessageSender=vegeta, latestMessageAt=2026-06-12T12:41:36.434507)
2026-06-12T12:41:36.783+07:00 DEBUG 11675 --- [chat-app] [ummary-update-3] c.h.c.c.CustomRabbitMQBrokerHandler      : Publishing to RabbitMQ: from instance=instance-dev to exchange=chat.user-updates, routingKey=user.u303.group-updates
2026-06-12T12:41:36.783+07:00 DEBUG 11675 --- [chat-app] [ummary-update-3] c.h.c.s.GroupSummaryUpdatePublisher      : [publishToGroupMembers] Pushed group summary update to user=u303, groupId=13, destination=/topic/user.u303.group-updates, message=GroupSummaryUpdate(groupId=13, latestMessage=this is a demo msg, latestMessageSender=vegeta, latestMessageAt=2026-06-12T12:41:36.434507)
2026-06-12T12:41:36.783+07:00 DEBUG 11675 --- [chat-app] [ummary-update-3] c.h.c.c.CustomRabbitMQBrokerHandler      : Publishing to RabbitMQ: from instance=instance-dev to exchange=chat.user-updates, routingKey=user.u304.group-updates
2026-06-12T12:41:36.783+07:00 DEBUG 11675 --- [chat-app] [ummary-update-3] c.h.c.s.GroupSummaryUpdatePublisher      : [publishToGroupMembers] Pushed group summary update to user=u304, groupId=13, destination=/topic/user.u304.group-updates, message=GroupSummaryUpdate(groupId=13, latestMessage=this is a demo msg, latestMessageSender=vegeta, latestMessageAt=2026-06-12T12:41:36.434507)
2026-06-12T12:41:36.783+07:00 DEBUG 11675 --- [chat-app] [ummary-update-3] c.h.c.c.CustomRabbitMQBrokerHandler      : Publishing to RabbitMQ: from instance=instance-dev to exchange=chat.user-updates, routingKey=user.u305.group-updates
2026-06-12T12:41:36.784+07:00 DEBUG 11675 --- [chat-app] [ummary-update-3] c.h.c.s.GroupSummaryUpdatePublisher      : [publishToGroupMembers] Pushed group summary update to user=u305, groupId=13, destination=/topic/user.u305.group-updates, message=GroupSummaryUpdate(groupId=13, latestMessage=this is a demo msg, latestMessageSender=vegeta, latestMessageAt=2026-06-12T12:41:36.434507)
2026-06-12T12:41:36.784+07:00 DEBUG 11675 --- [chat-app] [ummary-update-3] c.h.c.c.CustomRabbitMQBrokerHandler      : Publishing to RabbitMQ: from instance=instance-dev to exchange=chat.user-updates, routingKey=user.u306.group-updates
2026-06-12T12:41:36.784+07:00 DEBUG 11675 --- [chat-app] [ummary-update-3] c.h.c.s.GroupSummaryUpdatePublisher      : [publishToGroupMembers] Pushed group summary update to user=u306, groupId=13, destination=/topic/user.u306.group-updates, message=GroupSummaryUpdate(groupId=13, latestMessage=this is a demo msg, latestMessageSender=vegeta, latestMessageAt=2026-06-12T12:41:36.434507)
2026-06-12T12:41:36.784+07:00 DEBUG 11675 --- [chat-app] [ummary-update-3] c.h.c.c.CustomRabbitMQBrokerHandler      : Publishing to RabbitMQ: from instance=instance-dev to exchange=chat.user-updates, routingKey=user.u307.group-updates
2026-06-12T12:41:36.784+07:00 DEBUG 11675 --- [chat-app] [ummary-update-3] c.h.c.s.GroupSummaryUpdatePublisher      : [publishToGroupMembers] Pushed group summary update to user=u307, groupId=13, destination=/topic/user.u307.group-updates, message=GroupSummaryUpdate(groupId=13, latestMessage=this is a demo msg, latestMessageSender=vegeta, latestMessageAt=2026-06-12T12:41:36.434507)
2026-06-12T12:41:36.784+07:00 DEBUG 11675 --- [chat-app] [ummary-update-3] c.h.c.c.CustomRabbitMQBrokerHandler      : Publishing to RabbitMQ: from instance=instance-dev to exchange=chat.user-updates, routingKey=user.u308.group-updates
2026-06-12T12:41:36.784+07:00 DEBUG 11675 --- [chat-app] [ummary-update-3] c.h.c.s.GroupSummaryUpdatePublisher      : [publishToGroupMembers] Pushed group summary update to user=u308, groupId=13, destination=/topic/user.u308.group-updates, message=GroupSummaryUpdate(groupId=13, latestMessage=this is a demo msg, latestMessageSender=vegeta, latestMessageAt=2026-06-12T12:41:36.434507)
2026-06-12T12:41:36.784+07:00 DEBUG 11675 --- [chat-app] [ummary-update-3] c.h.c.c.CustomRabbitMQBrokerHandler      : Publishing to RabbitMQ: from instance=instance-dev to exchange=chat.user-updates, routingKey=user.u309.group-updates
2026-06-12T12:41:36.785+07:00 DEBUG 11675 --- [chat-app] [ummary-update-3] c.h.c.s.GroupSummaryUpdatePublisher      : [publishToGroupMembers] Pushed group summary update to user=u309, groupId=13, destination=/topic/user.u309.group-updates, message=GroupSummaryUpdate(groupId=13, latestMessage=this is a demo msg, latestMessageSender=vegeta, latestMessageAt=2026-06-12T12:41:36.434507)
2026-06-12T12:41:36.785+07:00 DEBUG 11675 --- [chat-app] [ummary-update-3] c.h.c.c.CustomRabbitMQBrokerHandler      : Publishing to RabbitMQ: from instance=instance-dev to exchange=chat.user-updates, routingKey=user.u310.group-updates
2026-06-12T12:41:36.785+07:00 DEBUG 11675 --- [chat-app] [ummary-update-3] c.h.c.s.GroupSummaryUpdatePublisher      : [publishToGroupMembers] Pushed group summary update to user=u310, groupId=13, destination=/topic/user.u310.group-updates, message=GroupSummaryUpdate(groupId=13, latestMessage=this is a demo msg, latestMessageSender=vegeta, latestMessageAt=2026-06-12T12:41:36.434507)
2026-06-12T12:41:36.785+07:00 DEBUG 11675 --- [chat-app] [ummary-update-3] c.h.c.c.CustomRabbitMQBrokerHandler      : Publishing to RabbitMQ: from instance=instance-dev to exchange=chat.user-updates, routingKey=user.u311.group-updates
2026-06-12T12:41:36.785+07:00 DEBUG 11675 --- [chat-app] [ummary-update-3] c.h.c.s.GroupSummaryUpdatePublisher      : [publishToGroupMembers] Pushed group summary update to user=u311, groupId=13, destination=/topic/user.u311.group-updates, message=GroupSummaryUpdate(groupId=13, latestMessage=this is a demo msg, latestMessageSender=vegeta, latestMessageAt=2026-06-12T12:41:36.434507)
2026-06-12T12:41:36.785+07:00 DEBUG 11675 --- [chat-app] [ummary-update-3] c.h.c.c.CustomRabbitMQBrokerHandler      : Publishing to RabbitMQ: from instance=instance-dev to exchange=chat.user-updates, routingKey=user.u312.group-updates
2026-06-12T12:41:36.785+07:00 DEBUG 11675 --- [chat-app] [ummary-update-3] c.h.c.s.GroupSummaryUpdatePublisher      : [publishToGroupMembers] Pushed group summary update to user=u312, groupId=13, destination=/topic/user.u312.group-updates, message=GroupSummaryUpdate(groupId=13, latestMessage=this is a demo msg, latestMessageSender=vegeta, latestMessageAt=2026-06-12T12:41:36.434507)
2026-06-12T12:41:36.785+07:00 DEBUG 11675 --- [chat-app] [ummary-update-3] c.h.c.c.CustomRabbitMQBrokerHandler      : Publishing to RabbitMQ: from instance=instance-dev to exchange=chat.user-updates, routingKey=user.u313.group-updates
2026-06-12T12:41:36.785+07:00 DEBUG 11675 --- [chat-app] [ummary-update-3] c.h.c.s.GroupSummaryUpdatePublisher      : [publishToGroupMembers] Pushed group summary update to user=u313, groupId=13, destination=/topic/user.u313.group-updates, message=GroupSummaryUpdate(groupId=13, latestMessage=this is a demo msg, latestMessageSender=vegeta, latestMessageAt=2026-06-12T12:41:36.434507)
2026-06-12T12:41:36.785+07:00 DEBUG 11675 --- [chat-app] [ummary-update-3] c.h.c.c.CustomRabbitMQBrokerHandler      : Publishing to RabbitMQ: from instance=instance-dev to exchange=chat.user-updates, routingKey=user.u314.group-updates
2026-06-12T12:41:36.785+07:00 DEBUG 11675 --- [chat-app] [ummary-update-3] c.h.c.s.GroupSummaryUpdatePublisher      : [publishToGroupMembers] Pushed group summary update to user=u314, groupId=13, destination=/topic/user.u314.group-updates, message=GroupSummaryUpdate(groupId=13, latestMessage=this is a demo msg, latestMessageSender=vegeta, latestMessageAt=2026-06-12T12:41:36.434507)
2026-06-12T12:41:36.785+07:00 DEBUG 11675 --- [chat-app] [ummary-update-3] c.h.c.c.CustomRabbitMQBrokerHandler      : Publishing to RabbitMQ: from instance=instance-dev to exchange=chat.user-updates, routingKey=user.u315.group-updates
2026-06-12T12:41:36.786+07:00 DEBUG 11675 --- [chat-app] [ummary-update-3] c.h.c.s.GroupSummaryUpdatePublisher      : [publishToGroupMembers] Pushed group summary update to user=u315, groupId=13, destination=/topic/user.u315.group-updates, message=GroupSummaryUpdate(groupId=13, latestMessage=this is a demo msg, latestMessageSender=vegeta, latestMessageAt=2026-06-12T12:41:36.434507)
2026-06-12T12:41:36.786+07:00 DEBUG 11675 --- [chat-app] [ummary-update-3] c.h.c.c.CustomRabbitMQBrokerHandler      : Publishing to RabbitMQ: from instance=instance-dev to exchange=chat.user-updates, routingKey=user.u316.group-updates
2026-06-12T12:41:36.786+07:00 DEBUG 11675 --- [chat-app] [ummary-update-3] c.h.c.s.GroupSummaryUpdatePublisher      : [publishToGroupMembers] Pushed group summary update to user=u316, groupId=13, destination=/topic/user.u316.group-updates, message=GroupSummaryUpdate(groupId=13, latestMessage=this is a demo msg, latestMessageSender=vegeta, latestMessageAt=2026-06-12T12:41:36.434507)
2026-06-12T12:41:36.786+07:00 DEBUG 11675 --- [chat-app] [ummary-update-3] c.h.c.c.CustomRabbitMQBrokerHandler      : Publishing to RabbitMQ: from instance=instance-dev to exchange=chat.user-updates, routingKey=user.u317.group-updates
2026-06-12T12:41:36.786+07:00 DEBUG 11675 --- [chat-app] [ummary-update-3] c.h.c.s.GroupSummaryUpdatePublisher      : [publishToGroupMembers] Pushed group summary update to user=u317, groupId=13, destination=/topic/user.u317.group-updates, message=GroupSummaryUpdate(groupId=13, latestMessage=this is a demo msg, latestMessageSender=vegeta, latestMessageAt=2026-06-12T12:41:36.434507)
2026-06-12T12:41:36.786+07:00 DEBUG 11675 --- [chat-app] [ummary-update-3] c.h.c.c.CustomRabbitMQBrokerHandler      : Publishing to RabbitMQ: from instance=instance-dev to exchange=chat.user-updates, routingKey=user.u318.group-updates
2026-06-12T12:41:36.786+07:00 DEBUG 11675 --- [chat-app] [ummary-update-3] c.h.c.s.GroupSummaryUpdatePublisher      : [publishToGroupMembers] Pushed group summary update to user=u318, groupId=13, destination=/topic/user.u318.group-updates, message=GroupSummaryUpdate(groupId=13, latestMessage=this is a demo msg, latestMessageSender=vegeta, latestMessageAt=2026-06-12T12:41:36.434507)
2026-06-12T12:41:36.786+07:00 DEBUG 11675 --- [chat-app] [ummary-update-3] c.h.c.c.CustomRabbitMQBrokerHandler      : Publishing to RabbitMQ: from instance=instance-dev to exchange=chat.user-updates, routingKey=user.u319.group-updates
2026-06-12T12:41:36.786+07:00 DEBUG 11675 --- [chat-app] [ummary-update-3] c.h.c.s.GroupSummaryUpdatePublisher      : [publishToGroupMembers] Pushed group summary update to user=u319, groupId=13, destination=/topic/user.u319.group-updates, message=GroupSummaryUpdate(groupId=13, latestMessage=this is a demo msg, latestMessageSender=vegeta, latestMessageAt=2026-06-12T12:41:36.434507)
2026-06-12T12:41:36.786+07:00 DEBUG 11675 --- [chat-app] [ummary-update-3] c.h.c.c.CustomRabbitMQBrokerHandler      : Publishing to RabbitMQ: from instance=instance-dev to exchange=chat.user-updates, routingKey=user.u320.group-updates
2026-06-12T12:41:36.786+07:00 DEBUG 11675 --- [chat-app] [ummary-update-3] c.h.c.s.GroupSummaryUpdatePublisher      : [publishToGroupMembers] Pushed group summary update to user=u320, groupId=13, destination=/topic/user.u320.group-updates, message=GroupSummaryUpdate(groupId=13, latestMessage=this is a demo msg, latestMessageSender=vegeta, latestMessageAt=2026-06-12T12:41:36.434507)
2026-06-12T12:41:36.786+07:00 DEBUG 11675 --- [chat-app] [ummary-update-3] c.h.c.c.CustomRabbitMQBrokerHandler      : Publishing to RabbitMQ: from instance=instance-dev to exchange=chat.user-updates, routingKey=user.u321.group-updates
2026-06-12T12:41:36.786+07:00 DEBUG 11675 --- [chat-app] [ummary-update-3] c.h.c.s.GroupSummaryUpdatePublisher      : [publishToGroupMembers] Pushed group summary update to user=u321, groupId=13, destination=/topic/user.u321.group-updates, message=GroupSummaryUpdate(groupId=13, latestMessage=this is a demo msg, latestMessageSender=vegeta, latestMessageAt=2026-06-12T12:41:36.434507)
2026-06-12T12:41:36.787+07:00 DEBUG 11675 --- [chat-app] [ummary-update-3] c.h.c.c.CustomRabbitMQBrokerHandler      : Publishing to RabbitMQ: from instance=instance-dev to exchange=chat.user-updates, routingKey=user.u322.group-updates
2026-06-12T12:41:36.787+07:00 DEBUG 11675 --- [chat-app] [ummary-update-3] c.h.c.s.GroupSummaryUpdatePublisher      : [publishToGroupMembers] Pushed group summary update to user=u322, groupId=13, destination=/topic/user.u322.group-updates, message=GroupSummaryUpdate(groupId=13, latestMessage=this is a demo msg, latestMessageSender=vegeta, latestMessageAt=2026-06-12T12:41:36.434507)
2026-06-12T12:41:36.787+07:00 DEBUG 11675 --- [chat-app] [ummary-update-3] c.h.c.c.CustomRabbitMQBrokerHandler      : Publishing to RabbitMQ: from instance=instance-dev to exchange=chat.user-updates, routingKey=user.u323.group-updates
2026-06-12T12:41:36.787+07:00 DEBUG 11675 --- [chat-app] [ummary-update-3] c.h.c.s.GroupSummaryUpdatePublisher      : [publishToGroupMembers] Pushed group summary update to user=u323, groupId=13, destination=/topic/user.u323.group-updates, message=GroupSummaryUpdate(groupId=13, latestMessage=this is a demo msg, latestMessageSender=vegeta, latestMessageAt=2026-06-12T12:41:36.434507)
2026-06-12T12:41:36.787+07:00 DEBUG 11675 --- [chat-app] [ummary-update-3] c.h.c.c.CustomRabbitMQBrokerHandler      : Publishing to RabbitMQ: from instance=instance-dev to exchange=chat.user-updates, routingKey=user.u324.group-updates
2026-06-12T12:41:36.787+07:00 DEBUG 11675 --- [chat-app] [ummary-update-3] c.h.c.s.GroupSummaryUpdatePublisher      : [publishToGroupMembers] Pushed group summary update to user=u324, groupId=13, destination=/topic/user.u324.group-updates, message=GroupSummaryUpdate(groupId=13, latestMessage=this is a demo msg, latestMessageSender=vegeta, latestMessageAt=2026-06-12T12:41:36.434507)
2026-06-12T12:41:36.787+07:00 DEBUG 11675 --- [chat-app] [ummary-update-3] c.h.c.c.CustomRabbitMQBrokerHandler      : Publishing to RabbitMQ: from instance=instance-dev to exchange=chat.user-updates, routingKey=user.u325.group-updates
2026-06-12T12:41:36.787+07:00 DEBUG 11675 --- [chat-app] [ummary-update-3] c.h.c.s.GroupSummaryUpdatePublisher      : [publishToGroupMembers] Pushed group summary update to user=u325, groupId=13, destination=/topic/user.u325.group-updates, message=GroupSummaryUpdate(groupId=13, latestMessage=this is a demo msg, latestMessageSender=vegeta, latestMessageAt=2026-06-12T12:41:36.434507)
2026-06-12T12:41:36.787+07:00 DEBUG 11675 --- [chat-app] [ummary-update-3] c.h.c.c.CustomRabbitMQBrokerHandler      : Publishing to RabbitMQ: from instance=instance-dev to exchange=chat.user-updates, routingKey=user.u326.group-updates
2026-06-12T12:41:36.787+07:00 DEBUG 11675 --- [chat-app] [ummary-update-3] c.h.c.s.GroupSummaryUpdatePublisher      : [publishToGroupMembers] Pushed group summary update to user=u326, groupId=13, destination=/topic/user.u326.group-updates, message=GroupSummaryUpdate(groupId=13, latestMessage=this is a demo msg, latestMessageSender=vegeta, latestMessageAt=2026-06-12T12:41:36.434507)
2026-06-12T12:41:36.787+07:00 DEBUG 11675 --- [chat-app] [ummary-update-3] c.h.c.c.CustomRabbitMQBrokerHandler      : Publishing to RabbitMQ: from instance=instance-dev to exchange=chat.user-updates, routingKey=user.u327.group-updates
2026-06-12T12:41:36.788+07:00 DEBUG 11675 --- [chat-app] [ummary-update-3] c.h.c.s.GroupSummaryUpdatePublisher      : [publishToGroupMembers] Pushed group summary update to user=u327, groupId=13, destination=/topic/user.u327.group-updates, message=GroupSummaryUpdate(groupId=13, latestMessage=this is a demo msg, latestMessageSender=vegeta, latestMessageAt=2026-06-12T12:41:36.434507)
2026-06-12T12:41:36.788+07:00 DEBUG 11675 --- [chat-app] [ummary-update-3] c.h.c.c.CustomRabbitMQBrokerHandler      : Publishing to RabbitMQ: from instance=instance-dev to exchange=chat.user-updates, routingKey=user.u328.group-updates
2026-06-12T12:41:36.788+07:00 DEBUG 11675 --- [chat-app] [ummary-update-3] c.h.c.s.GroupSummaryUpdatePublisher      : [publishToGroupMembers] Pushed group summary update to user=u328, groupId=13, destination=/topic/user.u328.group-updates, message=GroupSummaryUpdate(groupId=13, latestMessage=this is a demo msg, latestMessageSender=vegeta, latestMessageAt=2026-06-12T12:41:36.434507)
2026-06-12T12:41:36.788+07:00 DEBUG 11675 --- [chat-app] [ummary-update-3] c.h.c.c.CustomRabbitMQBrokerHandler      : Publishing to RabbitMQ: from instance=instance-dev to exchange=chat.user-updates, routingKey=user.u329.group-updates
2026-06-12T12:41:36.788+07:00 DEBUG 11675 --- [chat-app] [ummary-update-3] c.h.c.s.GroupSummaryUpdatePublisher      : [publishToGroupMembers] Pushed group summary update to user=u329, groupId=13, destination=/topic/user.u329.group-updates, message=GroupSummaryUpdate(groupId=13, latestMessage=this is a demo msg, latestMessageSender=vegeta, latestMessageAt=2026-06-12T12:41:36.434507)
2026-06-12T12:41:36.788+07:00 DEBUG 11675 --- [chat-app] [ummary-update-3] c.h.c.c.CustomRabbitMQBrokerHandler      : Publishing to RabbitMQ: from instance=instance-dev to exchange=chat.user-updates, routingKey=user.u330.group-updates
2026-06-12T12:41:36.788+07:00 DEBUG 11675 --- [chat-app] [ummary-update-3] c.h.c.s.GroupSummaryUpdatePublisher      : [publishToGroupMembers] Pushed group summary update to user=u330, groupId=13, destination=/topic/user.u330.group-updates, message=GroupSummaryUpdate(groupId=13, latestMessage=this is a demo msg, latestMessageSender=vegeta, latestMessageAt=2026-06-12T12:41:36.434507)
2026-06-12T12:41:36.788+07:00 DEBUG 11675 --- [chat-app] [ummary-update-3] c.h.c.c.CustomRabbitMQBrokerHandler      : Publishing to RabbitMQ: from instance=instance-dev to exchange=chat.user-updates, routingKey=user.u331.group-updates
2026-06-12T12:41:36.788+07:00 DEBUG 11675 --- [chat-app] [ummary-update-3] c.h.c.s.GroupSummaryUpdatePublisher      : [publishToGroupMembers] Pushed group summary update to user=u331, groupId=13, destination=/topic/user.u331.group-updates, message=GroupSummaryUpdate(groupId=13, latestMessage=this is a demo msg, latestMessageSender=vegeta, latestMessageAt=2026-06-12T12:41:36.434507)
2026-06-12T12:41:36.789+07:00 DEBUG 11675 --- [chat-app] [ummary-update-3] c.h.c.c.CustomRabbitMQBrokerHandler      : Publishing to RabbitMQ: from instance=instance-dev to exchange=chat.user-updates, routingKey=user.u332.group-updates
2026-06-12T12:41:36.789+07:00 DEBUG 11675 --- [chat-app] [ummary-update-3] c.h.c.s.GroupSummaryUpdatePublisher      : [publishToGroupMembers] Pushed group summary update to user=u332, groupId=13, destination=/topic/user.u332.group-updates, message=GroupSummaryUpdate(groupId=13, latestMessage=this is a demo msg, latestMessageSender=vegeta, latestMessageAt=2026-06-12T12:41:36.434507)
2026-06-12T12:41:36.789+07:00 DEBUG 11675 --- [chat-app] [ummary-update-3] c.h.c.c.CustomRabbitMQBrokerHandler      : Publishing to RabbitMQ: from instance=instance-dev to exchange=chat.user-updates, routingKey=user.u333.group-updates
2026-06-12T12:41:36.789+07:00 DEBUG 11675 --- [chat-app] [ummary-update-3] c.h.c.s.GroupSummaryUpdatePublisher      : [publishToGroupMembers] Pushed group summary update to user=u333, groupId=13, destination=/topic/user.u333.group-updates, message=GroupSummaryUpdate(groupId=13, latestMessage=this is a demo msg, latestMessageSender=vegeta, latestMessageAt=2026-06-12T12:41:36.434507)
2026-06-12T12:41:36.789+07:00 DEBUG 11675 --- [chat-app] [ummary-update-3] c.h.c.c.CustomRabbitMQBrokerHandler      : Publishing to RabbitMQ: from instance=instance-dev to exchange=chat.user-updates, routingKey=user.u334.group-updates
2026-06-12T12:41:36.789+07:00 DEBUG 11675 --- [chat-app] [ummary-update-3] c.h.c.s.GroupSummaryUpdatePublisher      : [publishToGroupMembers] Pushed group summary update to user=u334, groupId=13, destination=/topic/user.u334.group-updates, message=GroupSummaryUpdate(groupId=13, latestMessage=this is a demo msg, latestMessageSender=vegeta, latestMessageAt=2026-06-12T12:41:36.434507)
2026-06-12T12:41:36.789+07:00 DEBUG 11675 --- [chat-app] [ummary-update-3] c.h.c.c.CustomRabbitMQBrokerHandler      : Publishing to RabbitMQ: from instance=instance-dev to exchange=chat.user-updates, routingKey=user.u335.group-updates
2026-06-12T12:41:36.789+07:00 DEBUG 11675 --- [chat-app] [ummary-update-3] c.h.c.s.GroupSummaryUpdatePublisher      : [publishToGroupMembers] Pushed group summary update to user=u335, groupId=13, destination=/topic/user.u335.group-updates, message=GroupSummaryUpdate(groupId=13, latestMessage=this is a demo msg, latestMessageSender=vegeta, latestMessageAt=2026-06-12T12:41:36.434507)
2026-06-12T12:41:36.789+07:00 DEBUG 11675 --- [chat-app] [ummary-update-3] c.h.c.c.CustomRabbitMQBrokerHandler      : Publishing to RabbitMQ: from instance=instance-dev to exchange=chat.user-updates, routingKey=user.u336.group-updates
2026-06-12T12:41:36.789+07:00 DEBUG 11675 --- [chat-app] [ummary-update-3] c.h.c.s.GroupSummaryUpdatePublisher      : [publishToGroupMembers] Pushed group summary update to user=u336, groupId=13, destination=/topic/user.u336.group-updates, message=GroupSummaryUpdate(groupId=13, latestMessage=this is a demo msg, latestMessageSender=vegeta, latestMessageAt=2026-06-12T12:41:36.434507)
2026-06-12T12:41:36.789+07:00 DEBUG 11675 --- [chat-app] [ummary-update-3] c.h.c.c.CustomRabbitMQBrokerHandler      : Publishing to RabbitMQ: from instance=instance-dev to exchange=chat.user-updates, routingKey=user.u337.group-updates
2026-06-12T12:41:36.789+07:00 DEBUG 11675 --- [chat-app] [ummary-update-3] c.h.c.s.GroupSummaryUpdatePublisher      : [publishToGroupMembers] Pushed group summary update to user=u337, groupId=13, destination=/topic/user.u337.group-updates, message=GroupSummaryUpdate(groupId=13, latestMessage=this is a demo msg, latestMessageSender=vegeta, latestMessageAt=2026-06-12T12:41:36.434507)
2026-06-12T12:41:36.789+07:00 DEBUG 11675 --- [chat-app] [ummary-update-3] c.h.c.c.CustomRabbitMQBrokerHandler      : Publishing to RabbitMQ: from instance=instance-dev to exchange=chat.user-updates, routingKey=user.u338.group-updates
2026-06-12T12:41:36.789+07:00 DEBUG 11675 --- [chat-app] [ummary-update-3] c.h.c.s.GroupSummaryUpdatePublisher      : [publishToGroupMembers] Pushed group summary update to user=u338, groupId=13, destination=/topic/user.u338.group-updates, message=GroupSummaryUpdate(groupId=13, latestMessage=this is a demo msg, latestMessageSender=vegeta, latestMessageAt=2026-06-12T12:41:36.434507)
2026-06-12T12:41:36.789+07:00 DEBUG 11675 --- [chat-app] [ummary-update-3] c.h.c.c.CustomRabbitMQBrokerHandler      : Publishing to RabbitMQ: from instance=instance-dev to exchange=chat.user-updates, routingKey=user.u339.group-updates
2026-06-12T12:41:36.789+07:00 DEBUG 11675 --- [chat-app] [ummary-update-3] c.h.c.s.GroupSummaryUpdatePublisher      : [publishToGroupMembers] Pushed group summary update to user=u339, groupId=13, destination=/topic/user.u339.group-updates, message=GroupSummaryUpdate(groupId=13, latestMessage=this is a demo msg, latestMessageSender=vegeta, latestMessageAt=2026-06-12T12:41:36.434507)
2026-06-12T12:41:36.789+07:00 DEBUG 11675 --- [chat-app] [ummary-update-3] c.h.c.c.CustomRabbitMQBrokerHandler      : Publishing to RabbitMQ: from instance=instance-dev to exchange=chat.user-updates, routingKey=user.u340.group-updates
2026-06-12T12:41:36.789+07:00 DEBUG 11675 --- [chat-app] [ummary-update-3] c.h.c.s.GroupSummaryUpdatePublisher      : [publishToGroupMembers] Pushed group summary update to user=u340, groupId=13, destination=/topic/user.u340.group-updates, message=GroupSummaryUpdate(groupId=13, latestMessage=this is a demo msg, latestMessageSender=vegeta, latestMessageAt=2026-06-12T12:41:36.434507)
2026-06-12T12:41:36.789+07:00 DEBUG 11675 --- [chat-app] [ummary-update-3] c.h.c.c.CustomRabbitMQBrokerHandler      : Publishing to RabbitMQ: from instance=instance-dev to exchange=chat.user-updates, routingKey=user.u341.group-updates
2026-06-12T12:41:36.790+07:00 DEBUG 11675 --- [chat-app] [ummary-update-3] c.h.c.s.GroupSummaryUpdatePublisher      : [publishToGroupMembers] Pushed group summary update to user=u341, groupId=13, destination=/topic/user.u341.group-updates, message=GroupSummaryUpdate(groupId=13, latestMessage=this is a demo msg, latestMessageSender=vegeta, latestMessageAt=2026-06-12T12:41:36.434507)
2026-06-12T12:41:36.790+07:00 DEBUG 11675 --- [chat-app] [ummary-update-3] c.h.c.c.CustomRabbitMQBrokerHandler      : Publishing to RabbitMQ: from instance=instance-dev to exchange=chat.user-updates, routingKey=user.u342.group-updates
2026-06-12T12:41:36.790+07:00 DEBUG 11675 --- [chat-app] [ummary-update-3] c.h.c.s.GroupSummaryUpdatePublisher      : [publishToGroupMembers] Pushed group summary update to user=u342, groupId=13, destination=/topic/user.u342.group-updates, message=GroupSummaryUpdate(groupId=13, latestMessage=this is a demo msg, latestMessageSender=vegeta, latestMessageAt=2026-06-12T12:41:36.434507)
2026-06-12T12:41:36.790+07:00 DEBUG 11675 --- [chat-app] [ummary-update-3] c.h.c.c.CustomRabbitMQBrokerHandler      : Publishing to RabbitMQ: from instance=instance-dev to exchange=chat.user-updates, routingKey=user.u343.group-updates
2026-06-12T12:41:36.790+07:00 DEBUG 11675 --- [chat-app] [ummary-update-3] c.h.c.s.GroupSummaryUpdatePublisher      : [publishToGroupMembers] Pushed group summary update to user=u343, groupId=13, destination=/topic/user.u343.group-updates, message=GroupSummaryUpdate(groupId=13, latestMessage=this is a demo msg, latestMessageSender=vegeta, latestMessageAt=2026-06-12T12:41:36.434507)
2026-06-12T12:41:36.790+07:00 DEBUG 11675 --- [chat-app] [ummary-update-3] c.h.c.c.CustomRabbitMQBrokerHandler      : Publishing to RabbitMQ: from instance=instance-dev to exchange=chat.user-updates, routingKey=user.u344.group-updates
2026-06-12T12:41:36.790+07:00 DEBUG 11675 --- [chat-app] [ummary-update-3] c.h.c.s.GroupSummaryUpdatePublisher      : [publishToGroupMembers] Pushed group summary update to user=u344, groupId=13, destination=/topic/user.u344.group-updates, message=GroupSummaryUpdate(groupId=13, latestMessage=this is a demo msg, latestMessageSender=vegeta, latestMessageAt=2026-06-12T12:41:36.434507)
2026-06-12T12:41:36.790+07:00 DEBUG 11675 --- [chat-app] [ummary-update-3] c.h.c.c.CustomRabbitMQBrokerHandler      : Publishing to RabbitMQ: from instance=instance-dev to exchange=chat.user-updates, routingKey=user.u345.group-updates
2026-06-12T12:41:36.790+07:00 DEBUG 11675 --- [chat-app] [ummary-update-3] c.h.c.s.GroupSummaryUpdatePublisher      : [publishToGroupMembers] Pushed group summary update to user=u345, groupId=13, destination=/topic/user.u345.group-updates, message=GroupSummaryUpdate(groupId=13, latestMessage=this is a demo msg, latestMessageSender=vegeta, latestMessageAt=2026-06-12T12:41:36.434507)
2026-06-12T12:41:36.790+07:00 DEBUG 11675 --- [chat-app] [ummary-update-3] c.h.c.c.CustomRabbitMQBrokerHandler      : Publishing to RabbitMQ: from instance=instance-dev to exchange=chat.user-updates, routingKey=user.u346.group-updates
2026-06-12T12:41:36.790+07:00 DEBUG 11675 --- [chat-app] [ummary-update-3] c.h.c.s.GroupSummaryUpdatePublisher      : [publishToGroupMembers] Pushed group summary update to user=u346, groupId=13, destination=/topic/user.u346.group-updates, message=GroupSummaryUpdate(groupId=13, latestMessage=this is a demo msg, latestMessageSender=vegeta, latestMessageAt=2026-06-12T12:41:36.434507)
2026-06-12T12:41:36.790+07:00 DEBUG 11675 --- [chat-app] [ummary-update-3] c.h.c.c.CustomRabbitMQBrokerHandler      : Publishing to RabbitMQ: from instance=instance-dev to exchange=chat.user-updates, routingKey=user.u347.group-updates
2026-06-12T12:41:36.790+07:00 DEBUG 11675 --- [chat-app] [ummary-update-3] c.h.c.s.GroupSummaryUpdatePublisher      : [publishToGroupMembers] Pushed group summary update to user=u347, groupId=13, destination=/topic/user.u347.group-updates, message=GroupSummaryUpdate(groupId=13, latestMessage=this is a demo msg, latestMessageSender=vegeta, latestMessageAt=2026-06-12T12:41:36.434507)
2026-06-12T12:41:36.790+07:00 DEBUG 11675 --- [chat-app] [ummary-update-3] c.h.c.c.CustomRabbitMQBrokerHandler      : Publishing to RabbitMQ: from instance=instance-dev to exchange=chat.user-updates, routingKey=user.u348.group-updates
2026-06-12T12:41:36.790+07:00 DEBUG 11675 --- [chat-app] [ummary-update-3] c.h.c.s.GroupSummaryUpdatePublisher      : [publishToGroupMembers] Pushed group summary update to user=u348, groupId=13, destination=/topic/user.u348.group-updates, message=GroupSummaryUpdate(groupId=13, latestMessage=this is a demo msg, latestMessageSender=vegeta, latestMessageAt=2026-06-12T12:41:36.434507)
2026-06-12T12:41:36.790+07:00 DEBUG 11675 --- [chat-app] [ummary-update-3] c.h.c.c.CustomRabbitMQBrokerHandler      : Publishing to RabbitMQ: from instance=instance-dev to exchange=chat.user-updates, routingKey=user.u349.group-updates
2026-06-12T12:41:36.791+07:00 DEBUG 11675 --- [chat-app] [ummary-update-3] c.h.c.s.GroupSummaryUpdatePublisher      : [publishToGroupMembers] Pushed group summary update to user=u349, groupId=13, destination=/topic/user.u349.group-updates, message=GroupSummaryUpdate(groupId=13, latestMessage=this is a demo msg, latestMessageSender=vegeta, latestMessageAt=2026-06-12T12:41:36.434507)
2026-06-12T12:41:36.791+07:00 DEBUG 11675 --- [chat-app] [ummary-update-3] c.h.c.c.CustomRabbitMQBrokerHandler      : Publishing to RabbitMQ: from instance=instance-dev to exchange=chat.user-updates, routingKey=user.u350.group-updates
2026-06-12T12:41:36.791+07:00 DEBUG 11675 --- [chat-app] [ummary-update-3] c.h.c.s.GroupSummaryUpdatePublisher      : [publishToGroupMembers] Pushed group summary update to user=u350, groupId=13, destination=/topic/user.u350.group-updates, message=GroupSummaryUpdate(groupId=13, latestMessage=this is a demo msg, latestMessageSender=vegeta, latestMessageAt=2026-06-12T12:41:36.434507)
2026-06-12T12:41:36.791+07:00 DEBUG 11675 --- [chat-app] [ummary-update-3] c.h.c.c.CustomRabbitMQBrokerHandler      : Publishing to RabbitMQ: from instance=instance-dev to exchange=chat.user-updates, routingKey=user.u351.group-updates
2026-06-12T12:41:36.791+07:00 DEBUG 11675 --- [chat-app] [ummary-update-3] c.h.c.s.GroupSummaryUpdatePublisher      : [publishToGroupMembers] Pushed group summary update to user=u351, groupId=13, destination=/topic/user.u351.group-updates, message=GroupSummaryUpdate(groupId=13, latestMessage=this is a demo msg, latestMessageSender=vegeta, latestMessageAt=2026-06-12T12:41:36.434507)
2026-06-12T12:41:36.791+07:00 DEBUG 11675 --- [chat-app] [ummary-update-3] c.h.c.c.CustomRabbitMQBrokerHandler      : Publishing to RabbitMQ: from instance=instance-dev to exchange=chat.user-updates, routingKey=user.u352.group-updates
2026-06-12T12:41:36.791+07:00 DEBUG 11675 --- [chat-app] [ummary-update-3] c.h.c.s.GroupSummaryUpdatePublisher      : [publishToGroupMembers] Pushed group summary update to user=u352, groupId=13, destination=/topic/user.u352.group-updates, message=GroupSummaryUpdate(groupId=13, latestMessage=this is a demo msg, latestMessageSender=vegeta, latestMessageAt=2026-06-12T12:41:36.434507)
2026-06-12T12:41:36.791+07:00 DEBUG 11675 --- [chat-app] [ummary-update-3] c.h.c.c.CustomRabbitMQBrokerHandler      : Publishing to RabbitMQ: from instance=instance-dev to exchange=chat.user-updates, routingKey=user.u353.group-updates
2026-06-12T12:41:36.791+07:00 DEBUG 11675 --- [chat-app] [ummary-update-3] c.h.c.s.GroupSummaryUpdatePublisher      : [publishToGroupMembers] Pushed group summary update to user=u353, groupId=13, destination=/topic/user.u353.group-updates, message=GroupSummaryUpdate(groupId=13, latestMessage=this is a demo msg, latestMessageSender=vegeta, latestMessageAt=2026-06-12T12:41:36.434507)
2026-06-12T12:41:36.791+07:00 DEBUG 11675 --- [chat-app] [ummary-update-3] c.h.c.c.CustomRabbitMQBrokerHandler      : Publishing to RabbitMQ: from instance=instance-dev to exchange=chat.user-updates, routingKey=user.u354.group-updates
2026-06-12T12:41:36.791+07:00 DEBUG 11675 --- [chat-app] [ummary-update-3] c.h.c.s.GroupSummaryUpdatePublisher      : [publishToGroupMembers] Pushed group summary update to user=u354, groupId=13, destination=/topic/user.u354.group-updates, message=GroupSummaryUpdate(groupId=13, latestMessage=this is a demo msg, latestMessageSender=vegeta, latestMessageAt=2026-06-12T12:41:36.434507)
2026-06-12T12:41:36.792+07:00 DEBUG 11675 --- [chat-app] [ummary-update-3] c.h.c.c.CustomRabbitMQBrokerHandler      : Publishing to RabbitMQ: from instance=instance-dev to exchange=chat.user-updates, routingKey=user.u355.group-updates
2026-06-12T12:41:36.792+07:00 DEBUG 11675 --- [chat-app] [ummary-update-3] c.h.c.s.GroupSummaryUpdatePublisher      : [publishToGroupMembers] Pushed group summary update to user=u355, groupId=13, destination=/topic/user.u355.group-updates, message=GroupSummaryUpdate(groupId=13, latestMessage=this is a demo msg, latestMessageSender=vegeta, latestMessageAt=2026-06-12T12:41:36.434507)
2026-06-12T12:41:36.792+07:00 DEBUG 11675 --- [chat-app] [ummary-update-3] c.h.c.c.CustomRabbitMQBrokerHandler      : Publishing to RabbitMQ: from instance=instance-dev to exchange=chat.user-updates, routingKey=user.u356.group-updates
2026-06-12T12:41:36.792+07:00 DEBUG 11675 --- [chat-app] [ummary-update-3] c.h.c.s.GroupSummaryUpdatePublisher      : [publishToGroupMembers] Pushed group summary update to user=u356, groupId=13, destination=/topic/user.u356.group-updates, message=GroupSummaryUpdate(groupId=13, latestMessage=this is a demo msg, latestMessageSender=vegeta, latestMessageAt=2026-06-12T12:41:36.434507)
2026-06-12T12:41:36.792+07:00 DEBUG 11675 --- [chat-app] [ummary-update-3] c.h.c.c.CustomRabbitMQBrokerHandler      : Publishing to RabbitMQ: from instance=instance-dev to exchange=chat.user-updates, routingKey=user.u357.group-updates
2026-06-12T12:41:36.792+07:00 DEBUG 11675 --- [chat-app] [ummary-update-3] c.h.c.s.GroupSummaryUpdatePublisher      : [publishToGroupMembers] Pushed group summary update to user=u357, groupId=13, destination=/topic/user.u357.group-updates, message=GroupSummaryUpdate(groupId=13, latestMessage=this is a demo msg, latestMessageSender=vegeta, latestMessageAt=2026-06-12T12:41:36.434507)
2026-06-12T12:41:36.792+07:00 DEBUG 11675 --- [chat-app] [ummary-update-3] c.h.c.c.CustomRabbitMQBrokerHandler      : Publishing to RabbitMQ: from instance=instance-dev to exchange=chat.user-updates, routingKey=user.u358.group-updates
2026-06-12T12:41:36.792+07:00 DEBUG 11675 --- [chat-app] [ummary-update-3] c.h.c.s.GroupSummaryUpdatePublisher      : [publishToGroupMembers] Pushed group summary update to user=u358, groupId=13, destination=/topic/user.u358.group-updates, message=GroupSummaryUpdate(groupId=13, latestMessage=this is a demo msg, latestMessageSender=vegeta, latestMessageAt=2026-06-12T12:41:36.434507)
2026-06-12T12:41:36.792+07:00 DEBUG 11675 --- [chat-app] [ummary-update-3] c.h.c.c.CustomRabbitMQBrokerHandler      : Publishing to RabbitMQ: from instance=instance-dev to exchange=chat.user-updates, routingKey=user.u359.group-updates
2026-06-12T12:41:36.792+07:00 DEBUG 11675 --- [chat-app] [ummary-update-3] c.h.c.s.GroupSummaryUpdatePublisher      : [publishToGroupMembers] Pushed group summary update to user=u359, groupId=13, destination=/topic/user.u359.group-updates, message=GroupSummaryUpdate(groupId=13, latestMessage=this is a demo msg, latestMessageSender=vegeta, latestMessageAt=2026-06-12T12:41:36.434507)
2026-06-12T12:41:36.792+07:00 DEBUG 11675 --- [chat-app] [ummary-update-3] c.h.c.c.CustomRabbitMQBrokerHandler      : Publishing to RabbitMQ: from instance=instance-dev to exchange=chat.user-updates, routingKey=user.u360.group-updates
2026-06-12T12:41:36.792+07:00 DEBUG 11675 --- [chat-app] [ummary-update-3] c.h.c.s.GroupSummaryUpdatePublisher      : [publishToGroupMembers] Pushed group summary update to user=u360, groupId=13, destination=/topic/user.u360.group-updates, message=GroupSummaryUpdate(groupId=13, latestMessage=this is a demo msg, latestMessageSender=vegeta, latestMessageAt=2026-06-12T12:41:36.434507)
2026-06-12T12:41:36.792+07:00 DEBUG 11675 --- [chat-app] [ummary-update-3] c.h.c.c.CustomRabbitMQBrokerHandler      : Publishing to RabbitMQ: from instance=instance-dev to exchange=chat.user-updates, routingKey=user.u361.group-updates
2026-06-12T12:41:36.793+07:00 DEBUG 11675 --- [chat-app] [ummary-update-3] c.h.c.s.GroupSummaryUpdatePublisher      : [publishToGroupMembers] Pushed group summary update to user=u361, groupId=13, destination=/topic/user.u361.group-updates, message=GroupSummaryUpdate(groupId=13, latestMessage=this is a demo msg, latestMessageSender=vegeta, latestMessageAt=2026-06-12T12:41:36.434507)
2026-06-12T12:41:36.793+07:00 DEBUG 11675 --- [chat-app] [ummary-update-3] c.h.c.c.CustomRabbitMQBrokerHandler      : Publishing to RabbitMQ: from instance=instance-dev to exchange=chat.user-updates, routingKey=user.u362.group-updates
2026-06-12T12:41:36.793+07:00 DEBUG 11675 --- [chat-app] [ummary-update-3] c.h.c.s.GroupSummaryUpdatePublisher      : [publishToGroupMembers] Pushed group summary update to user=u362, groupId=13, destination=/topic/user.u362.group-updates, message=GroupSummaryUpdate(groupId=13, latestMessage=this is a demo msg, latestMessageSender=vegeta, latestMessageAt=2026-06-12T12:41:36.434507)
2026-06-12T12:41:36.793+07:00 DEBUG 11675 --- [chat-app] [ummary-update-3] c.h.c.c.CustomRabbitMQBrokerHandler      : Publishing to RabbitMQ: from instance=instance-dev to exchange=chat.user-updates, routingKey=user.u363.group-updates
2026-06-12T12:41:36.793+07:00 DEBUG 11675 --- [chat-app] [ummary-update-3] c.h.c.s.GroupSummaryUpdatePublisher      : [publishToGroupMembers] Pushed group summary update to user=u363, groupId=13, destination=/topic/user.u363.group-updates, message=GroupSummaryUpdate(groupId=13, latestMessage=this is a demo msg, latestMessageSender=vegeta, latestMessageAt=2026-06-12T12:41:36.434507)
2026-06-12T12:41:36.793+07:00 DEBUG 11675 --- [chat-app] [ummary-update-3] c.h.c.c.CustomRabbitMQBrokerHandler      : Publishing to RabbitMQ: from instance=instance-dev to exchange=chat.user-updates, routingKey=user.u364.group-updates
2026-06-12T12:41:36.793+07:00 DEBUG 11675 --- [chat-app] [ummary-update-3] c.h.c.s.GroupSummaryUpdatePublisher      : [publishToGroupMembers] Pushed group summary update to user=u364, groupId=13, destination=/topic/user.u364.group-updates, message=GroupSummaryUpdate(groupId=13, latestMessage=this is a demo msg, latestMessageSender=vegeta, latestMessageAt=2026-06-12T12:41:36.434507)
2026-06-12T12:41:36.793+07:00 DEBUG 11675 --- [chat-app] [ummary-update-3] c.h.c.c.CustomRabbitMQBrokerHandler      : Publishing to RabbitMQ: from instance=instance-dev to exchange=chat.user-updates, routingKey=user.u365.group-updates
2026-06-12T12:41:36.793+07:00 DEBUG 11675 --- [chat-app] [ummary-update-3] c.h.c.s.GroupSummaryUpdatePublisher      : [publishToGroupMembers] Pushed group summary update to user=u365, groupId=13, destination=/topic/user.u365.group-updates, message=GroupSummaryUpdate(groupId=13, latestMessage=this is a demo msg, latestMessageSender=vegeta, latestMessageAt=2026-06-12T12:41:36.434507)
2026-06-12T12:41:36.793+07:00 DEBUG 11675 --- [chat-app] [ummary-update-3] c.h.c.c.CustomRabbitMQBrokerHandler      : Publishing to RabbitMQ: from instance=instance-dev to exchange=chat.user-updates, routingKey=user.u366.group-updates
2026-06-12T12:41:36.793+07:00 DEBUG 11675 --- [chat-app] [ummary-update-3] c.h.c.s.GroupSummaryUpdatePublisher      : [publishToGroupMembers] Pushed group summary update to user=u366, groupId=13, destination=/topic/user.u366.group-updates, message=GroupSummaryUpdate(groupId=13, latestMessage=this is a demo msg, latestMessageSender=vegeta, latestMessageAt=2026-06-12T12:41:36.434507)
2026-06-12T12:41:36.793+07:00 DEBUG 11675 --- [chat-app] [ummary-update-3] c.h.c.c.CustomRabbitMQBrokerHandler      : Publishing to RabbitMQ: from instance=instance-dev to exchange=chat.user-updates, routingKey=user.u367.group-updates
2026-06-12T12:41:36.793+07:00 DEBUG 11675 --- [chat-app] [ummary-update-3] c.h.c.s.GroupSummaryUpdatePublisher      : [publishToGroupMembers] Pushed group summary update to user=u367, groupId=13, destination=/topic/user.u367.group-updates, message=GroupSummaryUpdate(groupId=13, latestMessage=this is a demo msg, latestMessageSender=vegeta, latestMessageAt=2026-06-12T12:41:36.434507)
2026-06-12T12:41:36.793+07:00 DEBUG 11675 --- [chat-app] [ummary-update-3] c.h.c.c.CustomRabbitMQBrokerHandler      : Publishing to RabbitMQ: from instance=instance-dev to exchange=chat.user-updates, routingKey=user.u368.group-updates
2026-06-12T12:41:36.793+07:00 DEBUG 11675 --- [chat-app] [ummary-update-3] c.h.c.s.GroupSummaryUpdatePublisher      : [publishToGroupMembers] Pushed group summary update to user=u368, groupId=13, destination=/topic/user.u368.group-updates, message=GroupSummaryUpdate(groupId=13, latestMessage=this is a demo msg, latestMessageSender=vegeta, latestMessageAt=2026-06-12T12:41:36.434507)
2026-06-12T12:41:36.793+07:00 DEBUG 11675 --- [chat-app] [ummary-update-3] c.h.c.c.CustomRabbitMQBrokerHandler      : Publishing to RabbitMQ: from instance=instance-dev to exchange=chat.user-updates, routingKey=user.u369.group-updates
2026-06-12T12:41:36.793+07:00 DEBUG 11675 --- [chat-app] [ummary-update-3] c.h.c.s.GroupSummaryUpdatePublisher      : [publishToGroupMembers] Pushed group summary update to user=u369, groupId=13, destination=/topic/user.u369.group-updates, message=GroupSummaryUpdate(groupId=13, latestMessage=this is a demo msg, latestMessageSender=vegeta, latestMessageAt=2026-06-12T12:41:36.434507)
2026-06-12T12:41:36.793+07:00 DEBUG 11675 --- [chat-app] [ummary-update-3] c.h.c.c.CustomRabbitMQBrokerHandler      : Publishing to RabbitMQ: from instance=instance-dev to exchange=chat.user-updates, routingKey=user.u370.group-updates
2026-06-12T12:41:36.793+07:00 DEBUG 11675 --- [chat-app] [ummary-update-3] c.h.c.s.GroupSummaryUpdatePublisher      : [publishToGroupMembers] Pushed group summary update to user=u370, groupId=13, destination=/topic/user.u370.group-updates, message=GroupSummaryUpdate(groupId=13, latestMessage=this is a demo msg, latestMessageSender=vegeta, latestMessageAt=2026-06-12T12:41:36.434507)
2026-06-12T12:41:36.794+07:00 DEBUG 11675 --- [chat-app] [ummary-update-3] c.h.c.c.CustomRabbitMQBrokerHandler      : Publishing to RabbitMQ: from instance=instance-dev to exchange=chat.user-updates, routingKey=user.u371.group-updates
2026-06-12T12:41:36.794+07:00 DEBUG 11675 --- [chat-app] [ummary-update-3] c.h.c.s.GroupSummaryUpdatePublisher      : [publishToGroupMembers] Pushed group summary update to user=u371, groupId=13, destination=/topic/user.u371.group-updates, message=GroupSummaryUpdate(groupId=13, latestMessage=this is a demo msg, latestMessageSender=vegeta, latestMessageAt=2026-06-12T12:41:36.434507)
2026-06-12T12:41:36.794+07:00 DEBUG 11675 --- [chat-app] [ummary-update-3] c.h.c.c.CustomRabbitMQBrokerHandler      : Publishing to RabbitMQ: from instance=instance-dev to exchange=chat.user-updates, routingKey=user.u372.group-updates
2026-06-12T12:41:36.794+07:00 DEBUG 11675 --- [chat-app] [ummary-update-3] c.h.c.s.GroupSummaryUpdatePublisher      : [publishToGroupMembers] Pushed group summary update to user=u372, groupId=13, destination=/topic/user.u372.group-updates, message=GroupSummaryUpdate(groupId=13, latestMessage=this is a demo msg, latestMessageSender=vegeta, latestMessageAt=2026-06-12T12:41:36.434507)
2026-06-12T12:41:36.794+07:00 DEBUG 11675 --- [chat-app] [ummary-update-3] c.h.c.c.CustomRabbitMQBrokerHandler      : Publishing to RabbitMQ: from instance=instance-dev to exchange=chat.user-updates, routingKey=user.u373.group-updates
2026-06-12T12:41:36.794+07:00 DEBUG 11675 --- [chat-app] [ummary-update-3] c.h.c.s.GroupSummaryUpdatePublisher      : [publishToGroupMembers] Pushed group summary update to user=u373, groupId=13, destination=/topic/user.u373.group-updates, message=GroupSummaryUpdate(groupId=13, latestMessage=this is a demo msg, latestMessageSender=vegeta, latestMessageAt=2026-06-12T12:41:36.434507)
2026-06-12T12:41:36.794+07:00 DEBUG 11675 --- [chat-app] [ummary-update-3] c.h.c.c.CustomRabbitMQBrokerHandler      : Publishing to RabbitMQ: from instance=instance-dev to exchange=chat.user-updates, routingKey=user.u374.group-updates
2026-06-12T12:41:36.795+07:00 DEBUG 11675 --- [chat-app] [ummary-update-3] c.h.c.s.GroupSummaryUpdatePublisher      : [publishToGroupMembers] Pushed group summary update to user=u374, groupId=13, destination=/topic/user.u374.group-updates, message=GroupSummaryUpdate(groupId=13, latestMessage=this is a demo msg, latestMessageSender=vegeta, latestMessageAt=2026-06-12T12:41:36.434507)
2026-06-12T12:41:36.795+07:00 DEBUG 11675 --- [chat-app] [ummary-update-3] c.h.c.c.CustomRabbitMQBrokerHandler      : Publishing to RabbitMQ: from instance=instance-dev to exchange=chat.user-updates, routingKey=user.u375.group-updates
2026-06-12T12:41:36.795+07:00 DEBUG 11675 --- [chat-app] [ummary-update-3] c.h.c.s.GroupSummaryUpdatePublisher      : [publishToGroupMembers] Pushed group summary update to user=u375, groupId=13, destination=/topic/user.u375.group-updates, message=GroupSummaryUpdate(groupId=13, latestMessage=this is a demo msg, latestMessageSender=vegeta, latestMessageAt=2026-06-12T12:41:36.434507)
2026-06-12T12:41:36.795+07:00 DEBUG 11675 --- [chat-app] [ummary-update-3] c.h.c.c.CustomRabbitMQBrokerHandler      : Publishing to RabbitMQ: from instance=instance-dev to exchange=chat.user-updates, routingKey=user.u376.group-updates
2026-06-12T12:41:36.795+07:00 DEBUG 11675 --- [chat-app] [ummary-update-3] c.h.c.s.GroupSummaryUpdatePublisher      : [publishToGroupMembers] Pushed group summary update to user=u376, groupId=13, destination=/topic/user.u376.group-updates, message=GroupSummaryUpdate(groupId=13, latestMessage=this is a demo msg, latestMessageSender=vegeta, latestMessageAt=2026-06-12T12:41:36.434507)
2026-06-12T12:41:36.795+07:00 DEBUG 11675 --- [chat-app] [ummary-update-3] c.h.c.c.CustomRabbitMQBrokerHandler      : Publishing to RabbitMQ: from instance=instance-dev to exchange=chat.user-updates, routingKey=user.u377.group-updates
2026-06-12T12:41:36.795+07:00 DEBUG 11675 --- [chat-app] [ummary-update-3] c.h.c.s.GroupSummaryUpdatePublisher      : [publishToGroupMembers] Pushed group summary update to user=u377, groupId=13, destination=/topic/user.u377.group-updates, message=GroupSummaryUpdate(groupId=13, latestMessage=this is a demo msg, latestMessageSender=vegeta, latestMessageAt=2026-06-12T12:41:36.434507)
2026-06-12T12:41:36.795+07:00 DEBUG 11675 --- [chat-app] [ummary-update-3] c.h.c.c.CustomRabbitMQBrokerHandler      : Publishing to RabbitMQ: from instance=instance-dev to exchange=chat.user-updates, routingKey=user.u378.group-updates
2026-06-12T12:41:36.795+07:00 DEBUG 11675 --- [chat-app] [ummary-update-3] c.h.c.s.GroupSummaryUpdatePublisher      : [publishToGroupMembers] Pushed group summary update to user=u378, groupId=13, destination=/topic/user.u378.group-updates, message=GroupSummaryUpdate(groupId=13, latestMessage=this is a demo msg, latestMessageSender=vegeta, latestMessageAt=2026-06-12T12:41:36.434507)
2026-06-12T12:41:36.795+07:00 DEBUG 11675 --- [chat-app] [ummary-update-3] c.h.c.c.CustomRabbitMQBrokerHandler      : Publishing to RabbitMQ: from instance=instance-dev to exchange=chat.user-updates, routingKey=user.u379.group-updates
2026-06-12T12:41:36.795+07:00 DEBUG 11675 --- [chat-app] [ummary-update-3] c.h.c.s.GroupSummaryUpdatePublisher      : [publishToGroupMembers] Pushed group summary update to user=u379, groupId=13, destination=/topic/user.u379.group-updates, message=GroupSummaryUpdate(groupId=13, latestMessage=this is a demo msg, latestMessageSender=vegeta, latestMessageAt=2026-06-12T12:41:36.434507)
2026-06-12T12:41:36.796+07:00 DEBUG 11675 --- [chat-app] [ummary-update-3] c.h.c.c.CustomRabbitMQBrokerHandler      : Publishing to RabbitMQ: from instance=instance-dev to exchange=chat.user-updates, routingKey=user.u380.group-updates
2026-06-12T12:41:36.796+07:00 DEBUG 11675 --- [chat-app] [ummary-update-3] c.h.c.s.GroupSummaryUpdatePublisher      : [publishToGroupMembers] Pushed group summary update to user=u380, groupId=13, destination=/topic/user.u380.group-updates, message=GroupSummaryUpdate(groupId=13, latestMessage=this is a demo msg, latestMessageSender=vegeta, latestMessageAt=2026-06-12T12:41:36.434507)
2026-06-12T12:41:36.796+07:00 DEBUG 11675 --- [chat-app] [ummary-update-3] c.h.c.c.CustomRabbitMQBrokerHandler      : Publishing to RabbitMQ: from instance=instance-dev to exchange=chat.user-updates, routingKey=user.u381.group-updates
2026-06-12T12:41:36.796+07:00 DEBUG 11675 --- [chat-app] [ummary-update-3] c.h.c.s.GroupSummaryUpdatePublisher      : [publishToGroupMembers] Pushed group summary update to user=u381, groupId=13, destination=/topic/user.u381.group-updates, message=GroupSummaryUpdate(groupId=13, latestMessage=this is a demo msg, latestMessageSender=vegeta, latestMessageAt=2026-06-12T12:41:36.434507)
2026-06-12T12:41:36.796+07:00 DEBUG 11675 --- [chat-app] [ummary-update-3] c.h.c.c.CustomRabbitMQBrokerHandler      : Publishing to RabbitMQ: from instance=instance-dev to exchange=chat.user-updates, routingKey=user.u382.group-updates
2026-06-12T12:41:36.796+07:00 DEBUG 11675 --- [chat-app] [ummary-update-3] c.h.c.s.GroupSummaryUpdatePublisher      : [publishToGroupMembers] Pushed group summary update to user=u382, groupId=13, destination=/topic/user.u382.group-updates, message=GroupSummaryUpdate(groupId=13, latestMessage=this is a demo msg, latestMessageSender=vegeta, latestMessageAt=2026-06-12T12:41:36.434507)
2026-06-12T12:41:36.796+07:00 DEBUG 11675 --- [chat-app] [ummary-update-3] c.h.c.c.CustomRabbitMQBrokerHandler      : Publishing to RabbitMQ: from instance=instance-dev to exchange=chat.user-updates, routingKey=user.u383.group-updates
2026-06-12T12:41:36.796+07:00 DEBUG 11675 --- [chat-app] [ummary-update-3] c.h.c.s.GroupSummaryUpdatePublisher      : [publishToGroupMembers] Pushed group summary update to user=u383, groupId=13, destination=/topic/user.u383.group-updates, message=GroupSummaryUpdate(groupId=13, latestMessage=this is a demo msg, latestMessageSender=vegeta, latestMessageAt=2026-06-12T12:41:36.434507)
2026-06-12T12:41:36.796+07:00 DEBUG 11675 --- [chat-app] [ummary-update-3] c.h.c.c.CustomRabbitMQBrokerHandler      : Publishing to RabbitMQ: from instance=instance-dev to exchange=chat.user-updates, routingKey=user.u384.group-updates
2026-06-12T12:41:36.796+07:00 DEBUG 11675 --- [chat-app] [ummary-update-3] c.h.c.s.GroupSummaryUpdatePublisher      : [publishToGroupMembers] Pushed group summary update to user=u384, groupId=13, destination=/topic/user.u384.group-updates, message=GroupSummaryUpdate(groupId=13, latestMessage=this is a demo msg, latestMessageSender=vegeta, latestMessageAt=2026-06-12T12:41:36.434507)
2026-06-12T12:41:36.796+07:00 DEBUG 11675 --- [chat-app] [ummary-update-3] c.h.c.c.CustomRabbitMQBrokerHandler      : Publishing to RabbitMQ: from instance=instance-dev to exchange=chat.user-updates, routingKey=user.u385.group-updates
2026-06-12T12:41:36.796+07:00 DEBUG 11675 --- [chat-app] [ummary-update-3] c.h.c.s.GroupSummaryUpdatePublisher      : [publishToGroupMembers] Pushed group summary update to user=u385, groupId=13, destination=/topic/user.u385.group-updates, message=GroupSummaryUpdate(groupId=13, latestMessage=this is a demo msg, latestMessageSender=vegeta, latestMessageAt=2026-06-12T12:41:36.434507)
2026-06-12T12:41:36.796+07:00 DEBUG 11675 --- [chat-app] [ummary-update-3] c.h.c.c.CustomRabbitMQBrokerHandler      : Publishing to RabbitMQ: from instance=instance-dev to exchange=chat.user-updates, routingKey=user.u386.group-updates
2026-06-12T12:41:36.796+07:00 DEBUG 11675 --- [chat-app] [ummary-update-3] c.h.c.s.GroupSummaryUpdatePublisher      : [publishToGroupMembers] Pushed group summary update to user=u386, groupId=13, destination=/topic/user.u386.group-updates, message=GroupSummaryUpdate(groupId=13, latestMessage=this is a demo msg, latestMessageSender=vegeta, latestMessageAt=2026-06-12T12:41:36.434507)
2026-06-12T12:41:36.796+07:00 DEBUG 11675 --- [chat-app] [ummary-update-3] c.h.c.c.CustomRabbitMQBrokerHandler      : Publishing to RabbitMQ: from instance=instance-dev to exchange=chat.user-updates, routingKey=user.u387.group-updates
2026-06-12T12:41:36.796+07:00 DEBUG 11675 --- [chat-app] [ummary-update-3] c.h.c.s.GroupSummaryUpdatePublisher      : [publishToGroupMembers] Pushed group summary update to user=u387, groupId=13, destination=/topic/user.u387.group-updates, message=GroupSummaryUpdate(groupId=13, latestMessage=this is a demo msg, latestMessageSender=vegeta, latestMessageAt=2026-06-12T12:41:36.434507)
2026-06-12T12:41:36.796+07:00 DEBUG 11675 --- [chat-app] [ummary-update-3] c.h.c.c.CustomRabbitMQBrokerHandler      : Publishing to RabbitMQ: from instance=instance-dev to exchange=chat.user-updates, routingKey=user.u388.group-updates
2026-06-12T12:41:36.796+07:00 DEBUG 11675 --- [chat-app] [ummary-update-3] c.h.c.s.GroupSummaryUpdatePublisher      : [publishToGroupMembers] Pushed group summary update to user=u388, groupId=13, destination=/topic/user.u388.group-updates, message=GroupSummaryUpdate(groupId=13, latestMessage=this is a demo msg, latestMessageSender=vegeta, latestMessageAt=2026-06-12T12:41:36.434507)
2026-06-12T12:41:36.796+07:00 DEBUG 11675 --- [chat-app] [ummary-update-3] c.h.c.c.CustomRabbitMQBrokerHandler      : Publishing to RabbitMQ: from instance=instance-dev to exchange=chat.user-updates, routingKey=user.u389.group-updates
2026-06-12T12:41:36.797+07:00 DEBUG 11675 --- [chat-app] [ummary-update-3] c.h.c.s.GroupSummaryUpdatePublisher      : [publishToGroupMembers] Pushed group summary update to user=u389, groupId=13, destination=/topic/user.u389.group-updates, message=GroupSummaryUpdate(groupId=13, latestMessage=this is a demo msg, latestMessageSender=vegeta, latestMessageAt=2026-06-12T12:41:36.434507)
2026-06-12T12:41:36.797+07:00 DEBUG 11675 --- [chat-app] [ummary-update-3] c.h.c.c.CustomRabbitMQBrokerHandler      : Publishing to RabbitMQ: from instance=instance-dev to exchange=chat.user-updates, routingKey=user.u390.group-updates
2026-06-12T12:41:36.797+07:00 DEBUG 11675 --- [chat-app] [ummary-update-3] c.h.c.s.GroupSummaryUpdatePublisher      : [publishToGroupMembers] Pushed group summary update to user=u390, groupId=13, destination=/topic/user.u390.group-updates, message=GroupSummaryUpdate(groupId=13, latestMessage=this is a demo msg, latestMessageSender=vegeta, latestMessageAt=2026-06-12T12:41:36.434507)
2026-06-12T12:41:36.797+07:00 DEBUG 11675 --- [chat-app] [ummary-update-3] c.h.c.c.CustomRabbitMQBrokerHandler      : Publishing to RabbitMQ: from instance=instance-dev to exchange=chat.user-updates, routingKey=user.u391.group-updates
2026-06-12T12:41:36.797+07:00 DEBUG 11675 --- [chat-app] [ummary-update-3] c.h.c.s.GroupSummaryUpdatePublisher      : [publishToGroupMembers] Pushed group summary update to user=u391, groupId=13, destination=/topic/user.u391.group-updates, message=GroupSummaryUpdate(groupId=13, latestMessage=this is a demo msg, latestMessageSender=vegeta, latestMessageAt=2026-06-12T12:41:36.434507)
2026-06-12T12:41:36.797+07:00 DEBUG 11675 --- [chat-app] [ummary-update-3] c.h.c.c.CustomRabbitMQBrokerHandler      : Publishing to RabbitMQ: from instance=instance-dev to exchange=chat.user-updates, routingKey=user.u392.group-updates
2026-06-12T12:41:36.797+07:00 DEBUG 11675 --- [chat-app] [ummary-update-3] c.h.c.s.GroupSummaryUpdatePublisher      : [publishToGroupMembers] Pushed group summary update to user=u392, groupId=13, destination=/topic/user.u392.group-updates, message=GroupSummaryUpdate(groupId=13, latestMessage=this is a demo msg, latestMessageSender=vegeta, latestMessageAt=2026-06-12T12:41:36.434507)
2026-06-12T12:41:36.797+07:00 DEBUG 11675 --- [chat-app] [ummary-update-3] c.h.c.c.CustomRabbitMQBrokerHandler      : Publishing to RabbitMQ: from instance=instance-dev to exchange=chat.user-updates, routingKey=user.u393.group-updates
2026-06-12T12:41:36.798+07:00 DEBUG 11675 --- [chat-app] [ummary-update-3] c.h.c.s.GroupSummaryUpdatePublisher      : [publishToGroupMembers] Pushed group summary update to user=u393, groupId=13, destination=/topic/user.u393.group-updates, message=GroupSummaryUpdate(groupId=13, latestMessage=this is a demo msg, latestMessageSender=vegeta, latestMessageAt=2026-06-12T12:41:36.434507)
2026-06-12T12:41:36.798+07:00 DEBUG 11675 --- [chat-app] [ummary-update-3] c.h.c.c.CustomRabbitMQBrokerHandler      : Publishing to RabbitMQ: from instance=instance-dev to exchange=chat.user-updates, routingKey=user.u394.group-updates
2026-06-12T12:41:36.798+07:00 DEBUG 11675 --- [chat-app] [ummary-update-3] c.h.c.s.GroupSummaryUpdatePublisher      : [publishToGroupMembers] Pushed group summary update to user=u394, groupId=13, destination=/topic/user.u394.group-updates, message=GroupSummaryUpdate(groupId=13, latestMessage=this is a demo msg, latestMessageSender=vegeta, latestMessageAt=2026-06-12T12:41:36.434507)
2026-06-12T12:41:36.798+07:00 DEBUG 11675 --- [chat-app] [ummary-update-3] c.h.c.c.CustomRabbitMQBrokerHandler      : Publishing to RabbitMQ: from instance=instance-dev to exchange=chat.user-updates, routingKey=user.u395.group-updates
2026-06-12T12:41:36.798+07:00 DEBUG 11675 --- [chat-app] [ummary-update-3] c.h.c.s.GroupSummaryUpdatePublisher      : [publishToGroupMembers] Pushed group summary update to user=u395, groupId=13, destination=/topic/user.u395.group-updates, message=GroupSummaryUpdate(groupId=13, latestMessage=this is a demo msg, latestMessageSender=vegeta, latestMessageAt=2026-06-12T12:41:36.434507)
2026-06-12T12:41:36.798+07:00 DEBUG 11675 --- [chat-app] [ummary-update-3] c.h.c.c.CustomRabbitMQBrokerHandler      : Publishing to RabbitMQ: from instance=instance-dev to exchange=chat.user-updates, routingKey=user.u396.group-updates
2026-06-12T12:41:36.798+07:00 DEBUG 11675 --- [chat-app] [ummary-update-3] c.h.c.s.GroupSummaryUpdatePublisher      : [publishToGroupMembers] Pushed group summary update to user=u396, groupId=13, destination=/topic/user.u396.group-updates, message=GroupSummaryUpdate(groupId=13, latestMessage=this is a demo msg, latestMessageSender=vegeta, latestMessageAt=2026-06-12T12:41:36.434507)
2026-06-12T12:41:36.798+07:00 DEBUG 11675 --- [chat-app] [ummary-update-3] c.h.c.c.CustomRabbitMQBrokerHandler      : Publishing to RabbitMQ: from instance=instance-dev to exchange=chat.user-updates, routingKey=user.u397.group-updates
2026-06-12T12:41:36.798+07:00 DEBUG 11675 --- [chat-app] [ummary-update-3] c.h.c.s.GroupSummaryUpdatePublisher      : [publishToGroupMembers] Pushed group summary update to user=u397, groupId=13, destination=/topic/user.u397.group-updates, message=GroupSummaryUpdate(groupId=13, latestMessage=this is a demo msg, latestMessageSender=vegeta, latestMessageAt=2026-06-12T12:41:36.434507)
2026-06-12T12:41:36.798+07:00 DEBUG 11675 --- [chat-app] [ummary-update-3] c.h.c.c.CustomRabbitMQBrokerHandler      : Publishing to RabbitMQ: from instance=instance-dev to exchange=chat.user-updates, routingKey=user.u398.group-updates
2026-06-12T12:41:36.798+07:00 DEBUG 11675 --- [chat-app] [ummary-update-3] c.h.c.s.GroupSummaryUpdatePublisher      : [publishToGroupMembers] Pushed group summary update to user=u398, groupId=13, destination=/topic/user.u398.group-updates, message=GroupSummaryUpdate(groupId=13, latestMessage=this is a demo msg, latestMessageSender=vegeta, latestMessageAt=2026-06-12T12:41:36.434507)
2026-06-12T12:41:36.798+07:00 DEBUG 11675 --- [chat-app] [ummary-update-3] c.h.c.c.CustomRabbitMQBrokerHandler      : Publishing to RabbitMQ: from instance=instance-dev to exchange=chat.user-updates, routingKey=user.u399.group-updates
2026-06-12T12:41:36.798+07:00 DEBUG 11675 --- [chat-app] [ummary-update-3] c.h.c.s.GroupSummaryUpdatePublisher      : [publishToGroupMembers] Pushed group summary update to user=u399, groupId=13, destination=/topic/user.u399.group-updates, message=GroupSummaryUpdate(groupId=13, latestMessage=this is a demo msg, latestMessageSender=vegeta, latestMessageAt=2026-06-12T12:41:36.434507)
2026-06-12T12:41:36.798+07:00 DEBUG 11675 --- [chat-app] [ummary-update-3] c.h.c.c.CustomRabbitMQBrokerHandler      : Publishing to RabbitMQ: from instance=instance-dev to exchange=chat.user-updates, routingKey=user.u400.group-updates
2026-06-12T12:41:36.798+07:00 DEBUG 11675 --- [chat-app] [ummary-update-3] c.h.c.s.GroupSummaryUpdatePublisher      : [publishToGroupMembers] Pushed group summary update to user=u400, groupId=13, destination=/topic/user.u400.group-updates, message=GroupSummaryUpdate(groupId=13, latestMessage=this is a demo msg, latestMessageSender=vegeta, latestMessageAt=2026-06-12T12:41:36.434507)
2026-06-12T12:41:36.798+07:00 DEBUG 11675 --- [chat-app] [ummary-update-3] c.h.c.c.CustomRabbitMQBrokerHandler      : Publishing to RabbitMQ: from instance=instance-dev to exchange=chat.user-updates, routingKey=user.u401.group-updates
2026-06-12T12:41:36.799+07:00 DEBUG 11675 --- [chat-app] [ummary-update-3] c.h.c.s.GroupSummaryUpdatePublisher      : [publishToGroupMembers] Pushed group summary update to user=u401, groupId=13, destination=/topic/user.u401.group-updates, message=GroupSummaryUpdate(groupId=13, latestMessage=this is a demo msg, latestMessageSender=vegeta, latestMessageAt=2026-06-12T12:41:36.434507)
2026-06-12T12:41:36.799+07:00 DEBUG 11675 --- [chat-app] [ummary-update-3] c.h.c.c.CustomRabbitMQBrokerHandler      : Publishing to RabbitMQ: from instance=instance-dev to exchange=chat.user-updates, routingKey=user.u402.group-updates
2026-06-12T12:41:36.799+07:00 DEBUG 11675 --- [chat-app] [ummary-update-3] c.h.c.s.GroupSummaryUpdatePublisher      : [publishToGroupMembers] Pushed group summary update to user=u402, groupId=13, destination=/topic/user.u402.group-updates, message=GroupSummaryUpdate(groupId=13, latestMessage=this is a demo msg, latestMessageSender=vegeta, latestMessageAt=2026-06-12T12:41:36.434507)
2026-06-12T12:41:36.799+07:00 DEBUG 11675 --- [chat-app] [ummary-update-3] c.h.c.c.CustomRabbitMQBrokerHandler      : Publishing to RabbitMQ: from instance=instance-dev to exchange=chat.user-updates, routingKey=user.u403.group-updates
2026-06-12T12:41:36.799+07:00 DEBUG 11675 --- [chat-app] [ummary-update-3] c.h.c.s.GroupSummaryUpdatePublisher      : [publishToGroupMembers] Pushed group summary update to user=u403, groupId=13, destination=/topic/user.u403.group-updates, message=GroupSummaryUpdate(groupId=13, latestMessage=this is a demo msg, latestMessageSender=vegeta, latestMessageAt=2026-06-12T12:41:36.434507)
2026-06-12T12:41:36.799+07:00 DEBUG 11675 --- [chat-app] [ummary-update-3] c.h.c.c.CustomRabbitMQBrokerHandler      : Publishing to RabbitMQ: from instance=instance-dev to exchange=chat.user-updates, routingKey=user.u404.group-updates
2026-06-12T12:41:36.799+07:00 DEBUG 11675 --- [chat-app] [ummary-update-3] c.h.c.s.GroupSummaryUpdatePublisher      : [publishToGroupMembers] Pushed group summary update to user=u404, groupId=13, destination=/topic/user.u404.group-updates, message=GroupSummaryUpdate(groupId=13, latestMessage=this is a demo msg, latestMessageSender=vegeta, latestMessageAt=2026-06-12T12:41:36.434507)
2026-06-12T12:41:36.799+07:00 DEBUG 11675 --- [chat-app] [ummary-update-3] c.h.c.c.CustomRabbitMQBrokerHandler      : Publishing to RabbitMQ: from instance=instance-dev to exchange=chat.user-updates, routingKey=user.u405.group-updates
2026-06-12T12:41:36.799+07:00 DEBUG 11675 --- [chat-app] [ummary-update-3] c.h.c.s.GroupSummaryUpdatePublisher      : [publishToGroupMembers] Pushed group summary update to user=u405, groupId=13, destination=/topic/user.u405.group-updates, message=GroupSummaryUpdate(groupId=13, latestMessage=this is a demo msg, latestMessageSender=vegeta, latestMessageAt=2026-06-12T12:41:36.434507)
2026-06-12T12:41:36.799+07:00 DEBUG 11675 --- [chat-app] [ummary-update-3] c.h.c.c.CustomRabbitMQBrokerHandler      : Publishing to RabbitMQ: from instance=instance-dev to exchange=chat.user-updates, routingKey=user.u406.group-updates
2026-06-12T12:41:36.799+07:00 DEBUG 11675 --- [chat-app] [ummary-update-3] c.h.c.s.GroupSummaryUpdatePublisher      : [publishToGroupMembers] Pushed group summary update to user=u406, groupId=13, destination=/topic/user.u406.group-updates, message=GroupSummaryUpdate(groupId=13, latestMessage=this is a demo msg, latestMessageSender=vegeta, latestMessageAt=2026-06-12T12:41:36.434507)
2026-06-12T12:41:36.800+07:00 DEBUG 11675 --- [chat-app] [ummary-update-3] c.h.c.c.CustomRabbitMQBrokerHandler      : Publishing to RabbitMQ: from instance=instance-dev to exchange=chat.user-updates, routingKey=user.u407.group-updates
2026-06-12T12:41:36.800+07:00 DEBUG 11675 --- [chat-app] [ummary-update-3] c.h.c.s.GroupSummaryUpdatePublisher      : [publishToGroupMembers] Pushed group summary update to user=u407, groupId=13, destination=/topic/user.u407.group-updates, message=GroupSummaryUpdate(groupId=13, latestMessage=this is a demo msg, latestMessageSender=vegeta, latestMessageAt=2026-06-12T12:41:36.434507)
2026-06-12T12:41:36.800+07:00 DEBUG 11675 --- [chat-app] [ummary-update-3] c.h.c.c.CustomRabbitMQBrokerHandler      : Publishing to RabbitMQ: from instance=instance-dev to exchange=chat.user-updates, routingKey=user.u408.group-updates
2026-06-12T12:41:36.800+07:00 DEBUG 11675 --- [chat-app] [ummary-update-3] c.h.c.s.GroupSummaryUpdatePublisher      : [publishToGroupMembers] Pushed group summary update to user=u408, groupId=13, destination=/topic/user.u408.group-updates, message=GroupSummaryUpdate(groupId=13, latestMessage=this is a demo msg, latestMessageSender=vegeta, latestMessageAt=2026-06-12T12:41:36.434507)
2026-06-12T12:41:36.800+07:00 DEBUG 11675 --- [chat-app] [ummary-update-3] c.h.c.c.CustomRabbitMQBrokerHandler      : Publishing to RabbitMQ: from instance=instance-dev to exchange=chat.user-updates, routingKey=user.u409.group-updates
2026-06-12T12:41:36.800+07:00 DEBUG 11675 --- [chat-app] [ummary-update-3] c.h.c.s.GroupSummaryUpdatePublisher      : [publishToGroupMembers] Pushed group summary update to user=u409, groupId=13, destination=/topic/user.u409.group-updates, message=GroupSummaryUpdate(groupId=13, latestMessage=this is a demo msg, latestMessageSender=vegeta, latestMessageAt=2026-06-12T12:41:36.434507)
2026-06-12T12:41:36.800+07:00 DEBUG 11675 --- [chat-app] [ummary-update-3] c.h.c.c.CustomRabbitMQBrokerHandler      : Publishing to RabbitMQ: from instance=instance-dev to exchange=chat.user-updates, routingKey=user.u410.group-updates
2026-06-12T12:41:36.800+07:00 DEBUG 11675 --- [chat-app] [ummary-update-3] c.h.c.s.GroupSummaryUpdatePublisher      : [publishToGroupMembers] Pushed group summary update to user=u410, groupId=13, destination=/topic/user.u410.group-updates, message=GroupSummaryUpdate(groupId=13, latestMessage=this is a demo msg, latestMessageSender=vegeta, latestMessageAt=2026-06-12T12:41:36.434507)
2026-06-12T12:41:36.800+07:00 DEBUG 11675 --- [chat-app] [ummary-update-3] c.h.c.c.CustomRabbitMQBrokerHandler      : Publishing to RabbitMQ: from instance=instance-dev to exchange=chat.user-updates, routingKey=user.u411.group-updates
2026-06-12T12:41:36.800+07:00 DEBUG 11675 --- [chat-app] [ummary-update-3] c.h.c.s.GroupSummaryUpdatePublisher      : [publishToGroupMembers] Pushed group summary update to user=u411, groupId=13, destination=/topic/user.u411.group-updates, message=GroupSummaryUpdate(groupId=13, latestMessage=this is a demo msg, latestMessageSender=vegeta, latestMessageAt=2026-06-12T12:41:36.434507)
2026-06-12T12:41:36.800+07:00 DEBUG 11675 --- [chat-app] [ummary-update-3] c.h.c.c.CustomRabbitMQBrokerHandler      : Publishing to RabbitMQ: from instance=instance-dev to exchange=chat.user-updates, routingKey=user.u412.group-updates
2026-06-12T12:41:36.800+07:00 DEBUG 11675 --- [chat-app] [ummary-update-3] c.h.c.s.GroupSummaryUpdatePublisher      : [publishToGroupMembers] Pushed group summary update to user=u412, groupId=13, destination=/topic/user.u412.group-updates, message=GroupSummaryUpdate(groupId=13, latestMessage=this is a demo msg, latestMessageSender=vegeta, latestMessageAt=2026-06-12T12:41:36.434507)
2026-06-12T12:41:36.800+07:00 DEBUG 11675 --- [chat-app] [ummary-update-3] c.h.c.c.CustomRabbitMQBrokerHandler      : Publishing to RabbitMQ: from instance=instance-dev to exchange=chat.user-updates, routingKey=user.u413.group-updates
2026-06-12T12:41:36.800+07:00 DEBUG 11675 --- [chat-app] [ummary-update-3] c.h.c.s.GroupSummaryUpdatePublisher      : [publishToGroupMembers] Pushed group summary update to user=u413, groupId=13, destination=/topic/user.u413.group-updates, message=GroupSummaryUpdate(groupId=13, latestMessage=this is a demo msg, latestMessageSender=vegeta, latestMessageAt=2026-06-12T12:41:36.434507)
2026-06-12T12:41:36.800+07:00 DEBUG 11675 --- [chat-app] [ummary-update-3] c.h.c.c.CustomRabbitMQBrokerHandler      : Publishing to RabbitMQ: from instance=instance-dev to exchange=chat.user-updates, routingKey=user.u414.group-updates
2026-06-12T12:41:36.800+07:00 DEBUG 11675 --- [chat-app] [ummary-update-3] c.h.c.s.GroupSummaryUpdatePublisher      : [publishToGroupMembers] Pushed group summary update to user=u414, groupId=13, destination=/topic/user.u414.group-updates, message=GroupSummaryUpdate(groupId=13, latestMessage=this is a demo msg, latestMessageSender=vegeta, latestMessageAt=2026-06-12T12:41:36.434507)
2026-06-12T12:41:36.800+07:00 DEBUG 11675 --- [chat-app] [ummary-update-3] c.h.c.c.CustomRabbitMQBrokerHandler      : Publishing to RabbitMQ: from instance=instance-dev to exchange=chat.user-updates, routingKey=user.u415.group-updates
2026-06-12T12:41:36.800+07:00 DEBUG 11675 --- [chat-app] [ummary-update-3] c.h.c.s.GroupSummaryUpdatePublisher      : [publishToGroupMembers] Pushed group summary update to user=u415, groupId=13, destination=/topic/user.u415.group-updates, message=GroupSummaryUpdate(groupId=13, latestMessage=this is a demo msg, latestMessageSender=vegeta, latestMessageAt=2026-06-12T12:41:36.434507)
2026-06-12T12:41:36.800+07:00 DEBUG 11675 --- [chat-app] [ummary-update-3] c.h.c.c.CustomRabbitMQBrokerHandler      : Publishing to RabbitMQ: from instance=instance-dev to exchange=chat.user-updates, routingKey=user.u416.group-updates
2026-06-12T12:41:36.801+07:00 DEBUG 11675 --- [chat-app] [ummary-update-3] c.h.c.s.GroupSummaryUpdatePublisher      : [publishToGroupMembers] Pushed group summary update to user=u416, groupId=13, destination=/topic/user.u416.group-updates, message=GroupSummaryUpdate(groupId=13, latestMessage=this is a demo msg, latestMessageSender=vegeta, latestMessageAt=2026-06-12T12:41:36.434507)
2026-06-12T12:41:36.801+07:00 DEBUG 11675 --- [chat-app] [ummary-update-3] c.h.c.c.CustomRabbitMQBrokerHandler      : Publishing to RabbitMQ: from instance=instance-dev to exchange=chat.user-updates, routingKey=user.u417.group-updates
2026-06-12T12:41:36.801+07:00 DEBUG 11675 --- [chat-app] [ummary-update-3] c.h.c.s.GroupSummaryUpdatePublisher      : [publishToGroupMembers] Pushed group summary update to user=u417, groupId=13, destination=/topic/user.u417.group-updates, message=GroupSummaryUpdate(groupId=13, latestMessage=this is a demo msg, latestMessageSender=vegeta, latestMessageAt=2026-06-12T12:41:36.434507)
2026-06-12T12:41:36.801+07:00 DEBUG 11675 --- [chat-app] [ummary-update-3] c.h.c.c.CustomRabbitMQBrokerHandler      : Publishing to RabbitMQ: from instance=instance-dev to exchange=chat.user-updates, routingKey=user.u418.group-updates
2026-06-12T12:41:36.801+07:00 DEBUG 11675 --- [chat-app] [ummary-update-3] c.h.c.s.GroupSummaryUpdatePublisher      : [publishToGroupMembers] Pushed group summary update to user=u418, groupId=13, destination=/topic/user.u418.group-updates, message=GroupSummaryUpdate(groupId=13, latestMessage=this is a demo msg, latestMessageSender=vegeta, latestMessageAt=2026-06-12T12:41:36.434507)
2026-06-12T12:41:36.801+07:00 DEBUG 11675 --- [chat-app] [ummary-update-3] c.h.c.c.CustomRabbitMQBrokerHandler      : Publishing to RabbitMQ: from instance=instance-dev to exchange=chat.user-updates, routingKey=user.u419.group-updates
2026-06-12T12:41:36.801+07:00 DEBUG 11675 --- [chat-app] [ummary-update-3] c.h.c.s.GroupSummaryUpdatePublisher      : [publishToGroupMembers] Pushed group summary update to user=u419, groupId=13, destination=/topic/user.u419.group-updates, message=GroupSummaryUpdate(groupId=13, latestMessage=this is a demo msg, latestMessageSender=vegeta, latestMessageAt=2026-06-12T12:41:36.434507)
2026-06-12T12:41:36.801+07:00 DEBUG 11675 --- [chat-app] [ummary-update-3] c.h.c.c.CustomRabbitMQBrokerHandler      : Publishing to RabbitMQ: from instance=instance-dev to exchange=chat.user-updates, routingKey=user.u420.group-updates
2026-06-12T12:41:36.801+07:00 DEBUG 11675 --- [chat-app] [ummary-update-3] c.h.c.s.GroupSummaryUpdatePublisher      : [publishToGroupMembers] Pushed group summary update to user=u420, groupId=13, destination=/topic/user.u420.group-updates, message=GroupSummaryUpdate(groupId=13, latestMessage=this is a demo msg, latestMessageSender=vegeta, latestMessageAt=2026-06-12T12:41:36.434507)
2026-06-12T12:41:36.801+07:00 DEBUG 11675 --- [chat-app] [ummary-update-3] c.h.c.c.CustomRabbitMQBrokerHandler      : Publishing to RabbitMQ: from instance=instance-dev to exchange=chat.user-updates, routingKey=user.u421.group-updates
2026-06-12T12:41:36.802+07:00 DEBUG 11675 --- [chat-app] [ummary-update-3] c.h.c.s.GroupSummaryUpdatePublisher      : [publishToGroupMembers] Pushed group summary update to user=u421, groupId=13, destination=/topic/user.u421.group-updates, message=GroupSummaryUpdate(groupId=13, latestMessage=this is a demo msg, latestMessageSender=vegeta, latestMessageAt=2026-06-12T12:41:36.434507)
2026-06-12T12:41:36.802+07:00 DEBUG 11675 --- [chat-app] [ummary-update-3] c.h.c.c.CustomRabbitMQBrokerHandler      : Publishing to RabbitMQ: from instance=instance-dev to exchange=chat.user-updates, routingKey=user.u422.group-updates
2026-06-12T12:41:36.802+07:00 DEBUG 11675 --- [chat-app] [ummary-update-3] c.h.c.s.GroupSummaryUpdatePublisher      : [publishToGroupMembers] Pushed group summary update to user=u422, groupId=13, destination=/topic/user.u422.group-updates, message=GroupSummaryUpdate(groupId=13, latestMessage=this is a demo msg, latestMessageSender=vegeta, latestMessageAt=2026-06-12T12:41:36.434507)
2026-06-12T12:41:36.802+07:00 DEBUG 11675 --- [chat-app] [ummary-update-3] c.h.c.c.CustomRabbitMQBrokerHandler      : Publishing to RabbitMQ: from instance=instance-dev to exchange=chat.user-updates, routingKey=user.u423.group-updates
2026-06-12T12:41:36.802+07:00 DEBUG 11675 --- [chat-app] [ummary-update-3] c.h.c.s.GroupSummaryUpdatePublisher      : [publishToGroupMembers] Pushed group summary update to user=u423, groupId=13, destination=/topic/user.u423.group-updates, message=GroupSummaryUpdate(groupId=13, latestMessage=this is a demo msg, latestMessageSender=vegeta, latestMessageAt=2026-06-12T12:41:36.434507)
2026-06-12T12:41:36.802+07:00 DEBUG 11675 --- [chat-app] [ummary-update-3] c.h.c.c.CustomRabbitMQBrokerHandler      : Publishing to RabbitMQ: from instance=instance-dev to exchange=chat.user-updates, routingKey=user.u424.group-updates
2026-06-12T12:41:36.802+07:00 DEBUG 11675 --- [chat-app] [ummary-update-3] c.h.c.s.GroupSummaryUpdatePublisher      : [publishToGroupMembers] Pushed group summary update to user=u424, groupId=13, destination=/topic/user.u424.group-updates, message=GroupSummaryUpdate(groupId=13, latestMessage=this is a demo msg, latestMessageSender=vegeta, latestMessageAt=2026-06-12T12:41:36.434507)
2026-06-12T12:41:36.802+07:00 DEBUG 11675 --- [chat-app] [ummary-update-3] c.h.c.c.CustomRabbitMQBrokerHandler      : Publishing to RabbitMQ: from instance=instance-dev to exchange=chat.user-updates, routingKey=user.u425.group-updates
2026-06-12T12:41:36.802+07:00 DEBUG 11675 --- [chat-app] [ummary-update-3] c.h.c.s.GroupSummaryUpdatePublisher      : [publishToGroupMembers] Pushed group summary update to user=u425, groupId=13, destination=/topic/user.u425.group-updates, message=GroupSummaryUpdate(groupId=13, latestMessage=this is a demo msg, latestMessageSender=vegeta, latestMessageAt=2026-06-12T12:41:36.434507)
2026-06-12T12:41:36.802+07:00 DEBUG 11675 --- [chat-app] [ummary-update-3] c.h.c.c.CustomRabbitMQBrokerHandler      : Publishing to RabbitMQ: from instance=instance-dev to exchange=chat.user-updates, routingKey=user.u426.group-updates
2026-06-12T12:41:36.802+07:00 DEBUG 11675 --- [chat-app] [ummary-update-3] c.h.c.s.GroupSummaryUpdatePublisher      : [publishToGroupMembers] Pushed group summary update to user=u426, groupId=13, destination=/topic/user.u426.group-updates, message=GroupSummaryUpdate(groupId=13, latestMessage=this is a demo msg, latestMessageSender=vegeta, latestMessageAt=2026-06-12T12:41:36.434507)
2026-06-12T12:41:36.802+07:00 DEBUG 11675 --- [chat-app] [ummary-update-3] c.h.c.c.CustomRabbitMQBrokerHandler      : Publishing to RabbitMQ: from instance=instance-dev to exchange=chat.user-updates, routingKey=user.u427.group-updates
2026-06-12T12:41:36.802+07:00 DEBUG 11675 --- [chat-app] [ummary-update-3] c.h.c.s.GroupSummaryUpdatePublisher      : [publishToGroupMembers] Pushed group summary update to user=u427, groupId=13, destination=/topic/user.u427.group-updates, message=GroupSummaryUpdate(groupId=13, latestMessage=this is a demo msg, latestMessageSender=vegeta, latestMessageAt=2026-06-12T12:41:36.434507)
2026-06-12T12:41:36.802+07:00 DEBUG 11675 --- [chat-app] [ummary-update-3] c.h.c.c.CustomRabbitMQBrokerHandler      : Publishing to RabbitMQ: from instance=instance-dev to exchange=chat.user-updates, routingKey=user.u428.group-updates
2026-06-12T12:41:36.803+07:00 DEBUG 11675 --- [chat-app] [ummary-update-3] c.h.c.s.GroupSummaryUpdatePublisher      : [publishToGroupMembers] Pushed group summary update to user=u428, groupId=13, destination=/topic/user.u428.group-updates, message=GroupSummaryUpdate(groupId=13, latestMessage=this is a demo msg, latestMessageSender=vegeta, latestMessageAt=2026-06-12T12:41:36.434507)
2026-06-12T12:41:36.803+07:00 DEBUG 11675 --- [chat-app] [ummary-update-3] c.h.c.c.CustomRabbitMQBrokerHandler      : Publishing to RabbitMQ: from instance=instance-dev to exchange=chat.user-updates, routingKey=user.u429.group-updates
2026-06-12T12:41:36.803+07:00 DEBUG 11675 --- [chat-app] [ummary-update-3] c.h.c.s.GroupSummaryUpdatePublisher      : [publishToGroupMembers] Pushed group summary update to user=u429, groupId=13, destination=/topic/user.u429.group-updates, message=GroupSummaryUpdate(groupId=13, latestMessage=this is a demo msg, latestMessageSender=vegeta, latestMessageAt=2026-06-12T12:41:36.434507)
2026-06-12T12:41:36.803+07:00 DEBUG 11675 --- [chat-app] [ummary-update-3] c.h.c.c.CustomRabbitMQBrokerHandler      : Publishing to RabbitMQ: from instance=instance-dev to exchange=chat.user-updates, routingKey=user.u430.group-updates
2026-06-12T12:41:36.803+07:00 DEBUG 11675 --- [chat-app] [ummary-update-3] c.h.c.s.GroupSummaryUpdatePublisher      : [publishToGroupMembers] Pushed group summary update to user=u430, groupId=13, destination=/topic/user.u430.group-updates, message=GroupSummaryUpdate(groupId=13, latestMessage=this is a demo msg, latestMessageSender=vegeta, latestMessageAt=2026-06-12T12:41:36.434507)
2026-06-12T12:41:36.803+07:00 DEBUG 11675 --- [chat-app] [ummary-update-3] c.h.c.c.CustomRabbitMQBrokerHandler      : Publishing to RabbitMQ: from instance=instance-dev to exchange=chat.user-updates, routingKey=user.u431.group-updates
2026-06-12T12:41:36.803+07:00 DEBUG 11675 --- [chat-app] [ummary-update-3] c.h.c.s.GroupSummaryUpdatePublisher      : [publishToGroupMembers] Pushed group summary update to user=u431, groupId=13, destination=/topic/user.u431.group-updates, message=GroupSummaryUpdate(groupId=13, latestMessage=this is a demo msg, latestMessageSender=vegeta, latestMessageAt=2026-06-12T12:41:36.434507)
2026-06-12T12:41:36.803+07:00 DEBUG 11675 --- [chat-app] [ummary-update-3] c.h.c.c.CustomRabbitMQBrokerHandler      : Publishing to RabbitMQ: from instance=instance-dev to exchange=chat.user-updates, routingKey=user.u432.group-updates
2026-06-12T12:41:36.803+07:00 DEBUG 11675 --- [chat-app] [ummary-update-3] c.h.c.s.GroupSummaryUpdatePublisher      : [publishToGroupMembers] Pushed group summary update to user=u432, groupId=13, destination=/topic/user.u432.group-updates, message=GroupSummaryUpdate(groupId=13, latestMessage=this is a demo msg, latestMessageSender=vegeta, latestMessageAt=2026-06-12T12:41:36.434507)
2026-06-12T12:41:36.803+07:00 DEBUG 11675 --- [chat-app] [ummary-update-3] c.h.c.c.CustomRabbitMQBrokerHandler      : Publishing to RabbitMQ: from instance=instance-dev to exchange=chat.user-updates, routingKey=user.u433.group-updates
2026-06-12T12:41:36.803+07:00 DEBUG 11675 --- [chat-app] [ummary-update-3] c.h.c.s.GroupSummaryUpdatePublisher      : [publishToGroupMembers] Pushed group summary update to user=u433, groupId=13, destination=/topic/user.u433.group-updates, message=GroupSummaryUpdate(groupId=13, latestMessage=this is a demo msg, latestMessageSender=vegeta, latestMessageAt=2026-06-12T12:41:36.434507)
2026-06-12T12:41:36.803+07:00 DEBUG 11675 --- [chat-app] [ummary-update-3] c.h.c.c.CustomRabbitMQBrokerHandler      : Publishing to RabbitMQ: from instance=instance-dev to exchange=chat.user-updates, routingKey=user.u434.group-updates
2026-06-12T12:41:36.803+07:00 DEBUG 11675 --- [chat-app] [ummary-update-3] c.h.c.s.GroupSummaryUpdatePublisher      : [publishToGroupMembers] Pushed group summary update to user=u434, groupId=13, destination=/topic/user.u434.group-updates, message=GroupSummaryUpdate(groupId=13, latestMessage=this is a demo msg, latestMessageSender=vegeta, latestMessageAt=2026-06-12T12:41:36.434507)
2026-06-12T12:41:36.803+07:00 DEBUG 11675 --- [chat-app] [ummary-update-3] c.h.c.c.CustomRabbitMQBrokerHandler      : Publishing to RabbitMQ: from instance=instance-dev to exchange=chat.user-updates, routingKey=user.u435.group-updates
2026-06-12T12:41:36.803+07:00 DEBUG 11675 --- [chat-app] [ummary-update-3] c.h.c.s.GroupSummaryUpdatePublisher      : [publishToGroupMembers] Pushed group summary update to user=u435, groupId=13, destination=/topic/user.u435.group-updates, message=GroupSummaryUpdate(groupId=13, latestMessage=this is a demo msg, latestMessageSender=vegeta, latestMessageAt=2026-06-12T12:41:36.434507)
2026-06-12T12:41:36.803+07:00 DEBUG 11675 --- [chat-app] [ummary-update-3] c.h.c.c.CustomRabbitMQBrokerHandler      : Publishing to RabbitMQ: from instance=instance-dev to exchange=chat.user-updates, routingKey=user.u436.group-updates
2026-06-12T12:41:36.803+07:00 DEBUG 11675 --- [chat-app] [ummary-update-3] c.h.c.s.GroupSummaryUpdatePublisher      : [publishToGroupMembers] Pushed group summary update to user=u436, groupId=13, destination=/topic/user.u436.group-updates, message=GroupSummaryUpdate(groupId=13, latestMessage=this is a demo msg, latestMessageSender=vegeta, latestMessageAt=2026-06-12T12:41:36.434507)
2026-06-12T12:41:36.804+07:00 DEBUG 11675 --- [chat-app] [ummary-update-3] c.h.c.c.CustomRabbitMQBrokerHandler      : Publishing to RabbitMQ: from instance=instance-dev to exchange=chat.user-updates, routingKey=user.u437.group-updates
2026-06-12T12:41:36.804+07:00 DEBUG 11675 --- [chat-app] [ummary-update-3] c.h.c.s.GroupSummaryUpdatePublisher      : [publishToGroupMembers] Pushed group summary update to user=u437, groupId=13, destination=/topic/user.u437.group-updates, message=GroupSummaryUpdate(groupId=13, latestMessage=this is a demo msg, latestMessageSender=vegeta, latestMessageAt=2026-06-12T12:41:36.434507)
2026-06-12T12:41:36.804+07:00 DEBUG 11675 --- [chat-app] [ummary-update-3] c.h.c.c.CustomRabbitMQBrokerHandler      : Publishing to RabbitMQ: from instance=instance-dev to exchange=chat.user-updates, routingKey=user.u438.group-updates
2026-06-12T12:41:36.804+07:00 DEBUG 11675 --- [chat-app] [ummary-update-3] c.h.c.s.GroupSummaryUpdatePublisher      : [publishToGroupMembers] Pushed group summary update to user=u438, groupId=13, destination=/topic/user.u438.group-updates, message=GroupSummaryUpdate(groupId=13, latestMessage=this is a demo msg, latestMessageSender=vegeta, latestMessageAt=2026-06-12T12:41:36.434507)
2026-06-12T12:41:36.804+07:00 DEBUG 11675 --- [chat-app] [ummary-update-3] c.h.c.c.CustomRabbitMQBrokerHandler      : Publishing to RabbitMQ: from instance=instance-dev to exchange=chat.user-updates, routingKey=user.u439.group-updates
2026-06-12T12:41:36.804+07:00 DEBUG 11675 --- [chat-app] [ummary-update-3] c.h.c.s.GroupSummaryUpdatePublisher      : [publishToGroupMembers] Pushed group summary update to user=u439, groupId=13, destination=/topic/user.u439.group-updates, message=GroupSummaryUpdate(groupId=13, latestMessage=this is a demo msg, latestMessageSender=vegeta, latestMessageAt=2026-06-12T12:41:36.434507)
2026-06-12T12:41:36.805+07:00 DEBUG 11675 --- [chat-app] [ummary-update-3] c.h.c.c.CustomRabbitMQBrokerHandler      : Publishing to RabbitMQ: from instance=instance-dev to exchange=chat.user-updates, routingKey=user.u440.group-updates
2026-06-12T12:41:36.805+07:00 DEBUG 11675 --- [chat-app] [ummary-update-3] c.h.c.s.GroupSummaryUpdatePublisher      : [publishToGroupMembers] Pushed group summary update to user=u440, groupId=13, destination=/topic/user.u440.group-updates, message=GroupSummaryUpdate(groupId=13, latestMessage=this is a demo msg, latestMessageSender=vegeta, latestMessageAt=2026-06-12T12:41:36.434507)
2026-06-12T12:41:36.805+07:00 DEBUG 11675 --- [chat-app] [ummary-update-3] c.h.c.c.CustomRabbitMQBrokerHandler      : Publishing to RabbitMQ: from instance=instance-dev to exchange=chat.user-updates, routingKey=user.u441.group-updates
2026-06-12T12:41:36.805+07:00 DEBUG 11675 --- [chat-app] [ummary-update-3] c.h.c.s.GroupSummaryUpdatePublisher      : [publishToGroupMembers] Pushed group summary update to user=u441, groupId=13, destination=/topic/user.u441.group-updates, message=GroupSummaryUpdate(groupId=13, latestMessage=this is a demo msg, latestMessageSender=vegeta, latestMessageAt=2026-06-12T12:41:36.434507)
2026-06-12T12:41:36.805+07:00 DEBUG 11675 --- [chat-app] [ummary-update-3] c.h.c.c.CustomRabbitMQBrokerHandler      : Publishing to RabbitMQ: from instance=instance-dev to exchange=chat.user-updates, routingKey=user.u442.group-updates
2026-06-12T12:41:36.805+07:00 DEBUG 11675 --- [chat-app] [ummary-update-3] c.h.c.s.GroupSummaryUpdatePublisher      : [publishToGroupMembers] Pushed group summary update to user=u442, groupId=13, destination=/topic/user.u442.group-updates, message=GroupSummaryUpdate(groupId=13, latestMessage=this is a demo msg, latestMessageSender=vegeta, latestMessageAt=2026-06-12T12:41:36.434507)
2026-06-12T12:41:36.805+07:00 DEBUG 11675 --- [chat-app] [ummary-update-3] c.h.c.c.CustomRabbitMQBrokerHandler      : Publishing to RabbitMQ: from instance=instance-dev to exchange=chat.user-updates, routingKey=user.u443.group-updates
2026-06-12T12:41:36.805+07:00 DEBUG 11675 --- [chat-app] [ummary-update-3] c.h.c.s.GroupSummaryUpdatePublisher      : [publishToGroupMembers] Pushed group summary update to user=u443, groupId=13, destination=/topic/user.u443.group-updates, message=GroupSummaryUpdate(groupId=13, latestMessage=this is a demo msg, latestMessageSender=vegeta, latestMessageAt=2026-06-12T12:41:36.434507)
2026-06-12T12:41:36.805+07:00 DEBUG 11675 --- [chat-app] [ummary-update-3] c.h.c.c.CustomRabbitMQBrokerHandler      : Publishing to RabbitMQ: from instance=instance-dev to exchange=chat.user-updates, routingKey=user.u444.group-updates
2026-06-12T12:41:36.805+07:00 DEBUG 11675 --- [chat-app] [ummary-update-3] c.h.c.s.GroupSummaryUpdatePublisher      : [publishToGroupMembers] Pushed group summary update to user=u444, groupId=13, destination=/topic/user.u444.group-updates, message=GroupSummaryUpdate(groupId=13, latestMessage=this is a demo msg, latestMessageSender=vegeta, latestMessageAt=2026-06-12T12:41:36.434507)
2026-06-12T12:41:36.805+07:00 DEBUG 11675 --- [chat-app] [ummary-update-3] c.h.c.c.CustomRabbitMQBrokerHandler      : Publishing to RabbitMQ: from instance=instance-dev to exchange=chat.user-updates, routingKey=user.u445.group-updates
2026-06-12T12:41:36.805+07:00 DEBUG 11675 --- [chat-app] [ummary-update-3] c.h.c.s.GroupSummaryUpdatePublisher      : [publishToGroupMembers] Pushed group summary update to user=u445, groupId=13, destination=/topic/user.u445.group-updates, message=GroupSummaryUpdate(groupId=13, latestMessage=this is a demo msg, latestMessageSender=vegeta, latestMessageAt=2026-06-12T12:41:36.434507)
2026-06-12T12:41:36.805+07:00 DEBUG 11675 --- [chat-app] [ummary-update-3] c.h.c.c.CustomRabbitMQBrokerHandler      : Publishing to RabbitMQ: from instance=instance-dev to exchange=chat.user-updates, routingKey=user.u446.group-updates
2026-06-12T12:41:36.805+07:00 DEBUG 11675 --- [chat-app] [ummary-update-3] c.h.c.s.GroupSummaryUpdatePublisher      : [publishToGroupMembers] Pushed group summary update to user=u446, groupId=13, destination=/topic/user.u446.group-updates, message=GroupSummaryUpdate(groupId=13, latestMessage=this is a demo msg, latestMessageSender=vegeta, latestMessageAt=2026-06-12T12:41:36.434507)
2026-06-12T12:41:36.805+07:00 DEBUG 11675 --- [chat-app] [ummary-update-3] c.h.c.c.CustomRabbitMQBrokerHandler      : Publishing to RabbitMQ: from instance=instance-dev to exchange=chat.user-updates, routingKey=user.u447.group-updates
2026-06-12T12:41:36.805+07:00 DEBUG 11675 --- [chat-app] [ummary-update-3] c.h.c.s.GroupSummaryUpdatePublisher      : [publishToGroupMembers] Pushed group summary update to user=u447, groupId=13, destination=/topic/user.u447.group-updates, message=GroupSummaryUpdate(groupId=13, latestMessage=this is a demo msg, latestMessageSender=vegeta, latestMessageAt=2026-06-12T12:41:36.434507)
2026-06-12T12:41:36.805+07:00 DEBUG 11675 --- [chat-app] [ummary-update-3] c.h.c.c.CustomRabbitMQBrokerHandler      : Publishing to RabbitMQ: from instance=instance-dev to exchange=chat.user-updates, routingKey=user.u448.group-updates
2026-06-12T12:41:36.805+07:00 DEBUG 11675 --- [chat-app] [ummary-update-3] c.h.c.s.GroupSummaryUpdatePublisher      : [publishToGroupMembers] Pushed group summary update to user=u448, groupId=13, destination=/topic/user.u448.group-updates, message=GroupSummaryUpdate(groupId=13, latestMessage=this is a demo msg, latestMessageSender=vegeta, latestMessageAt=2026-06-12T12:41:36.434507)
2026-06-12T12:41:36.805+07:00 DEBUG 11675 --- [chat-app] [ummary-update-3] c.h.c.c.CustomRabbitMQBrokerHandler      : Publishing to RabbitMQ: from instance=instance-dev to exchange=chat.user-updates, routingKey=user.u449.group-updates
2026-06-12T12:41:36.806+07:00 DEBUG 11675 --- [chat-app] [ummary-update-3] c.h.c.s.GroupSummaryUpdatePublisher      : [publishToGroupMembers] Pushed group summary update to user=u449, groupId=13, destination=/topic/user.u449.group-updates, message=GroupSummaryUpdate(groupId=13, latestMessage=this is a demo msg, latestMessageSender=vegeta, latestMessageAt=2026-06-12T12:41:36.434507)
2026-06-12T12:41:36.806+07:00 DEBUG 11675 --- [chat-app] [ummary-update-3] c.h.c.c.CustomRabbitMQBrokerHandler      : Publishing to RabbitMQ: from instance=instance-dev to exchange=chat.user-updates, routingKey=user.u450.group-updates
2026-06-12T12:41:36.806+07:00 DEBUG 11675 --- [chat-app] [ummary-update-3] c.h.c.s.GroupSummaryUpdatePublisher      : [publishToGroupMembers] Pushed group summary update to user=u450, groupId=13, destination=/topic/user.u450.group-updates, message=GroupSummaryUpdate(groupId=13, latestMessage=this is a demo msg, latestMessageSender=vegeta, latestMessageAt=2026-06-12T12:41:36.434507)
2026-06-12T12:41:36.806+07:00 DEBUG 11675 --- [chat-app] [ummary-update-3] c.h.c.c.CustomRabbitMQBrokerHandler      : Publishing to RabbitMQ: from instance=instance-dev to exchange=chat.user-updates, routingKey=user.u451.group-updates
2026-06-12T12:41:36.806+07:00 DEBUG 11675 --- [chat-app] [ummary-update-3] c.h.c.s.GroupSummaryUpdatePublisher      : [publishToGroupMembers] Pushed group summary update to user=u451, groupId=13, destination=/topic/user.u451.group-updates, message=GroupSummaryUpdate(groupId=13, latestMessage=this is a demo msg, latestMessageSender=vegeta, latestMessageAt=2026-06-12T12:41:36.434507)
2026-06-12T12:41:36.806+07:00 DEBUG 11675 --- [chat-app] [ummary-update-3] c.h.c.c.CustomRabbitMQBrokerHandler      : Publishing to RabbitMQ: from instance=instance-dev to exchange=chat.user-updates, routingKey=user.u452.group-updates
2026-06-12T12:41:36.806+07:00 DEBUG 11675 --- [chat-app] [ummary-update-3] c.h.c.s.GroupSummaryUpdatePublisher      : [publishToGroupMembers] Pushed group summary update to user=u452, groupId=13, destination=/topic/user.u452.group-updates, message=GroupSummaryUpdate(groupId=13, latestMessage=this is a demo msg, latestMessageSender=vegeta, latestMessageAt=2026-06-12T12:41:36.434507)
2026-06-12T12:41:36.806+07:00 DEBUG 11675 --- [chat-app] [ummary-update-3] c.h.c.c.CustomRabbitMQBrokerHandler      : Publishing to RabbitMQ: from instance=instance-dev to exchange=chat.user-updates, routingKey=user.u453.group-updates
2026-06-12T12:41:36.806+07:00 DEBUG 11675 --- [chat-app] [ummary-update-3] c.h.c.s.GroupSummaryUpdatePublisher      : [publishToGroupMembers] Pushed group summary update to user=u453, groupId=13, destination=/topic/user.u453.group-updates, message=GroupSummaryUpdate(groupId=13, latestMessage=this is a demo msg, latestMessageSender=vegeta, latestMessageAt=2026-06-12T12:41:36.434507)
2026-06-12T12:41:36.806+07:00 DEBUG 11675 --- [chat-app] [ummary-update-3] c.h.c.c.CustomRabbitMQBrokerHandler      : Publishing to RabbitMQ: from instance=instance-dev to exchange=chat.user-updates, routingKey=user.u454.group-updates
2026-06-12T12:41:36.806+07:00 DEBUG 11675 --- [chat-app] [ummary-update-3] c.h.c.s.GroupSummaryUpdatePublisher      : [publishToGroupMembers] Pushed group summary update to user=u454, groupId=13, destination=/topic/user.u454.group-updates, message=GroupSummaryUpdate(groupId=13, latestMessage=this is a demo msg, latestMessageSender=vegeta, latestMessageAt=2026-06-12T12:41:36.434507)
2026-06-12T12:41:36.807+07:00 DEBUG 11675 --- [chat-app] [ummary-update-3] c.h.c.c.CustomRabbitMQBrokerHandler      : Publishing to RabbitMQ: from instance=instance-dev to exchange=chat.user-updates, routingKey=user.u455.group-updates
2026-06-12T12:41:36.807+07:00 DEBUG 11675 --- [chat-app] [ummary-update-3] c.h.c.s.GroupSummaryUpdatePublisher      : [publishToGroupMembers] Pushed group summary update to user=u455, groupId=13, destination=/topic/user.u455.group-updates, message=GroupSummaryUpdate(groupId=13, latestMessage=this is a demo msg, latestMessageSender=vegeta, latestMessageAt=2026-06-12T12:41:36.434507)
2026-06-12T12:41:36.807+07:00 DEBUG 11675 --- [chat-app] [ummary-update-3] c.h.c.c.CustomRabbitMQBrokerHandler      : Publishing to RabbitMQ: from instance=instance-dev to exchange=chat.user-updates, routingKey=user.u456.group-updates
2026-06-12T12:41:36.807+07:00 DEBUG 11675 --- [chat-app] [ummary-update-3] c.h.c.s.GroupSummaryUpdatePublisher      : [publishToGroupMembers] Pushed group summary update to user=u456, groupId=13, destination=/topic/user.u456.group-updates, message=GroupSummaryUpdate(groupId=13, latestMessage=this is a demo msg, latestMessageSender=vegeta, latestMessageAt=2026-06-12T12:41:36.434507)
2026-06-12T12:41:36.807+07:00 DEBUG 11675 --- [chat-app] [ummary-update-3] c.h.c.c.CustomRabbitMQBrokerHandler      : Publishing to RabbitMQ: from instance=instance-dev to exchange=chat.user-updates, routingKey=user.u457.group-updates
2026-06-12T12:41:36.807+07:00 DEBUG 11675 --- [chat-app] [ummary-update-3] c.h.c.s.GroupSummaryUpdatePublisher      : [publishToGroupMembers] Pushed group summary update to user=u457, groupId=13, destination=/topic/user.u457.group-updates, message=GroupSummaryUpdate(groupId=13, latestMessage=this is a demo msg, latestMessageSender=vegeta, latestMessageAt=2026-06-12T12:41:36.434507)
2026-06-12T12:41:36.807+07:00 DEBUG 11675 --- [chat-app] [ummary-update-3] c.h.c.c.CustomRabbitMQBrokerHandler      : Publishing to RabbitMQ: from instance=instance-dev to exchange=chat.user-updates, routingKey=user.u458.group-updates
2026-06-12T12:41:36.807+07:00 DEBUG 11675 --- [chat-app] [ummary-update-3] c.h.c.s.GroupSummaryUpdatePublisher      : [publishToGroupMembers] Pushed group summary update to user=u458, groupId=13, destination=/topic/user.u458.group-updates, message=GroupSummaryUpdate(groupId=13, latestMessage=this is a demo msg, latestMessageSender=vegeta, latestMessageAt=2026-06-12T12:41:36.434507)
2026-06-12T12:41:36.807+07:00 DEBUG 11675 --- [chat-app] [ummary-update-3] c.h.c.c.CustomRabbitMQBrokerHandler      : Publishing to RabbitMQ: from instance=instance-dev to exchange=chat.user-updates, routingKey=user.u459.group-updates
2026-06-12T12:41:36.807+07:00 DEBUG 11675 --- [chat-app] [ummary-update-3] c.h.c.s.GroupSummaryUpdatePublisher      : [publishToGroupMembers] Pushed group summary update to user=u459, groupId=13, destination=/topic/user.u459.group-updates, message=GroupSummaryUpdate(groupId=13, latestMessage=this is a demo msg, latestMessageSender=vegeta, latestMessageAt=2026-06-12T12:41:36.434507)
2026-06-12T12:41:36.807+07:00 DEBUG 11675 --- [chat-app] [ummary-update-3] c.h.c.c.CustomRabbitMQBrokerHandler      : Publishing to RabbitMQ: from instance=instance-dev to exchange=chat.user-updates, routingKey=user.u460.group-updates
2026-06-12T12:41:36.807+07:00 DEBUG 11675 --- [chat-app] [ummary-update-3] c.h.c.s.GroupSummaryUpdatePublisher      : [publishToGroupMembers] Pushed group summary update to user=u460, groupId=13, destination=/topic/user.u460.group-updates, message=GroupSummaryUpdate(groupId=13, latestMessage=this is a demo msg, latestMessageSender=vegeta, latestMessageAt=2026-06-12T12:41:36.434507)
2026-06-12T12:41:36.807+07:00 DEBUG 11675 --- [chat-app] [ummary-update-3] c.h.c.c.CustomRabbitMQBrokerHandler      : Publishing to RabbitMQ: from instance=instance-dev to exchange=chat.user-updates, routingKey=user.u461.group-updates
2026-06-12T12:41:36.807+07:00 DEBUG 11675 --- [chat-app] [ummary-update-3] c.h.c.s.GroupSummaryUpdatePublisher      : [publishToGroupMembers] Pushed group summary update to user=u461, groupId=13, destination=/topic/user.u461.group-updates, message=GroupSummaryUpdate(groupId=13, latestMessage=this is a demo msg, latestMessageSender=vegeta, latestMessageAt=2026-06-12T12:41:36.434507)
2026-06-12T12:41:36.807+07:00 DEBUG 11675 --- [chat-app] [ummary-update-3] c.h.c.c.CustomRabbitMQBrokerHandler      : Publishing to RabbitMQ: from instance=instance-dev to exchange=chat.user-updates, routingKey=user.u462.group-updates
2026-06-12T12:41:36.808+07:00 DEBUG 11675 --- [chat-app] [ummary-update-3] c.h.c.s.GroupSummaryUpdatePublisher      : [publishToGroupMembers] Pushed group summary update to user=u462, groupId=13, destination=/topic/user.u462.group-updates, message=GroupSummaryUpdate(groupId=13, latestMessage=this is a demo msg, latestMessageSender=vegeta, latestMessageAt=2026-06-12T12:41:36.434507)
2026-06-12T12:41:36.808+07:00 DEBUG 11675 --- [chat-app] [ummary-update-3] c.h.c.c.CustomRabbitMQBrokerHandler      : Publishing to RabbitMQ: from instance=instance-dev to exchange=chat.user-updates, routingKey=user.u463.group-updates
2026-06-12T12:41:36.808+07:00 DEBUG 11675 --- [chat-app] [ummary-update-3] c.h.c.s.GroupSummaryUpdatePublisher      : [publishToGroupMembers] Pushed group summary update to user=u463, groupId=13, destination=/topic/user.u463.group-updates, message=GroupSummaryUpdate(groupId=13, latestMessage=this is a demo msg, latestMessageSender=vegeta, latestMessageAt=2026-06-12T12:41:36.434507)
2026-06-12T12:41:36.808+07:00 DEBUG 11675 --- [chat-app] [ummary-update-3] c.h.c.c.CustomRabbitMQBrokerHandler      : Publishing to RabbitMQ: from instance=instance-dev to exchange=chat.user-updates, routingKey=user.u464.group-updates
2026-06-12T12:41:36.808+07:00 DEBUG 11675 --- [chat-app] [ummary-update-3] c.h.c.s.GroupSummaryUpdatePublisher      : [publishToGroupMembers] Pushed group summary update to user=u464, groupId=13, destination=/topic/user.u464.group-updates, message=GroupSummaryUpdate(groupId=13, latestMessage=this is a demo msg, latestMessageSender=vegeta, latestMessageAt=2026-06-12T12:41:36.434507)
2026-06-12T12:41:36.808+07:00 DEBUG 11675 --- [chat-app] [ummary-update-3] c.h.c.c.CustomRabbitMQBrokerHandler      : Publishing to RabbitMQ: from instance=instance-dev to exchange=chat.user-updates, routingKey=user.u465.group-updates
2026-06-12T12:41:36.808+07:00 DEBUG 11675 --- [chat-app] [ummary-update-3] c.h.c.s.GroupSummaryUpdatePublisher      : [publishToGroupMembers] Pushed group summary update to user=u465, groupId=13, destination=/topic/user.u465.group-updates, message=GroupSummaryUpdate(groupId=13, latestMessage=this is a demo msg, latestMessageSender=vegeta, latestMessageAt=2026-06-12T12:41:36.434507)
2026-06-12T12:41:36.808+07:00 DEBUG 11675 --- [chat-app] [ummary-update-3] c.h.c.c.CustomRabbitMQBrokerHandler      : Publishing to RabbitMQ: from instance=instance-dev to exchange=chat.user-updates, routingKey=user.u466.group-updates
2026-06-12T12:41:36.808+07:00 DEBUG 11675 --- [chat-app] [ummary-update-3] c.h.c.s.GroupSummaryUpdatePublisher      : [publishToGroupMembers] Pushed group summary update to user=u466, groupId=13, destination=/topic/user.u466.group-updates, message=GroupSummaryUpdate(groupId=13, latestMessage=this is a demo msg, latestMessageSender=vegeta, latestMessageAt=2026-06-12T12:41:36.434507)
2026-06-12T12:41:36.808+07:00 DEBUG 11675 --- [chat-app] [ummary-update-3] c.h.c.c.CustomRabbitMQBrokerHandler      : Publishing to RabbitMQ: from instance=instance-dev to exchange=chat.user-updates, routingKey=user.u467.group-updates
2026-06-12T12:41:36.808+07:00 DEBUG 11675 --- [chat-app] [ummary-update-3] c.h.c.s.GroupSummaryUpdatePublisher      : [publishToGroupMembers] Pushed group summary update to user=u467, groupId=13, destination=/topic/user.u467.group-updates, message=GroupSummaryUpdate(groupId=13, latestMessage=this is a demo msg, latestMessageSender=vegeta, latestMessageAt=2026-06-12T12:41:36.434507)
2026-06-12T12:41:36.808+07:00 DEBUG 11675 --- [chat-app] [ummary-update-3] c.h.c.c.CustomRabbitMQBrokerHandler      : Publishing to RabbitMQ: from instance=instance-dev to exchange=chat.user-updates, routingKey=user.u468.group-updates
2026-06-12T12:41:36.809+07:00 DEBUG 11675 --- [chat-app] [ummary-update-3] c.h.c.s.GroupSummaryUpdatePublisher      : [publishToGroupMembers] Pushed group summary update to user=u468, groupId=13, destination=/topic/user.u468.group-updates, message=GroupSummaryUpdate(groupId=13, latestMessage=this is a demo msg, latestMessageSender=vegeta, latestMessageAt=2026-06-12T12:41:36.434507)
2026-06-12T12:41:36.809+07:00 DEBUG 11675 --- [chat-app] [ummary-update-3] c.h.c.c.CustomRabbitMQBrokerHandler      : Publishing to RabbitMQ: from instance=instance-dev to exchange=chat.user-updates, routingKey=user.u469.group-updates
2026-06-12T12:41:36.809+07:00 DEBUG 11675 --- [chat-app] [ummary-update-3] c.h.c.s.GroupSummaryUpdatePublisher      : [publishToGroupMembers] Pushed group summary update to user=u469, groupId=13, destination=/topic/user.u469.group-updates, message=GroupSummaryUpdate(groupId=13, latestMessage=this is a demo msg, latestMessageSender=vegeta, latestMessageAt=2026-06-12T12:41:36.434507)
2026-06-12T12:41:36.809+07:00 DEBUG 11675 --- [chat-app] [ummary-update-3] c.h.c.c.CustomRabbitMQBrokerHandler      : Publishing to RabbitMQ: from instance=instance-dev to exchange=chat.user-updates, routingKey=user.u470.group-updates
2026-06-12T12:41:36.809+07:00 DEBUG 11675 --- [chat-app] [ummary-update-3] c.h.c.s.GroupSummaryUpdatePublisher      : [publishToGroupMembers] Pushed group summary update to user=u470, groupId=13, destination=/topic/user.u470.group-updates, message=GroupSummaryUpdate(groupId=13, latestMessage=this is a demo msg, latestMessageSender=vegeta, latestMessageAt=2026-06-12T12:41:36.434507)
2026-06-12T12:41:36.809+07:00 DEBUG 11675 --- [chat-app] [ummary-update-3] c.h.c.c.CustomRabbitMQBrokerHandler      : Publishing to RabbitMQ: from instance=instance-dev to exchange=chat.user-updates, routingKey=user.u471.group-updates
2026-06-12T12:41:36.809+07:00 DEBUG 11675 --- [chat-app] [ummary-update-3] c.h.c.s.GroupSummaryUpdatePublisher      : [publishToGroupMembers] Pushed group summary update to user=u471, groupId=13, destination=/topic/user.u471.group-updates, message=GroupSummaryUpdate(groupId=13, latestMessage=this is a demo msg, latestMessageSender=vegeta, latestMessageAt=2026-06-12T12:41:36.434507)
2026-06-12T12:41:36.809+07:00 DEBUG 11675 --- [chat-app] [ummary-update-3] c.h.c.c.CustomRabbitMQBrokerHandler      : Publishing to RabbitMQ: from instance=instance-dev to exchange=chat.user-updates, routingKey=user.u472.group-updates
2026-06-12T12:41:36.809+07:00 DEBUG 11675 --- [chat-app] [ummary-update-3] c.h.c.s.GroupSummaryUpdatePublisher      : [publishToGroupMembers] Pushed group summary update to user=u472, groupId=13, destination=/topic/user.u472.group-updates, message=GroupSummaryUpdate(groupId=13, latestMessage=this is a demo msg, latestMessageSender=vegeta, latestMessageAt=2026-06-12T12:41:36.434507)
2026-06-12T12:41:36.809+07:00 DEBUG 11675 --- [chat-app] [ummary-update-3] c.h.c.c.CustomRabbitMQBrokerHandler      : Publishing to RabbitMQ: from instance=instance-dev to exchange=chat.user-updates, routingKey=user.u473.group-updates
2026-06-12T12:41:36.809+07:00 DEBUG 11675 --- [chat-app] [ummary-update-3] c.h.c.s.GroupSummaryUpdatePublisher      : [publishToGroupMembers] Pushed group summary update to user=u473, groupId=13, destination=/topic/user.u473.group-updates, message=GroupSummaryUpdate(groupId=13, latestMessage=this is a demo msg, latestMessageSender=vegeta, latestMessageAt=2026-06-12T12:41:36.434507)
2026-06-12T12:41:36.809+07:00 DEBUG 11675 --- [chat-app] [ummary-update-3] c.h.c.c.CustomRabbitMQBrokerHandler      : Publishing to RabbitMQ: from instance=instance-dev to exchange=chat.user-updates, routingKey=user.u474.group-updates
2026-06-12T12:41:36.810+07:00 DEBUG 11675 --- [chat-app] [ummary-update-3] c.h.c.s.GroupSummaryUpdatePublisher      : [publishToGroupMembers] Pushed group summary update to user=u474, groupId=13, destination=/topic/user.u474.group-updates, message=GroupSummaryUpdate(groupId=13, latestMessage=this is a demo msg, latestMessageSender=vegeta, latestMessageAt=2026-06-12T12:41:36.434507)
2026-06-12T12:41:36.810+07:00 DEBUG 11675 --- [chat-app] [ummary-update-3] c.h.c.c.CustomRabbitMQBrokerHandler      : Publishing to RabbitMQ: from instance=instance-dev to exchange=chat.user-updates, routingKey=user.u475.group-updates
2026-06-12T12:41:36.810+07:00 DEBUG 11675 --- [chat-app] [ummary-update-3] c.h.c.s.GroupSummaryUpdatePublisher      : [publishToGroupMembers] Pushed group summary update to user=u475, groupId=13, destination=/topic/user.u475.group-updates, message=GroupSummaryUpdate(groupId=13, latestMessage=this is a demo msg, latestMessageSender=vegeta, latestMessageAt=2026-06-12T12:41:36.434507)
2026-06-12T12:41:36.810+07:00 DEBUG 11675 --- [chat-app] [ummary-update-3] c.h.c.c.CustomRabbitMQBrokerHandler      : Publishing to RabbitMQ: from instance=instance-dev to exchange=chat.user-updates, routingKey=user.u476.group-updates
2026-06-12T12:41:36.810+07:00 DEBUG 11675 --- [chat-app] [ummary-update-3] c.h.c.s.GroupSummaryUpdatePublisher      : [publishToGroupMembers] Pushed group summary update to user=u476, groupId=13, destination=/topic/user.u476.group-updates, message=GroupSummaryUpdate(groupId=13, latestMessage=this is a demo msg, latestMessageSender=vegeta, latestMessageAt=2026-06-12T12:41:36.434507)
2026-06-12T12:41:36.810+07:00 DEBUG 11675 --- [chat-app] [ummary-update-3] c.h.c.c.CustomRabbitMQBrokerHandler      : Publishing to RabbitMQ: from instance=instance-dev to exchange=chat.user-updates, routingKey=user.u477.group-updates
2026-06-12T12:41:36.810+07:00 DEBUG 11675 --- [chat-app] [ummary-update-3] c.h.c.s.GroupSummaryUpdatePublisher      : [publishToGroupMembers] Pushed group summary update to user=u477, groupId=13, destination=/topic/user.u477.group-updates, message=GroupSummaryUpdate(groupId=13, latestMessage=this is a demo msg, latestMessageSender=vegeta, latestMessageAt=2026-06-12T12:41:36.434507)
2026-06-12T12:41:36.810+07:00 DEBUG 11675 --- [chat-app] [ummary-update-3] c.h.c.c.CustomRabbitMQBrokerHandler      : Publishing to RabbitMQ: from instance=instance-dev to exchange=chat.user-updates, routingKey=user.u478.group-updates
2026-06-12T12:41:36.811+07:00 DEBUG 11675 --- [chat-app] [ummary-update-3] c.h.c.s.GroupSummaryUpdatePublisher      : [publishToGroupMembers] Pushed group summary update to user=u478, groupId=13, destination=/topic/user.u478.group-updates, message=GroupSummaryUpdate(groupId=13, latestMessage=this is a demo msg, latestMessageSender=vegeta, latestMessageAt=2026-06-12T12:41:36.434507)
2026-06-12T12:41:36.811+07:00 DEBUG 11675 --- [chat-app] [ummary-update-3] c.h.c.c.CustomRabbitMQBrokerHandler      : Publishing to RabbitMQ: from instance=instance-dev to exchange=chat.user-updates, routingKey=user.u479.group-updates
2026-06-12T12:41:36.811+07:00 DEBUG 11675 --- [chat-app] [ummary-update-3] c.h.c.s.GroupSummaryUpdatePublisher      : [publishToGroupMembers] Pushed group summary update to user=u479, groupId=13, destination=/topic/user.u479.group-updates, message=GroupSummaryUpdate(groupId=13, latestMessage=this is a demo msg, latestMessageSender=vegeta, latestMessageAt=2026-06-12T12:41:36.434507)
2026-06-12T12:41:36.811+07:00 DEBUG 11675 --- [chat-app] [ummary-update-3] c.h.c.c.CustomRabbitMQBrokerHandler      : Publishing to RabbitMQ: from instance=instance-dev to exchange=chat.user-updates, routingKey=user.u480.group-updates
2026-06-12T12:41:36.811+07:00 DEBUG 11675 --- [chat-app] [ummary-update-3] c.h.c.s.GroupSummaryUpdatePublisher      : [publishToGroupMembers] Pushed group summary update to user=u480, groupId=13, destination=/topic/user.u480.group-updates, message=GroupSummaryUpdate(groupId=13, latestMessage=this is a demo msg, latestMessageSender=vegeta, latestMessageAt=2026-06-12T12:41:36.434507)
2026-06-12T12:41:36.811+07:00 DEBUG 11675 --- [chat-app] [ummary-update-3] c.h.c.c.CustomRabbitMQBrokerHandler      : Publishing to RabbitMQ: from instance=instance-dev to exchange=chat.user-updates, routingKey=user.u481.group-updates
2026-06-12T12:41:36.811+07:00 DEBUG 11675 --- [chat-app] [ummary-update-3] c.h.c.s.GroupSummaryUpdatePublisher      : [publishToGroupMembers] Pushed group summary update to user=u481, groupId=13, destination=/topic/user.u481.group-updates, message=GroupSummaryUpdate(groupId=13, latestMessage=this is a demo msg, latestMessageSender=vegeta, latestMessageAt=2026-06-12T12:41:36.434507)
2026-06-12T12:41:36.811+07:00 DEBUG 11675 --- [chat-app] [ummary-update-3] c.h.c.c.CustomRabbitMQBrokerHandler      : Publishing to RabbitMQ: from instance=instance-dev to exchange=chat.user-updates, routingKey=user.u482.group-updates
2026-06-12T12:41:36.811+07:00 DEBUG 11675 --- [chat-app] [ummary-update-3] c.h.c.s.GroupSummaryUpdatePublisher      : [publishToGroupMembers] Pushed group summary update to user=u482, groupId=13, destination=/topic/user.u482.group-updates, message=GroupSummaryUpdate(groupId=13, latestMessage=this is a demo msg, latestMessageSender=vegeta, latestMessageAt=2026-06-12T12:41:36.434507)
2026-06-12T12:41:36.811+07:00 DEBUG 11675 --- [chat-app] [ummary-update-3] c.h.c.c.CustomRabbitMQBrokerHandler      : Publishing to RabbitMQ: from instance=instance-dev to exchange=chat.user-updates, routingKey=user.u483.group-updates
2026-06-12T12:41:36.812+07:00 DEBUG 11675 --- [chat-app] [ummary-update-3] c.h.c.s.GroupSummaryUpdatePublisher      : [publishToGroupMembers] Pushed group summary update to user=u483, groupId=13, destination=/topic/user.u483.group-updates, message=GroupSummaryUpdate(groupId=13, latestMessage=this is a demo msg, latestMessageSender=vegeta, latestMessageAt=2026-06-12T12:41:36.434507)
2026-06-12T12:41:36.812+07:00 DEBUG 11675 --- [chat-app] [ummary-update-3] c.h.c.c.CustomRabbitMQBrokerHandler      : Publishing to RabbitMQ: from instance=instance-dev to exchange=chat.user-updates, routingKey=user.u484.group-updates
2026-06-12T12:41:36.812+07:00 DEBUG 11675 --- [chat-app] [ummary-update-3] c.h.c.s.GroupSummaryUpdatePublisher      : [publishToGroupMembers] Pushed group summary update to user=u484, groupId=13, destination=/topic/user.u484.group-updates, message=GroupSummaryUpdate(groupId=13, latestMessage=this is a demo msg, latestMessageSender=vegeta, latestMessageAt=2026-06-12T12:41:36.434507)
2026-06-12T12:41:36.812+07:00 DEBUG 11675 --- [chat-app] [ummary-update-3] c.h.c.c.CustomRabbitMQBrokerHandler      : Publishing to RabbitMQ: from instance=instance-dev to exchange=chat.user-updates, routingKey=user.u485.group-updates
2026-06-12T12:41:36.812+07:00 DEBUG 11675 --- [chat-app] [ummary-update-3] c.h.c.s.GroupSummaryUpdatePublisher      : [publishToGroupMembers] Pushed group summary update to user=u485, groupId=13, destination=/topic/user.u485.group-updates, message=GroupSummaryUpdate(groupId=13, latestMessage=this is a demo msg, latestMessageSender=vegeta, latestMessageAt=2026-06-12T12:41:36.434507)
2026-06-12T12:41:36.812+07:00 DEBUG 11675 --- [chat-app] [ummary-update-3] c.h.c.c.CustomRabbitMQBrokerHandler      : Publishing to RabbitMQ: from instance=instance-dev to exchange=chat.user-updates, routingKey=user.u486.group-updates
2026-06-12T12:41:36.812+07:00 DEBUG 11675 --- [chat-app] [ummary-update-3] c.h.c.s.GroupSummaryUpdatePublisher      : [publishToGroupMembers] Pushed group summary update to user=u486, groupId=13, destination=/topic/user.u486.group-updates, message=GroupSummaryUpdate(groupId=13, latestMessage=this is a demo msg, latestMessageSender=vegeta, latestMessageAt=2026-06-12T12:41:36.434507)
2026-06-12T12:41:36.812+07:00 DEBUG 11675 --- [chat-app] [ummary-update-3] c.h.c.c.CustomRabbitMQBrokerHandler      : Publishing to RabbitMQ: from instance=instance-dev to exchange=chat.user-updates, routingKey=user.u487.group-updates
2026-06-12T12:41:36.812+07:00 DEBUG 11675 --- [chat-app] [ummary-update-3] c.h.c.s.GroupSummaryUpdatePublisher      : [publishToGroupMembers] Pushed group summary update to user=u487, groupId=13, destination=/topic/user.u487.group-updates, message=GroupSummaryUpdate(groupId=13, latestMessage=this is a demo msg, latestMessageSender=vegeta, latestMessageAt=2026-06-12T12:41:36.434507)
2026-06-12T12:41:36.812+07:00 DEBUG 11675 --- [chat-app] [ummary-update-3] c.h.c.c.CustomRabbitMQBrokerHandler      : Publishing to RabbitMQ: from instance=instance-dev to exchange=chat.user-updates, routingKey=user.u488.group-updates
2026-06-12T12:41:36.812+07:00 DEBUG 11675 --- [chat-app] [ummary-update-3] c.h.c.s.GroupSummaryUpdatePublisher      : [publishToGroupMembers] Pushed group summary update to user=u488, groupId=13, destination=/topic/user.u488.group-updates, message=GroupSummaryUpdate(groupId=13, latestMessage=this is a demo msg, latestMessageSender=vegeta, latestMessageAt=2026-06-12T12:41:36.434507)
2026-06-12T12:41:36.812+07:00 DEBUG 11675 --- [chat-app] [ummary-update-3] c.h.c.c.CustomRabbitMQBrokerHandler      : Publishing to RabbitMQ: from instance=instance-dev to exchange=chat.user-updates, routingKey=user.u489.group-updates
2026-06-12T12:41:36.813+07:00 DEBUG 11675 --- [chat-app] [ummary-update-3] c.h.c.s.GroupSummaryUpdatePublisher      : [publishToGroupMembers] Pushed group summary update to user=u489, groupId=13, destination=/topic/user.u489.group-updates, message=GroupSummaryUpdate(groupId=13, latestMessage=this is a demo msg, latestMessageSender=vegeta, latestMessageAt=2026-06-12T12:41:36.434507)
2026-06-12T12:41:36.813+07:00 DEBUG 11675 --- [chat-app] [ummary-update-3] c.h.c.c.CustomRabbitMQBrokerHandler      : Publishing to RabbitMQ: from instance=instance-dev to exchange=chat.user-updates, routingKey=user.u490.group-updates
2026-06-12T12:41:36.813+07:00 DEBUG 11675 --- [chat-app] [ummary-update-3] c.h.c.s.GroupSummaryUpdatePublisher      : [publishToGroupMembers] Pushed group summary update to user=u490, groupId=13, destination=/topic/user.u490.group-updates, message=GroupSummaryUpdate(groupId=13, latestMessage=this is a demo msg, latestMessageSender=vegeta, latestMessageAt=2026-06-12T12:41:36.434507)
2026-06-12T12:41:36.813+07:00 DEBUG 11675 --- [chat-app] [ummary-update-3] c.h.c.c.CustomRabbitMQBrokerHandler      : Publishing to RabbitMQ: from instance=instance-dev to exchange=chat.user-updates, routingKey=user.u491.group-updates
2026-06-12T12:41:36.813+07:00 DEBUG 11675 --- [chat-app] [ummary-update-3] c.h.c.s.GroupSummaryUpdatePublisher      : [publishToGroupMembers] Pushed group summary update to user=u491, groupId=13, destination=/topic/user.u491.group-updates, message=GroupSummaryUpdate(groupId=13, latestMessage=this is a demo msg, latestMessageSender=vegeta, latestMessageAt=2026-06-12T12:41:36.434507)
2026-06-12T12:41:36.813+07:00 DEBUG 11675 --- [chat-app] [ummary-update-3] c.h.c.c.CustomRabbitMQBrokerHandler      : Publishing to RabbitMQ: from instance=instance-dev to exchange=chat.user-updates, routingKey=user.u492.group-updates
2026-06-12T12:41:36.813+07:00 DEBUG 11675 --- [chat-app] [ummary-update-3] c.h.c.s.GroupSummaryUpdatePublisher      : [publishToGroupMembers] Pushed group summary update to user=u492, groupId=13, destination=/topic/user.u492.group-updates, message=GroupSummaryUpdate(groupId=13, latestMessage=this is a demo msg, latestMessageSender=vegeta, latestMessageAt=2026-06-12T12:41:36.434507)
2026-06-12T12:41:36.813+07:00 DEBUG 11675 --- [chat-app] [ummary-update-3] c.h.c.c.CustomRabbitMQBrokerHandler      : Publishing to RabbitMQ: from instance=instance-dev to exchange=chat.user-updates, routingKey=user.u493.group-updates
2026-06-12T12:41:36.813+07:00 DEBUG 11675 --- [chat-app] [ummary-update-3] c.h.c.s.GroupSummaryUpdatePublisher      : [publishToGroupMembers] Pushed group summary update to user=u493, groupId=13, destination=/topic/user.u493.group-updates, message=GroupSummaryUpdate(groupId=13, latestMessage=this is a demo msg, latestMessageSender=vegeta, latestMessageAt=2026-06-12T12:41:36.434507)
2026-06-12T12:41:36.813+07:00 DEBUG 11675 --- [chat-app] [ummary-update-3] c.h.c.c.CustomRabbitMQBrokerHandler      : Publishing to RabbitMQ: from instance=instance-dev to exchange=chat.user-updates, routingKey=user.u494.group-updates
2026-06-12T12:41:36.814+07:00 DEBUG 11675 --- [chat-app] [ummary-update-3] c.h.c.s.GroupSummaryUpdatePublisher      : [publishToGroupMembers] Pushed group summary update to user=u494, groupId=13, destination=/topic/user.u494.group-updates, message=GroupSummaryUpdate(groupId=13, latestMessage=this is a demo msg, latestMessageSender=vegeta, latestMessageAt=2026-06-12T12:41:36.434507)
2026-06-12T12:41:36.814+07:00 DEBUG 11675 --- [chat-app] [ummary-update-3] c.h.c.c.CustomRabbitMQBrokerHandler      : Publishing to RabbitMQ: from instance=instance-dev to exchange=chat.user-updates, routingKey=user.u495.group-updates
2026-06-12T12:41:36.814+07:00 DEBUG 11675 --- [chat-app] [ummary-update-3] c.h.c.s.GroupSummaryUpdatePublisher      : [publishToGroupMembers] Pushed group summary update to user=u495, groupId=13, destination=/topic/user.u495.group-updates, message=GroupSummaryUpdate(groupId=13, latestMessage=this is a demo msg, latestMessageSender=vegeta, latestMessageAt=2026-06-12T12:41:36.434507)
2026-06-12T12:41:36.814+07:00 DEBUG 11675 --- [chat-app] [ummary-update-3] c.h.c.c.CustomRabbitMQBrokerHandler      : Publishing to RabbitMQ: from instance=instance-dev to exchange=chat.user-updates, routingKey=user.u496.group-updates
2026-06-12T12:41:36.814+07:00 DEBUG 11675 --- [chat-app] [ummary-update-3] c.h.c.s.GroupSummaryUpdatePublisher      : [publishToGroupMembers] Pushed group summary update to user=u496, groupId=13, destination=/topic/user.u496.group-updates, message=GroupSummaryUpdate(groupId=13, latestMessage=this is a demo msg, latestMessageSender=vegeta, latestMessageAt=2026-06-12T12:41:36.434507)
2026-06-12T12:41:36.814+07:00 DEBUG 11675 --- [chat-app] [ummary-update-3] c.h.c.c.CustomRabbitMQBrokerHandler      : Publishing to RabbitMQ: from instance=instance-dev to exchange=chat.user-updates, routingKey=user.u497.group-updates
2026-06-12T12:41:36.814+07:00 DEBUG 11675 --- [chat-app] [ummary-update-3] c.h.c.s.GroupSummaryUpdatePublisher      : [publishToGroupMembers] Pushed group summary update to user=u497, groupId=13, destination=/topic/user.u497.group-updates, message=GroupSummaryUpdate(groupId=13, latestMessage=this is a demo msg, latestMessageSender=vegeta, latestMessageAt=2026-06-12T12:41:36.434507)
2026-06-12T12:41:36.814+07:00 DEBUG 11675 --- [chat-app] [ummary-update-3] c.h.c.c.CustomRabbitMQBrokerHandler      : Publishing to RabbitMQ: from instance=instance-dev to exchange=chat.user-updates, routingKey=user.u498.group-updates
2026-06-12T12:41:36.814+07:00 DEBUG 11675 --- [chat-app] [ummary-update-3] c.h.c.s.GroupSummaryUpdatePublisher      : [publishToGroupMembers] Pushed group summary update to user=u498, groupId=13, destination=/topic/user.u498.group-updates, message=GroupSummaryUpdate(groupId=13, latestMessage=this is a demo msg, latestMessageSender=vegeta, latestMessageAt=2026-06-12T12:41:36.434507)
2026-06-12T12:41:36.814+07:00 DEBUG 11675 --- [chat-app] [ummary-update-3] c.h.c.c.CustomRabbitMQBrokerHandler      : Publishing to RabbitMQ: from instance=instance-dev to exchange=chat.user-updates, routingKey=user.u499.group-updates
2026-06-12T12:41:36.814+07:00 DEBUG 11675 --- [chat-app] [ummary-update-3] c.h.c.s.GroupSummaryUpdatePublisher      : [publishToGroupMembers] Pushed group summary update to user=u499, groupId=13, destination=/topic/user.u499.group-updates, message=GroupSummaryUpdate(groupId=13, latestMessage=this is a demo msg, latestMessageSender=vegeta, latestMessageAt=2026-06-12T12:41:36.434507)
2026-06-12T12:41:36.814+07:00 DEBUG 11675 --- [chat-app] [ummary-update-3] c.h.c.c.CustomRabbitMQBrokerHandler      : Publishing to RabbitMQ: from instance=instance-dev to exchange=chat.user-updates, routingKey=user.u500.group-updates
2026-06-12T12:41:36.814+07:00 DEBUG 11675 --- [chat-app] [ummary-update-3] c.h.c.s.GroupSummaryUpdatePublisher      : [publishToGroupMembers] Pushed group summary update to user=u500, groupId=13, destination=/topic/user.u500.group-updates, message=GroupSummaryUpdate(groupId=13, latestMessage=this is a demo msg, latestMessageSender=vegeta, latestMessageAt=2026-06-12T12:41:36.434507)
2026-06-12T12:41:36.814+07:00 DEBUG 11675 --- [chat-app] [ummary-update-3] c.h.c.c.CustomRabbitMQBrokerHandler      : Publishing to RabbitMQ: from instance=instance-dev to exchange=chat.user-updates, routingKey=user.u501.group-updates
2026-06-12T12:41:36.814+07:00 DEBUG 11675 --- [chat-app] [ummary-update-3] c.h.c.s.GroupSummaryUpdatePublisher      : [publishToGroupMembers] Pushed group summary update to user=u501, groupId=13, destination=/topic/user.u501.group-updates, message=GroupSummaryUpdate(groupId=13, latestMessage=this is a demo msg, latestMessageSender=vegeta, latestMessageAt=2026-06-12T12:41:36.434507)
2026-06-12T12:41:36.814+07:00 DEBUG 11675 --- [chat-app] [ummary-update-3] c.h.c.c.CustomRabbitMQBrokerHandler      : Publishing to RabbitMQ: from instance=instance-dev to exchange=chat.user-updates, routingKey=user.u502.group-updates
2026-06-12T12:41:36.814+07:00 DEBUG 11675 --- [chat-app] [ummary-update-3] c.h.c.s.GroupSummaryUpdatePublisher      : [publishToGroupMembers] Pushed group summary update to user=u502, groupId=13, destination=/topic/user.u502.group-updates, message=GroupSummaryUpdate(groupId=13, latestMessage=this is a demo msg, latestMessageSender=vegeta, latestMessageAt=2026-06-12T12:41:36.434507)
2026-06-12T12:41:36.814+07:00 DEBUG 11675 --- [chat-app] [ummary-update-3] c.h.c.c.CustomRabbitMQBrokerHandler      : Publishing to RabbitMQ: from instance=instance-dev to exchange=chat.user-updates, routingKey=user.u503.group-updates
2026-06-12T12:41:36.814+07:00 DEBUG 11675 --- [chat-app] [ummary-update-3] c.h.c.s.GroupSummaryUpdatePublisher      : [publishToGroupMembers] Pushed group summary update to user=u503, groupId=13, destination=/topic/user.u503.group-updates, message=GroupSummaryUpdate(groupId=13, latestMessage=this is a demo msg, latestMessageSender=vegeta, latestMessageAt=2026-06-12T12:41:36.434507)
2026-06-12T12:41:36.814+07:00 DEBUG 11675 --- [chat-app] [ummary-update-3] c.h.c.c.CustomRabbitMQBrokerHandler      : Publishing to RabbitMQ: from instance=instance-dev to exchange=chat.user-updates, routingKey=user.u504.group-updates
2026-06-12T12:41:36.814+07:00 DEBUG 11675 --- [chat-app] [ummary-update-3] c.h.c.s.GroupSummaryUpdatePublisher      : [publishToGroupMembers] Pushed group summary update to user=u504, groupId=13, destination=/topic/user.u504.group-updates, message=GroupSummaryUpdate(groupId=13, latestMessage=this is a demo msg, latestMessageSender=vegeta, latestMessageAt=2026-06-12T12:41:36.434507)
2026-06-12T12:41:36.815+07:00 DEBUG 11675 --- [chat-app] [ummary-update-3] c.h.c.c.CustomRabbitMQBrokerHandler      : Publishing to RabbitMQ: from instance=instance-dev to exchange=chat.user-updates, routingKey=user.u505.group-updates
2026-06-12T12:41:36.815+07:00 DEBUG 11675 --- [chat-app] [ummary-update-3] c.h.c.s.GroupSummaryUpdatePublisher      : [publishToGroupMembers] Pushed group summary update to user=u505, groupId=13, destination=/topic/user.u505.group-updates, message=GroupSummaryUpdate(groupId=13, latestMessage=this is a demo msg, latestMessageSender=vegeta, latestMessageAt=2026-06-12T12:41:36.434507)
2026-06-12T12:41:36.815+07:00 DEBUG 11675 --- [chat-app] [ummary-update-3] c.h.c.c.CustomRabbitMQBrokerHandler      : Publishing to RabbitMQ: from instance=instance-dev to exchange=chat.user-updates, routingKey=user.u506.group-updates
2026-06-12T12:41:36.815+07:00 DEBUG 11675 --- [chat-app] [ummary-update-3] c.h.c.s.GroupSummaryUpdatePublisher      : [publishToGroupMembers] Pushed group summary update to user=u506, groupId=13, destination=/topic/user.u506.group-updates, message=GroupSummaryUpdate(groupId=13, latestMessage=this is a demo msg, latestMessageSender=vegeta, latestMessageAt=2026-06-12T12:41:36.434507)
2026-06-12T12:41:36.815+07:00 DEBUG 11675 --- [chat-app] [ummary-update-3] c.h.c.c.CustomRabbitMQBrokerHandler      : Publishing to RabbitMQ: from instance=instance-dev to exchange=chat.user-updates, routingKey=user.u507.group-updates
2026-06-12T12:41:36.815+07:00 DEBUG 11675 --- [chat-app] [ummary-update-3] c.h.c.s.GroupSummaryUpdatePublisher      : [publishToGroupMembers] Pushed group summary update to user=u507, groupId=13, destination=/topic/user.u507.group-updates, message=GroupSummaryUpdate(groupId=13, latestMessage=this is a demo msg, latestMessageSender=vegeta, latestMessageAt=2026-06-12T12:41:36.434507)
2026-06-12T12:41:36.815+07:00 DEBUG 11675 --- [chat-app] [ummary-update-3] c.h.c.c.CustomRabbitMQBrokerHandler      : Publishing to RabbitMQ: from instance=instance-dev to exchange=chat.user-updates, routingKey=user.u508.group-updates
2026-06-12T12:41:36.815+07:00 DEBUG 11675 --- [chat-app] [ummary-update-3] c.h.c.s.GroupSummaryUpdatePublisher      : [publishToGroupMembers] Pushed group summary update to user=u508, groupId=13, destination=/topic/user.u508.group-updates, message=GroupSummaryUpdate(groupId=13, latestMessage=this is a demo msg, latestMessageSender=vegeta, latestMessageAt=2026-06-12T12:41:36.434507)
2026-06-12T12:41:36.815+07:00 DEBUG 11675 --- [chat-app] [ummary-update-3] c.h.c.c.CustomRabbitMQBrokerHandler      : Publishing to RabbitMQ: from instance=instance-dev to exchange=chat.user-updates, routingKey=user.u509.group-updates
2026-06-12T12:41:36.815+07:00 DEBUG 11675 --- [chat-app] [ummary-update-3] c.h.c.s.GroupSummaryUpdatePublisher      : [publishToGroupMembers] Pushed group summary update to user=u509, groupId=13, destination=/topic/user.u509.group-updates, message=GroupSummaryUpdate(groupId=13, latestMessage=this is a demo msg, latestMessageSender=vegeta, latestMessageAt=2026-06-12T12:41:36.434507)
2026-06-12T12:41:36.815+07:00 DEBUG 11675 --- [chat-app] [ummary-update-3] c.h.c.c.CustomRabbitMQBrokerHandler      : Publishing to RabbitMQ: from instance=instance-dev to exchange=chat.user-updates, routingKey=user.u510.group-updates
2026-06-12T12:41:36.815+07:00 DEBUG 11675 --- [chat-app] [ummary-update-3] c.h.c.s.GroupSummaryUpdatePublisher      : [publishToGroupMembers] Pushed group summary update to user=u510, groupId=13, destination=/topic/user.u510.group-updates, message=GroupSummaryUpdate(groupId=13, latestMessage=this is a demo msg, latestMessageSender=vegeta, latestMessageAt=2026-06-12T12:41:36.434507)
2026-06-12T12:41:36.815+07:00 DEBUG 11675 --- [chat-app] [ummary-update-3] c.h.c.c.CustomRabbitMQBrokerHandler      : Publishing to RabbitMQ: from instance=instance-dev to exchange=chat.user-updates, routingKey=user.u511.group-updates
2026-06-12T12:41:36.815+07:00 DEBUG 11675 --- [chat-app] [ummary-update-3] c.h.c.s.GroupSummaryUpdatePublisher      : [publishToGroupMembers] Pushed group summary update to user=u511, groupId=13, destination=/topic/user.u511.group-updates, message=GroupSummaryUpdate(groupId=13, latestMessage=this is a demo msg, latestMessageSender=vegeta, latestMessageAt=2026-06-12T12:41:36.434507)
2026-06-12T12:41:36.815+07:00 DEBUG 11675 --- [chat-app] [ummary-update-3] c.h.c.c.CustomRabbitMQBrokerHandler      : Publishing to RabbitMQ: from instance=instance-dev to exchange=chat.user-updates, routingKey=user.u512.group-updates
2026-06-12T12:41:36.815+07:00 DEBUG 11675 --- [chat-app] [ummary-update-3] c.h.c.s.GroupSummaryUpdatePublisher      : [publishToGroupMembers] Pushed group summary update to user=u512, groupId=13, destination=/topic/user.u512.group-updates, message=GroupSummaryUpdate(groupId=13, latestMessage=this is a demo msg, latestMessageSender=vegeta, latestMessageAt=2026-06-12T12:41:36.434507)
2026-06-12T12:41:36.815+07:00 DEBUG 11675 --- [chat-app] [ummary-update-3] c.h.c.c.CustomRabbitMQBrokerHandler      : Publishing to RabbitMQ: from instance=instance-dev to exchange=chat.user-updates, routingKey=user.u513.group-updates
2026-06-12T12:41:36.815+07:00 DEBUG 11675 --- [chat-app] [ummary-update-3] c.h.c.s.GroupSummaryUpdatePublisher      : [publishToGroupMembers] Pushed group summary update to user=u513, groupId=13, destination=/topic/user.u513.group-updates, message=GroupSummaryUpdate(groupId=13, latestMessage=this is a demo msg, latestMessageSender=vegeta, latestMessageAt=2026-06-12T12:41:36.434507)
2026-06-12T12:41:36.815+07:00 DEBUG 11675 --- [chat-app] [ummary-update-3] c.h.c.c.CustomRabbitMQBrokerHandler      : Publishing to RabbitMQ: from instance=instance-dev to exchange=chat.user-updates, routingKey=user.u514.group-updates
2026-06-12T12:41:36.815+07:00 DEBUG 11675 --- [chat-app] [ummary-update-3] c.h.c.s.GroupSummaryUpdatePublisher      : [publishToGroupMembers] Pushed group summary update to user=u514, groupId=13, destination=/topic/user.u514.group-updates, message=GroupSummaryUpdate(groupId=13, latestMessage=this is a demo msg, latestMessageSender=vegeta, latestMessageAt=2026-06-12T12:41:36.434507)
2026-06-12T12:41:36.815+07:00 DEBUG 11675 --- [chat-app] [ummary-update-3] c.h.c.c.CustomRabbitMQBrokerHandler      : Publishing to RabbitMQ: from instance=instance-dev to exchange=chat.user-updates, routingKey=user.u515.group-updates
2026-06-12T12:41:36.815+07:00 DEBUG 11675 --- [chat-app] [ummary-update-3] c.h.c.s.GroupSummaryUpdatePublisher      : [publishToGroupMembers] Pushed group summary update to user=u515, groupId=13, destination=/topic/user.u515.group-updates, message=GroupSummaryUpdate(groupId=13, latestMessage=this is a demo msg, latestMessageSender=vegeta, latestMessageAt=2026-06-12T12:41:36.434507)
2026-06-12T12:41:36.816+07:00 DEBUG 11675 --- [chat-app] [ummary-update-3] c.h.c.c.CustomRabbitMQBrokerHandler      : Publishing to RabbitMQ: from instance=instance-dev to exchange=chat.user-updates, routingKey=user.u516.group-updates
2026-06-12T12:41:36.816+07:00 DEBUG 11675 --- [chat-app] [ummary-update-3] c.h.c.s.GroupSummaryUpdatePublisher      : [publishToGroupMembers] Pushed group summary update to user=u516, groupId=13, destination=/topic/user.u516.group-updates, message=GroupSummaryUpdate(groupId=13, latestMessage=this is a demo msg, latestMessageSender=vegeta, latestMessageAt=2026-06-12T12:41:36.434507)
2026-06-12T12:41:36.816+07:00 DEBUG 11675 --- [chat-app] [ummary-update-3] c.h.c.c.CustomRabbitMQBrokerHandler      : Publishing to RabbitMQ: from instance=instance-dev to exchange=chat.user-updates, routingKey=user.u517.group-updates
2026-06-12T12:41:36.816+07:00 DEBUG 11675 --- [chat-app] [ummary-update-3] c.h.c.s.GroupSummaryUpdatePublisher      : [publishToGroupMembers] Pushed group summary update to user=u517, groupId=13, destination=/topic/user.u517.group-updates, message=GroupSummaryUpdate(groupId=13, latestMessage=this is a demo msg, latestMessageSender=vegeta, latestMessageAt=2026-06-12T12:41:36.434507)
2026-06-12T12:41:36.816+07:00 DEBUG 11675 --- [chat-app] [ummary-update-3] c.h.c.c.CustomRabbitMQBrokerHandler      : Publishing to RabbitMQ: from instance=instance-dev to exchange=chat.user-updates, routingKey=user.u518.group-updates
2026-06-12T12:41:36.816+07:00 DEBUG 11675 --- [chat-app] [ummary-update-3] c.h.c.s.GroupSummaryUpdatePublisher      : [publishToGroupMembers] Pushed group summary update to user=u518, groupId=13, destination=/topic/user.u518.group-updates, message=GroupSummaryUpdate(groupId=13, latestMessage=this is a demo msg, latestMessageSender=vegeta, latestMessageAt=2026-06-12T12:41:36.434507)
2026-06-12T12:41:36.816+07:00 DEBUG 11675 --- [chat-app] [ummary-update-3] c.h.c.c.CustomRabbitMQBrokerHandler      : Publishing to RabbitMQ: from instance=instance-dev to exchange=chat.user-updates, routingKey=user.u519.group-updates
2026-06-12T12:41:36.816+07:00 DEBUG 11675 --- [chat-app] [ummary-update-3] c.h.c.s.GroupSummaryUpdatePublisher      : [publishToGroupMembers] Pushed group summary update to user=u519, groupId=13, destination=/topic/user.u519.group-updates, message=GroupSummaryUpdate(groupId=13, latestMessage=this is a demo msg, latestMessageSender=vegeta, latestMessageAt=2026-06-12T12:41:36.434507)
2026-06-12T12:41:36.816+07:00 DEBUG 11675 --- [chat-app] [ummary-update-3] c.h.c.c.CustomRabbitMQBrokerHandler      : Publishing to RabbitMQ: from instance=instance-dev to exchange=chat.user-updates, routingKey=user.u520.group-updates
2026-06-12T12:41:36.816+07:00 DEBUG 11675 --- [chat-app] [ummary-update-3] c.h.c.s.GroupSummaryUpdatePublisher      : [publishToGroupMembers] Pushed group summary update to user=u520, groupId=13, destination=/topic/user.u520.group-updates, message=GroupSummaryUpdate(groupId=13, latestMessage=this is a demo msg, latestMessageSender=vegeta, latestMessageAt=2026-06-12T12:41:36.434507)
2026-06-12T12:41:36.816+07:00 DEBUG 11675 --- [chat-app] [ummary-update-3] c.h.c.c.CustomRabbitMQBrokerHandler      : Publishing to RabbitMQ: from instance=instance-dev to exchange=chat.user-updates, routingKey=user.u521.group-updates
2026-06-12T12:41:36.816+07:00 DEBUG 11675 --- [chat-app] [ummary-update-3] c.h.c.s.GroupSummaryUpdatePublisher      : [publishToGroupMembers] Pushed group summary update to user=u521, groupId=13, destination=/topic/user.u521.group-updates, message=GroupSummaryUpdate(groupId=13, latestMessage=this is a demo msg, latestMessageSender=vegeta, latestMessageAt=2026-06-12T12:41:36.434507)
2026-06-12T12:41:36.816+07:00 DEBUG 11675 --- [chat-app] [ummary-update-3] c.h.c.c.CustomRabbitMQBrokerHandler      : Publishing to RabbitMQ: from instance=instance-dev to exchange=chat.user-updates, routingKey=user.u522.group-updates
2026-06-12T12:41:36.816+07:00 DEBUG 11675 --- [chat-app] [ummary-update-3] c.h.c.s.GroupSummaryUpdatePublisher      : [publishToGroupMembers] Pushed group summary update to user=u522, groupId=13, destination=/topic/user.u522.group-updates, message=GroupSummaryUpdate(groupId=13, latestMessage=this is a demo msg, latestMessageSender=vegeta, latestMessageAt=2026-06-12T12:41:36.434507)
2026-06-12T12:41:36.816+07:00 DEBUG 11675 --- [chat-app] [ummary-update-3] c.h.c.c.CustomRabbitMQBrokerHandler      : Publishing to RabbitMQ: from instance=instance-dev to exchange=chat.user-updates, routingKey=user.u523.group-updates
2026-06-12T12:41:36.816+07:00 DEBUG 11675 --- [chat-app] [ummary-update-3] c.h.c.s.GroupSummaryUpdatePublisher      : [publishToGroupMembers] Pushed group summary update to user=u523, groupId=13, destination=/topic/user.u523.group-updates, message=GroupSummaryUpdate(groupId=13, latestMessage=this is a demo msg, latestMessageSender=vegeta, latestMessageAt=2026-06-12T12:41:36.434507)
2026-06-12T12:41:36.817+07:00 DEBUG 11675 --- [chat-app] [ummary-update-3] c.h.c.c.CustomRabbitMQBrokerHandler      : Publishing to RabbitMQ: from instance=instance-dev to exchange=chat.user-updates, routingKey=user.u524.group-updates
2026-06-12T12:41:36.817+07:00 DEBUG 11675 --- [chat-app] [ummary-update-3] c.h.c.s.GroupSummaryUpdatePublisher      : [publishToGroupMembers] Pushed group summary update to user=u524, groupId=13, destination=/topic/user.u524.group-updates, message=GroupSummaryUpdate(groupId=13, latestMessage=this is a demo msg, latestMessageSender=vegeta, latestMessageAt=2026-06-12T12:41:36.434507)
2026-06-12T12:41:36.817+07:00 DEBUG 11675 --- [chat-app] [ummary-update-3] c.h.c.c.CustomRabbitMQBrokerHandler      : Publishing to RabbitMQ: from instance=instance-dev to exchange=chat.user-updates, routingKey=user.u525.group-updates
2026-06-12T12:41:36.817+07:00 DEBUG 11675 --- [chat-app] [ummary-update-3] c.h.c.s.GroupSummaryUpdatePublisher      : [publishToGroupMembers] Pushed group summary update to user=u525, groupId=13, destination=/topic/user.u525.group-updates, message=GroupSummaryUpdate(groupId=13, latestMessage=this is a demo msg, latestMessageSender=vegeta, latestMessageAt=2026-06-12T12:41:36.434507)
2026-06-12T12:41:36.817+07:00 DEBUG 11675 --- [chat-app] [ummary-update-3] c.h.c.c.CustomRabbitMQBrokerHandler      : Publishing to RabbitMQ: from instance=instance-dev to exchange=chat.user-updates, routingKey=user.u526.group-updates
2026-06-12T12:41:36.817+07:00 DEBUG 11675 --- [chat-app] [ummary-update-3] c.h.c.s.GroupSummaryUpdatePublisher      : [publishToGroupMembers] Pushed group summary update to user=u526, groupId=13, destination=/topic/user.u526.group-updates, message=GroupSummaryUpdate(groupId=13, latestMessage=this is a demo msg, latestMessageSender=vegeta, latestMessageAt=2026-06-12T12:41:36.434507)
2026-06-12T12:41:36.817+07:00 DEBUG 11675 --- [chat-app] [ummary-update-3] c.h.c.c.CustomRabbitMQBrokerHandler      : Publishing to RabbitMQ: from instance=instance-dev to exchange=chat.user-updates, routingKey=user.u527.group-updates
2026-06-12T12:41:36.817+07:00 DEBUG 11675 --- [chat-app] [ummary-update-3] c.h.c.s.GroupSummaryUpdatePublisher      : [publishToGroupMembers] Pushed group summary update to user=u527, groupId=13, destination=/topic/user.u527.group-updates, message=GroupSummaryUpdate(groupId=13, latestMessage=this is a demo msg, latestMessageSender=vegeta, latestMessageAt=2026-06-12T12:41:36.434507)
2026-06-12T12:41:36.817+07:00 DEBUG 11675 --- [chat-app] [ummary-update-3] c.h.c.c.CustomRabbitMQBrokerHandler      : Publishing to RabbitMQ: from instance=instance-dev to exchange=chat.user-updates, routingKey=user.u528.group-updates
2026-06-12T12:41:36.818+07:00 DEBUG 11675 --- [chat-app] [ummary-update-3] c.h.c.s.GroupSummaryUpdatePublisher      : [publishToGroupMembers] Pushed group summary update to user=u528, groupId=13, destination=/topic/user.u528.group-updates, message=GroupSummaryUpdate(groupId=13, latestMessage=this is a demo msg, latestMessageSender=vegeta, latestMessageAt=2026-06-12T12:41:36.434507)
2026-06-12T12:41:36.818+07:00 DEBUG 11675 --- [chat-app] [ummary-update-3] c.h.c.c.CustomRabbitMQBrokerHandler      : Publishing to RabbitMQ: from instance=instance-dev to exchange=chat.user-updates, routingKey=user.u529.group-updates
2026-06-12T12:41:36.818+07:00 DEBUG 11675 --- [chat-app] [ummary-update-3] c.h.c.s.GroupSummaryUpdatePublisher      : [publishToGroupMembers] Pushed group summary update to user=u529, groupId=13, destination=/topic/user.u529.group-updates, message=GroupSummaryUpdate(groupId=13, latestMessage=this is a demo msg, latestMessageSender=vegeta, latestMessageAt=2026-06-12T12:41:36.434507)
2026-06-12T12:41:36.818+07:00 DEBUG 11675 --- [chat-app] [ummary-update-3] c.h.c.c.CustomRabbitMQBrokerHandler      : Publishing to RabbitMQ: from instance=instance-dev to exchange=chat.user-updates, routingKey=user.u530.group-updates
2026-06-12T12:41:36.818+07:00 DEBUG 11675 --- [chat-app] [ummary-update-3] c.h.c.s.GroupSummaryUpdatePublisher      : [publishToGroupMembers] Pushed group summary update to user=u530, groupId=13, destination=/topic/user.u530.group-updates, message=GroupSummaryUpdate(groupId=13, latestMessage=this is a demo msg, latestMessageSender=vegeta, latestMessageAt=2026-06-12T12:41:36.434507)
2026-06-12T12:41:36.818+07:00 DEBUG 11675 --- [chat-app] [ummary-update-3] c.h.c.c.CustomRabbitMQBrokerHandler      : Publishing to RabbitMQ: from instance=instance-dev to exchange=chat.user-updates, routingKey=user.u531.group-updates
2026-06-12T12:41:36.818+07:00 DEBUG 11675 --- [chat-app] [ummary-update-3] c.h.c.s.GroupSummaryUpdatePublisher      : [publishToGroupMembers] Pushed group summary update to user=u531, groupId=13, destination=/topic/user.u531.group-updates, message=GroupSummaryUpdate(groupId=13, latestMessage=this is a demo msg, latestMessageSender=vegeta, latestMessageAt=2026-06-12T12:41:36.434507)
2026-06-12T12:41:36.818+07:00 DEBUG 11675 --- [chat-app] [ummary-update-3] c.h.c.c.CustomRabbitMQBrokerHandler      : Publishing to RabbitMQ: from instance=instance-dev to exchange=chat.user-updates, routingKey=user.u532.group-updates
2026-06-12T12:41:36.818+07:00 DEBUG 11675 --- [chat-app] [ummary-update-3] c.h.c.s.GroupSummaryUpdatePublisher      : [publishToGroupMembers] Pushed group summary update to user=u532, groupId=13, destination=/topic/user.u532.group-updates, message=GroupSummaryUpdate(groupId=13, latestMessage=this is a demo msg, latestMessageSender=vegeta, latestMessageAt=2026-06-12T12:41:36.434507)
2026-06-12T12:41:36.818+07:00 DEBUG 11675 --- [chat-app] [ummary-update-3] c.h.c.c.CustomRabbitMQBrokerHandler      : Publishing to RabbitMQ: from instance=instance-dev to exchange=chat.user-updates, routingKey=user.u533.group-updates
2026-06-12T12:41:36.818+07:00 DEBUG 11675 --- [chat-app] [ummary-update-3] c.h.c.s.GroupSummaryUpdatePublisher      : [publishToGroupMembers] Pushed group summary update to user=u533, groupId=13, destination=/topic/user.u533.group-updates, message=GroupSummaryUpdate(groupId=13, latestMessage=this is a demo msg, latestMessageSender=vegeta, latestMessageAt=2026-06-12T12:41:36.434507)
2026-06-12T12:41:36.818+07:00 DEBUG 11675 --- [chat-app] [ummary-update-3] c.h.c.c.CustomRabbitMQBrokerHandler      : Publishing to RabbitMQ: from instance=instance-dev to exchange=chat.user-updates, routingKey=user.u534.group-updates
2026-06-12T12:41:36.819+07:00 DEBUG 11675 --- [chat-app] [ummary-update-3] c.h.c.s.GroupSummaryUpdatePublisher      : [publishToGroupMembers] Pushed group summary update to user=u534, groupId=13, destination=/topic/user.u534.group-updates, message=GroupSummaryUpdate(groupId=13, latestMessage=this is a demo msg, latestMessageSender=vegeta, latestMessageAt=2026-06-12T12:41:36.434507)
2026-06-12T12:41:36.819+07:00 DEBUG 11675 --- [chat-app] [ummary-update-3] c.h.c.c.CustomRabbitMQBrokerHandler      : Publishing to RabbitMQ: from instance=instance-dev to exchange=chat.user-updates, routingKey=user.u535.group-updates
2026-06-12T12:41:36.819+07:00 DEBUG 11675 --- [chat-app] [ummary-update-3] c.h.c.s.GroupSummaryUpdatePublisher      : [publishToGroupMembers] Pushed group summary update to user=u535, groupId=13, destination=/topic/user.u535.group-updates, message=GroupSummaryUpdate(groupId=13, latestMessage=this is a demo msg, latestMessageSender=vegeta, latestMessageAt=2026-06-12T12:41:36.434507)
2026-06-12T12:41:36.819+07:00 DEBUG 11675 --- [chat-app] [ummary-update-3] c.h.c.c.CustomRabbitMQBrokerHandler      : Publishing to RabbitMQ: from instance=instance-dev to exchange=chat.user-updates, routingKey=user.u536.group-updates
2026-06-12T12:41:36.819+07:00 DEBUG 11675 --- [chat-app] [ummary-update-3] c.h.c.s.GroupSummaryUpdatePublisher      : [publishToGroupMembers] Pushed group summary update to user=u536, groupId=13, destination=/topic/user.u536.group-updates, message=GroupSummaryUpdate(groupId=13, latestMessage=this is a demo msg, latestMessageSender=vegeta, latestMessageAt=2026-06-12T12:41:36.434507)
2026-06-12T12:41:36.819+07:00 DEBUG 11675 --- [chat-app] [ummary-update-3] c.h.c.c.CustomRabbitMQBrokerHandler      : Publishing to RabbitMQ: from instance=instance-dev to exchange=chat.user-updates, routingKey=user.u537.group-updates
2026-06-12T12:41:36.819+07:00 DEBUG 11675 --- [chat-app] [ummary-update-3] c.h.c.s.GroupSummaryUpdatePublisher      : [publishToGroupMembers] Pushed group summary update to user=u537, groupId=13, destination=/topic/user.u537.group-updates, message=GroupSummaryUpdate(groupId=13, latestMessage=this is a demo msg, latestMessageSender=vegeta, latestMessageAt=2026-06-12T12:41:36.434507)
2026-06-12T12:41:36.819+07:00 DEBUG 11675 --- [chat-app] [ummary-update-3] c.h.c.c.CustomRabbitMQBrokerHandler      : Publishing to RabbitMQ: from instance=instance-dev to exchange=chat.user-updates, routingKey=user.u538.group-updates
2026-06-12T12:41:36.819+07:00 DEBUG 11675 --- [chat-app] [ummary-update-3] c.h.c.s.GroupSummaryUpdatePublisher      : [publishToGroupMembers] Pushed group summary update to user=u538, groupId=13, destination=/topic/user.u538.group-updates, message=GroupSummaryUpdate(groupId=13, latestMessage=this is a demo msg, latestMessageSender=vegeta, latestMessageAt=2026-06-12T12:41:36.434507)
2026-06-12T12:41:36.819+07:00 DEBUG 11675 --- [chat-app] [ummary-update-3] c.h.c.c.CustomRabbitMQBrokerHandler      : Publishing to RabbitMQ: from instance=instance-dev to exchange=chat.user-updates, routingKey=user.u539.group-updates
2026-06-12T12:41:36.819+07:00 DEBUG 11675 --- [chat-app] [ummary-update-3] c.h.c.s.GroupSummaryUpdatePublisher      : [publishToGroupMembers] Pushed group summary update to user=u539, groupId=13, destination=/topic/user.u539.group-updates, message=GroupSummaryUpdate(groupId=13, latestMessage=this is a demo msg, latestMessageSender=vegeta, latestMessageAt=2026-06-12T12:41:36.434507)
2026-06-12T12:41:36.819+07:00 DEBUG 11675 --- [chat-app] [ummary-update-3] c.h.c.c.CustomRabbitMQBrokerHandler      : Publishing to RabbitMQ: from instance=instance-dev to exchange=chat.user-updates, routingKey=user.u540.group-updates
2026-06-12T12:41:36.819+07:00 DEBUG 11675 --- [chat-app] [ummary-update-3] c.h.c.s.GroupSummaryUpdatePublisher      : [publishToGroupMembers] Pushed group summary update to user=u540, groupId=13, destination=/topic/user.u540.group-updates, message=GroupSummaryUpdate(groupId=13, latestMessage=this is a demo msg, latestMessageSender=vegeta, latestMessageAt=2026-06-12T12:41:36.434507)
2026-06-12T12:41:36.819+07:00 DEBUG 11675 --- [chat-app] [ummary-update-3] c.h.c.c.CustomRabbitMQBrokerHandler      : Publishing to RabbitMQ: from instance=instance-dev to exchange=chat.user-updates, routingKey=user.u541.group-updates
2026-06-12T12:41:36.819+07:00 DEBUG 11675 --- [chat-app] [ummary-update-3] c.h.c.s.GroupSummaryUpdatePublisher      : [publishToGroupMembers] Pushed group summary update to user=u541, groupId=13, destination=/topic/user.u541.group-updates, message=GroupSummaryUpdate(groupId=13, latestMessage=this is a demo msg, latestMessageSender=vegeta, latestMessageAt=2026-06-12T12:41:36.434507)
2026-06-12T12:41:36.819+07:00 DEBUG 11675 --- [chat-app] [ummary-update-3] c.h.c.c.CustomRabbitMQBrokerHandler      : Publishing to RabbitMQ: from instance=instance-dev to exchange=chat.user-updates, routingKey=user.u542.group-updates
2026-06-12T12:41:36.819+07:00 DEBUG 11675 --- [chat-app] [ummary-update-3] c.h.c.s.GroupSummaryUpdatePublisher      : [publishToGroupMembers] Pushed group summary update to user=u542, groupId=13, destination=/topic/user.u542.group-updates, message=GroupSummaryUpdate(groupId=13, latestMessage=this is a demo msg, latestMessageSender=vegeta, latestMessageAt=2026-06-12T12:41:36.434507)
2026-06-12T12:41:36.819+07:00 DEBUG 11675 --- [chat-app] [ummary-update-3] c.h.c.c.CustomRabbitMQBrokerHandler      : Publishing to RabbitMQ: from instance=instance-dev to exchange=chat.user-updates, routingKey=user.u543.group-updates
2026-06-12T12:41:36.820+07:00 DEBUG 11675 --- [chat-app] [ummary-update-3] c.h.c.s.GroupSummaryUpdatePublisher      : [publishToGroupMembers] Pushed group summary update to user=u543, groupId=13, destination=/topic/user.u543.group-updates, message=GroupSummaryUpdate(groupId=13, latestMessage=this is a demo msg, latestMessageSender=vegeta, latestMessageAt=2026-06-12T12:41:36.434507)
2026-06-12T12:41:36.820+07:00 DEBUG 11675 --- [chat-app] [ummary-update-3] c.h.c.c.CustomRabbitMQBrokerHandler      : Publishing to RabbitMQ: from instance=instance-dev to exchange=chat.user-updates, routingKey=user.u544.group-updates
2026-06-12T12:41:36.820+07:00 DEBUG 11675 --- [chat-app] [ummary-update-3] c.h.c.s.GroupSummaryUpdatePublisher      : [publishToGroupMembers] Pushed group summary update to user=u544, groupId=13, destination=/topic/user.u544.group-updates, message=GroupSummaryUpdate(groupId=13, latestMessage=this is a demo msg, latestMessageSender=vegeta, latestMessageAt=2026-06-12T12:41:36.434507)
2026-06-12T12:41:36.820+07:00 DEBUG 11675 --- [chat-app] [ummary-update-3] c.h.c.c.CustomRabbitMQBrokerHandler      : Publishing to RabbitMQ: from instance=instance-dev to exchange=chat.user-updates, routingKey=user.u545.group-updates
2026-06-12T12:41:36.820+07:00 DEBUG 11675 --- [chat-app] [ummary-update-3] c.h.c.s.GroupSummaryUpdatePublisher      : [publishToGroupMembers] Pushed group summary update to user=u545, groupId=13, destination=/topic/user.u545.group-updates, message=GroupSummaryUpdate(groupId=13, latestMessage=this is a demo msg, latestMessageSender=vegeta, latestMessageAt=2026-06-12T12:41:36.434507)
2026-06-12T12:41:36.820+07:00 DEBUG 11675 --- [chat-app] [ummary-update-3] c.h.c.c.CustomRabbitMQBrokerHandler      : Publishing to RabbitMQ: from instance=instance-dev to exchange=chat.user-updates, routingKey=user.u546.group-updates
2026-06-12T12:41:36.820+07:00 DEBUG 11675 --- [chat-app] [ummary-update-3] c.h.c.s.GroupSummaryUpdatePublisher      : [publishToGroupMembers] Pushed group summary update to user=u546, groupId=13, destination=/topic/user.u546.group-updates, message=GroupSummaryUpdate(groupId=13, latestMessage=this is a demo msg, latestMessageSender=vegeta, latestMessageAt=2026-06-12T12:41:36.434507)
2026-06-12T12:41:36.820+07:00 DEBUG 11675 --- [chat-app] [ummary-update-3] c.h.c.c.CustomRabbitMQBrokerHandler      : Publishing to RabbitMQ: from instance=instance-dev to exchange=chat.user-updates, routingKey=user.u547.group-updates
2026-06-12T12:41:36.820+07:00 DEBUG 11675 --- [chat-app] [ummary-update-3] c.h.c.s.GroupSummaryUpdatePublisher      : [publishToGroupMembers] Pushed group summary update to user=u547, groupId=13, destination=/topic/user.u547.group-updates, message=GroupSummaryUpdate(groupId=13, latestMessage=this is a demo msg, latestMessageSender=vegeta, latestMessageAt=2026-06-12T12:41:36.434507)
2026-06-12T12:41:36.820+07:00 DEBUG 11675 --- [chat-app] [ummary-update-3] c.h.c.c.CustomRabbitMQBrokerHandler      : Publishing to RabbitMQ: from instance=instance-dev to exchange=chat.user-updates, routingKey=user.u548.group-updates
2026-06-12T12:41:36.820+07:00 DEBUG 11675 --- [chat-app] [ummary-update-3] c.h.c.s.GroupSummaryUpdatePublisher      : [publishToGroupMembers] Pushed group summary update to user=u548, groupId=13, destination=/topic/user.u548.group-updates, message=GroupSummaryUpdate(groupId=13, latestMessage=this is a demo msg, latestMessageSender=vegeta, latestMessageAt=2026-06-12T12:41:36.434507)
2026-06-12T12:41:36.820+07:00 DEBUG 11675 --- [chat-app] [ummary-update-3] c.h.c.c.CustomRabbitMQBrokerHandler      : Publishing to RabbitMQ: from instance=instance-dev to exchange=chat.user-updates, routingKey=user.u549.group-updates
2026-06-12T12:41:36.820+07:00 DEBUG 11675 --- [chat-app] [ummary-update-3] c.h.c.s.GroupSummaryUpdatePublisher      : [publishToGroupMembers] Pushed group summary update to user=u549, groupId=13, destination=/topic/user.u549.group-updates, message=GroupSummaryUpdate(groupId=13, latestMessage=this is a demo msg, latestMessageSender=vegeta, latestMessageAt=2026-06-12T12:41:36.434507)
2026-06-12T12:41:36.820+07:00 DEBUG 11675 --- [chat-app] [ummary-update-3] c.h.c.c.CustomRabbitMQBrokerHandler      : Publishing to RabbitMQ: from instance=instance-dev to exchange=chat.user-updates, routingKey=user.u550.group-updates
2026-06-12T12:41:36.821+07:00 DEBUG 11675 --- [chat-app] [ummary-update-3] c.h.c.s.GroupSummaryUpdatePublisher      : [publishToGroupMembers] Pushed group summary update to user=u550, groupId=13, destination=/topic/user.u550.group-updates, message=GroupSummaryUpdate(groupId=13, latestMessage=this is a demo msg, latestMessageSender=vegeta, latestMessageAt=2026-06-12T12:41:36.434507)
2026-06-12T12:41:36.821+07:00 DEBUG 11675 --- [chat-app] [ummary-update-3] c.h.c.c.CustomRabbitMQBrokerHandler      : Publishing to RabbitMQ: from instance=instance-dev to exchange=chat.user-updates, routingKey=user.u551.group-updates
2026-06-12T12:41:36.821+07:00 DEBUG 11675 --- [chat-app] [ummary-update-3] c.h.c.s.GroupSummaryUpdatePublisher      : [publishToGroupMembers] Pushed group summary update to user=u551, groupId=13, destination=/topic/user.u551.group-updates, message=GroupSummaryUpdate(groupId=13, latestMessage=this is a demo msg, latestMessageSender=vegeta, latestMessageAt=2026-06-12T12:41:36.434507)
2026-06-12T12:41:36.821+07:00 DEBUG 11675 --- [chat-app] [ummary-update-3] c.h.c.c.CustomRabbitMQBrokerHandler      : Publishing to RabbitMQ: from instance=instance-dev to exchange=chat.user-updates, routingKey=user.u552.group-updates
2026-06-12T12:41:36.821+07:00 DEBUG 11675 --- [chat-app] [ummary-update-3] c.h.c.s.GroupSummaryUpdatePublisher      : [publishToGroupMembers] Pushed group summary update to user=u552, groupId=13, destination=/topic/user.u552.group-updates, message=GroupSummaryUpdate(groupId=13, latestMessage=this is a demo msg, latestMessageSender=vegeta, latestMessageAt=2026-06-12T12:41:36.434507)
2026-06-12T12:41:36.821+07:00 DEBUG 11675 --- [chat-app] [ummary-update-3] c.h.c.c.CustomRabbitMQBrokerHandler      : Publishing to RabbitMQ: from instance=instance-dev to exchange=chat.user-updates, routingKey=user.u553.group-updates
2026-06-12T12:41:36.821+07:00 DEBUG 11675 --- [chat-app] [ummary-update-3] c.h.c.s.GroupSummaryUpdatePublisher      : [publishToGroupMembers] Pushed group summary update to user=u553, groupId=13, destination=/topic/user.u553.group-updates, message=GroupSummaryUpdate(groupId=13, latestMessage=this is a demo msg, latestMessageSender=vegeta, latestMessageAt=2026-06-12T12:41:36.434507)
2026-06-12T12:41:36.821+07:00 DEBUG 11675 --- [chat-app] [ummary-update-3] c.h.c.c.CustomRabbitMQBrokerHandler      : Publishing to RabbitMQ: from instance=instance-dev to exchange=chat.user-updates, routingKey=user.u554.group-updates
2026-06-12T12:41:36.821+07:00 DEBUG 11675 --- [chat-app] [ummary-update-3] c.h.c.s.GroupSummaryUpdatePublisher      : [publishToGroupMembers] Pushed group summary update to user=u554, groupId=13, destination=/topic/user.u554.group-updates, message=GroupSummaryUpdate(groupId=13, latestMessage=this is a demo msg, latestMessageSender=vegeta, latestMessageAt=2026-06-12T12:41:36.434507)
2026-06-12T12:41:36.821+07:00 DEBUG 11675 --- [chat-app] [ummary-update-3] c.h.c.c.CustomRabbitMQBrokerHandler      : Publishing to RabbitMQ: from instance=instance-dev to exchange=chat.user-updates, routingKey=user.u555.group-updates
2026-06-12T12:41:36.821+07:00 DEBUG 11675 --- [chat-app] [ummary-update-3] c.h.c.s.GroupSummaryUpdatePublisher      : [publishToGroupMembers] Pushed group summary update to user=u555, groupId=13, destination=/topic/user.u555.group-updates, message=GroupSummaryUpdate(groupId=13, latestMessage=this is a demo msg, latestMessageSender=vegeta, latestMessageAt=2026-06-12T12:41:36.434507)
2026-06-12T12:41:36.821+07:00 DEBUG 11675 --- [chat-app] [ummary-update-3] c.h.c.c.CustomRabbitMQBrokerHandler      : Publishing to RabbitMQ: from instance=instance-dev to exchange=chat.user-updates, routingKey=user.u556.group-updates
2026-06-12T12:41:36.821+07:00 DEBUG 11675 --- [chat-app] [ummary-update-3] c.h.c.s.GroupSummaryUpdatePublisher      : [publishToGroupMembers] Pushed group summary update to user=u556, groupId=13, destination=/topic/user.u556.group-updates, message=GroupSummaryUpdate(groupId=13, latestMessage=this is a demo msg, latestMessageSender=vegeta, latestMessageAt=2026-06-12T12:41:36.434507)
2026-06-12T12:41:36.822+07:00 DEBUG 11675 --- [chat-app] [ummary-update-3] c.h.c.c.CustomRabbitMQBrokerHandler      : Publishing to RabbitMQ: from instance=instance-dev to exchange=chat.user-updates, routingKey=user.u557.group-updates
2026-06-12T12:41:36.822+07:00 DEBUG 11675 --- [chat-app] [ummary-update-3] c.h.c.s.GroupSummaryUpdatePublisher      : [publishToGroupMembers] Pushed group summary update to user=u557, groupId=13, destination=/topic/user.u557.group-updates, message=GroupSummaryUpdate(groupId=13, latestMessage=this is a demo msg, latestMessageSender=vegeta, latestMessageAt=2026-06-12T12:41:36.434507)
2026-06-12T12:41:36.822+07:00 DEBUG 11675 --- [chat-app] [ummary-update-3] c.h.c.c.CustomRabbitMQBrokerHandler      : Publishing to RabbitMQ: from instance=instance-dev to exchange=chat.user-updates, routingKey=user.u558.group-updates
2026-06-12T12:41:36.822+07:00 DEBUG 11675 --- [chat-app] [ummary-update-3] c.h.c.s.GroupSummaryUpdatePublisher      : [publishToGroupMembers] Pushed group summary update to user=u558, groupId=13, destination=/topic/user.u558.group-updates, message=GroupSummaryUpdate(groupId=13, latestMessage=this is a demo msg, latestMessageSender=vegeta, latestMessageAt=2026-06-12T12:41:36.434507)
2026-06-12T12:41:36.822+07:00 DEBUG 11675 --- [chat-app] [ummary-update-3] c.h.c.c.CustomRabbitMQBrokerHandler      : Publishing to RabbitMQ: from instance=instance-dev to exchange=chat.user-updates, routingKey=user.u559.group-updates
2026-06-12T12:41:36.822+07:00 DEBUG 11675 --- [chat-app] [ummary-update-3] c.h.c.s.GroupSummaryUpdatePublisher      : [publishToGroupMembers] Pushed group summary update to user=u559, groupId=13, destination=/topic/user.u559.group-updates, message=GroupSummaryUpdate(groupId=13, latestMessage=this is a demo msg, latestMessageSender=vegeta, latestMessageAt=2026-06-12T12:41:36.434507)
2026-06-12T12:41:36.822+07:00 DEBUG 11675 --- [chat-app] [ummary-update-3] c.h.c.c.CustomRabbitMQBrokerHandler      : Publishing to RabbitMQ: from instance=instance-dev to exchange=chat.user-updates, routingKey=user.u560.group-updates
2026-06-12T12:41:36.822+07:00 DEBUG 11675 --- [chat-app] [ummary-update-3] c.h.c.s.GroupSummaryUpdatePublisher      : [publishToGroupMembers] Pushed group summary update to user=u560, groupId=13, destination=/topic/user.u560.group-updates, message=GroupSummaryUpdate(groupId=13, latestMessage=this is a demo msg, latestMessageSender=vegeta, latestMessageAt=2026-06-12T12:41:36.434507)
2026-06-12T12:41:36.822+07:00 DEBUG 11675 --- [chat-app] [ummary-update-3] c.h.c.c.CustomRabbitMQBrokerHandler      : Publishing to RabbitMQ: from instance=instance-dev to exchange=chat.user-updates, routingKey=user.u561.group-updates
2026-06-12T12:41:36.822+07:00 DEBUG 11675 --- [chat-app] [ummary-update-3] c.h.c.s.GroupSummaryUpdatePublisher      : [publishToGroupMembers] Pushed group summary update to user=u561, groupId=13, destination=/topic/user.u561.group-updates, message=GroupSummaryUpdate(groupId=13, latestMessage=this is a demo msg, latestMessageSender=vegeta, latestMessageAt=2026-06-12T12:41:36.434507)
2026-06-12T12:41:36.822+07:00 DEBUG 11675 --- [chat-app] [ummary-update-3] c.h.c.c.CustomRabbitMQBrokerHandler      : Publishing to RabbitMQ: from instance=instance-dev to exchange=chat.user-updates, routingKey=user.u562.group-updates
2026-06-12T12:41:36.822+07:00 DEBUG 11675 --- [chat-app] [ummary-update-3] c.h.c.s.GroupSummaryUpdatePublisher      : [publishToGroupMembers] Pushed group summary update to user=u562, groupId=13, destination=/topic/user.u562.group-updates, message=GroupSummaryUpdate(groupId=13, latestMessage=this is a demo msg, latestMessageSender=vegeta, latestMessageAt=2026-06-12T12:41:36.434507)
2026-06-12T12:41:36.822+07:00 DEBUG 11675 --- [chat-app] [ummary-update-3] c.h.c.c.CustomRabbitMQBrokerHandler      : Publishing to RabbitMQ: from instance=instance-dev to exchange=chat.user-updates, routingKey=user.u563.group-updates
2026-06-12T12:41:36.822+07:00 DEBUG 11675 --- [chat-app] [ummary-update-3] c.h.c.s.GroupSummaryUpdatePublisher      : [publishToGroupMembers] Pushed group summary update to user=u563, groupId=13, destination=/topic/user.u563.group-updates, message=GroupSummaryUpdate(groupId=13, latestMessage=this is a demo msg, latestMessageSender=vegeta, latestMessageAt=2026-06-12T12:41:36.434507)
2026-06-12T12:41:36.822+07:00 DEBUG 11675 --- [chat-app] [ummary-update-3] c.h.c.c.CustomRabbitMQBrokerHandler      : Publishing to RabbitMQ: from instance=instance-dev to exchange=chat.user-updates, routingKey=user.u564.group-updates
2026-06-12T12:41:36.822+07:00 DEBUG 11675 --- [chat-app] [ummary-update-3] c.h.c.s.GroupSummaryUpdatePublisher      : [publishToGroupMembers] Pushed group summary update to user=u564, groupId=13, destination=/topic/user.u564.group-updates, message=GroupSummaryUpdate(groupId=13, latestMessage=this is a demo msg, latestMessageSender=vegeta, latestMessageAt=2026-06-12T12:41:36.434507)
2026-06-12T12:41:36.822+07:00 DEBUG 11675 --- [chat-app] [ummary-update-3] c.h.c.c.CustomRabbitMQBrokerHandler      : Publishing to RabbitMQ: from instance=instance-dev to exchange=chat.user-updates, routingKey=user.u565.group-updates
2026-06-12T12:41:36.822+07:00 DEBUG 11675 --- [chat-app] [ummary-update-3] c.h.c.s.GroupSummaryUpdatePublisher      : [publishToGroupMembers] Pushed group summary update to user=u565, groupId=13, destination=/topic/user.u565.group-updates, message=GroupSummaryUpdate(groupId=13, latestMessage=this is a demo msg, latestMessageSender=vegeta, latestMessageAt=2026-06-12T12:41:36.434507)
2026-06-12T12:41:36.822+07:00 DEBUG 11675 --- [chat-app] [ummary-update-3] c.h.c.c.CustomRabbitMQBrokerHandler      : Publishing to RabbitMQ: from instance=instance-dev to exchange=chat.user-updates, routingKey=user.u566.group-updates
2026-06-12T12:41:36.822+07:00 DEBUG 11675 --- [chat-app] [ummary-update-3] c.h.c.s.GroupSummaryUpdatePublisher      : [publishToGroupMembers] Pushed group summary update to user=u566, groupId=13, destination=/topic/user.u566.group-updates, message=GroupSummaryUpdate(groupId=13, latestMessage=this is a demo msg, latestMessageSender=vegeta, latestMessageAt=2026-06-12T12:41:36.434507)
2026-06-12T12:41:36.822+07:00 DEBUG 11675 --- [chat-app] [ummary-update-3] c.h.c.c.CustomRabbitMQBrokerHandler      : Publishing to RabbitMQ: from instance=instance-dev to exchange=chat.user-updates, routingKey=user.u567.group-updates
2026-06-12T12:41:36.822+07:00 DEBUG 11675 --- [chat-app] [ummary-update-3] c.h.c.s.GroupSummaryUpdatePublisher      : [publishToGroupMembers] Pushed group summary update to user=u567, groupId=13, destination=/topic/user.u567.group-updates, message=GroupSummaryUpdate(groupId=13, latestMessage=this is a demo msg, latestMessageSender=vegeta, latestMessageAt=2026-06-12T12:41:36.434507)
2026-06-12T12:41:36.822+07:00 DEBUG 11675 --- [chat-app] [ummary-update-3] c.h.c.c.CustomRabbitMQBrokerHandler      : Publishing to RabbitMQ: from instance=instance-dev to exchange=chat.user-updates, routingKey=user.u568.group-updates
2026-06-12T12:41:36.823+07:00 DEBUG 11675 --- [chat-app] [ummary-update-3] c.h.c.s.GroupSummaryUpdatePublisher      : [publishToGroupMembers] Pushed group summary update to user=u568, groupId=13, destination=/topic/user.u568.group-updates, message=GroupSummaryUpdate(groupId=13, latestMessage=this is a demo msg, latestMessageSender=vegeta, latestMessageAt=2026-06-12T12:41:36.434507)
2026-06-12T12:41:36.823+07:00 DEBUG 11675 --- [chat-app] [ummary-update-3] c.h.c.c.CustomRabbitMQBrokerHandler      : Publishing to RabbitMQ: from instance=instance-dev to exchange=chat.user-updates, routingKey=user.u569.group-updates
2026-06-12T12:41:36.823+07:00 DEBUG 11675 --- [chat-app] [ummary-update-3] c.h.c.s.GroupSummaryUpdatePublisher      : [publishToGroupMembers] Pushed group summary update to user=u569, groupId=13, destination=/topic/user.u569.group-updates, message=GroupSummaryUpdate(groupId=13, latestMessage=this is a demo msg, latestMessageSender=vegeta, latestMessageAt=2026-06-12T12:41:36.434507)
2026-06-12T12:41:36.823+07:00 DEBUG 11675 --- [chat-app] [ummary-update-3] c.h.c.c.CustomRabbitMQBrokerHandler      : Publishing to RabbitMQ: from instance=instance-dev to exchange=chat.user-updates, routingKey=user.u570.group-updates
2026-06-12T12:41:36.823+07:00 DEBUG 11675 --- [chat-app] [ummary-update-3] c.h.c.s.GroupSummaryUpdatePublisher      : [publishToGroupMembers] Pushed group summary update to user=u570, groupId=13, destination=/topic/user.u570.group-updates, message=GroupSummaryUpdate(groupId=13, latestMessage=this is a demo msg, latestMessageSender=vegeta, latestMessageAt=2026-06-12T12:41:36.434507)
2026-06-12T12:41:36.823+07:00 DEBUG 11675 --- [chat-app] [ummary-update-3] c.h.c.c.CustomRabbitMQBrokerHandler      : Publishing to RabbitMQ: from instance=instance-dev to exchange=chat.user-updates, routingKey=user.u571.group-updates
2026-06-12T12:41:36.823+07:00 DEBUG 11675 --- [chat-app] [ummary-update-3] c.h.c.s.GroupSummaryUpdatePublisher      : [publishToGroupMembers] Pushed group summary update to user=u571, groupId=13, destination=/topic/user.u571.group-updates, message=GroupSummaryUpdate(groupId=13, latestMessage=this is a demo msg, latestMessageSender=vegeta, latestMessageAt=2026-06-12T12:41:36.434507)
2026-06-12T12:41:36.823+07:00 DEBUG 11675 --- [chat-app] [ummary-update-3] c.h.c.c.CustomRabbitMQBrokerHandler      : Publishing to RabbitMQ: from instance=instance-dev to exchange=chat.user-updates, routingKey=user.u572.group-updates
2026-06-12T12:41:36.823+07:00 DEBUG 11675 --- [chat-app] [ummary-update-3] c.h.c.s.GroupSummaryUpdatePublisher      : [publishToGroupMembers] Pushed group summary update to user=u572, groupId=13, destination=/topic/user.u572.group-updates, message=GroupSummaryUpdate(groupId=13, latestMessage=this is a demo msg, latestMessageSender=vegeta, latestMessageAt=2026-06-12T12:41:36.434507)
2026-06-12T12:41:36.823+07:00 DEBUG 11675 --- [chat-app] [ummary-update-3] c.h.c.c.CustomRabbitMQBrokerHandler      : Publishing to RabbitMQ: from instance=instance-dev to exchange=chat.user-updates, routingKey=user.u573.group-updates
2026-06-12T12:41:36.823+07:00 DEBUG 11675 --- [chat-app] [ummary-update-3] c.h.c.s.GroupSummaryUpdatePublisher      : [publishToGroupMembers] Pushed group summary update to user=u573, groupId=13, destination=/topic/user.u573.group-updates, message=GroupSummaryUpdate(groupId=13, latestMessage=this is a demo msg, latestMessageSender=vegeta, latestMessageAt=2026-06-12T12:41:36.434507)
2026-06-12T12:41:36.823+07:00 DEBUG 11675 --- [chat-app] [ummary-update-3] c.h.c.c.CustomRabbitMQBrokerHandler      : Publishing to RabbitMQ: from instance=instance-dev to exchange=chat.user-updates, routingKey=user.u574.group-updates
2026-06-12T12:41:36.823+07:00 DEBUG 11675 --- [chat-app] [ummary-update-3] c.h.c.s.GroupSummaryUpdatePublisher      : [publishToGroupMembers] Pushed group summary update to user=u574, groupId=13, destination=/topic/user.u574.group-updates, message=GroupSummaryUpdate(groupId=13, latestMessage=this is a demo msg, latestMessageSender=vegeta, latestMessageAt=2026-06-12T12:41:36.434507)
2026-06-12T12:41:36.823+07:00 DEBUG 11675 --- [chat-app] [ummary-update-3] c.h.c.c.CustomRabbitMQBrokerHandler      : Publishing to RabbitMQ: from instance=instance-dev to exchange=chat.user-updates, routingKey=user.u575.group-updates
2026-06-12T12:41:36.823+07:00 DEBUG 11675 --- [chat-app] [ummary-update-3] c.h.c.s.GroupSummaryUpdatePublisher      : [publishToGroupMembers] Pushed group summary update to user=u575, groupId=13, destination=/topic/user.u575.group-updates, message=GroupSummaryUpdate(groupId=13, latestMessage=this is a demo msg, latestMessageSender=vegeta, latestMessageAt=2026-06-12T12:41:36.434507)
2026-06-12T12:41:36.823+07:00 DEBUG 11675 --- [chat-app] [ummary-update-3] c.h.c.c.CustomRabbitMQBrokerHandler      : Publishing to RabbitMQ: from instance=instance-dev to exchange=chat.user-updates, routingKey=user.u576.group-updates
2026-06-12T12:41:36.823+07:00 DEBUG 11675 --- [chat-app] [ummary-update-3] c.h.c.s.GroupSummaryUpdatePublisher      : [publishToGroupMembers] Pushed group summary update to user=u576, groupId=13, destination=/topic/user.u576.group-updates, message=GroupSummaryUpdate(groupId=13, latestMessage=this is a demo msg, latestMessageSender=vegeta, latestMessageAt=2026-06-12T12:41:36.434507)
2026-06-12T12:41:36.823+07:00 DEBUG 11675 --- [chat-app] [ummary-update-3] c.h.c.c.CustomRabbitMQBrokerHandler      : Publishing to RabbitMQ: from instance=instance-dev to exchange=chat.user-updates, routingKey=user.u577.group-updates
2026-06-12T12:41:36.823+07:00 DEBUG 11675 --- [chat-app] [ummary-update-3] c.h.c.s.GroupSummaryUpdatePublisher      : [publishToGroupMembers] Pushed group summary update to user=u577, groupId=13, destination=/topic/user.u577.group-updates, message=GroupSummaryUpdate(groupId=13, latestMessage=this is a demo msg, latestMessageSender=vegeta, latestMessageAt=2026-06-12T12:41:36.434507)
2026-06-12T12:41:36.823+07:00 DEBUG 11675 --- [chat-app] [ummary-update-3] c.h.c.c.CustomRabbitMQBrokerHandler      : Publishing to RabbitMQ: from instance=instance-dev to exchange=chat.user-updates, routingKey=user.u578.group-updates
2026-06-12T12:41:36.823+07:00 DEBUG 11675 --- [chat-app] [ummary-update-3] c.h.c.s.GroupSummaryUpdatePublisher      : [publishToGroupMembers] Pushed group summary update to user=u578, groupId=13, destination=/topic/user.u578.group-updates, message=GroupSummaryUpdate(groupId=13, latestMessage=this is a demo msg, latestMessageSender=vegeta, latestMessageAt=2026-06-12T12:41:36.434507)
2026-06-12T12:41:36.823+07:00 DEBUG 11675 --- [chat-app] [ummary-update-3] c.h.c.c.CustomRabbitMQBrokerHandler      : Publishing to RabbitMQ: from instance=instance-dev to exchange=chat.user-updates, routingKey=user.u579.group-updates
2026-06-12T12:41:36.823+07:00 DEBUG 11675 --- [chat-app] [ummary-update-3] c.h.c.s.GroupSummaryUpdatePublisher      : [publishToGroupMembers] Pushed group summary update to user=u579, groupId=13, destination=/topic/user.u579.group-updates, message=GroupSummaryUpdate(groupId=13, latestMessage=this is a demo msg, latestMessageSender=vegeta, latestMessageAt=2026-06-12T12:41:36.434507)
2026-06-12T12:41:36.823+07:00 DEBUG 11675 --- [chat-app] [ummary-update-3] c.h.c.c.CustomRabbitMQBrokerHandler      : Publishing to RabbitMQ: from instance=instance-dev to exchange=chat.user-updates, routingKey=user.u580.group-updates
2026-06-12T12:41:36.823+07:00 DEBUG 11675 --- [chat-app] [ummary-update-3] c.h.c.s.GroupSummaryUpdatePublisher      : [publishToGroupMembers] Pushed group summary update to user=u580, groupId=13, destination=/topic/user.u580.group-updates, message=GroupSummaryUpdate(groupId=13, latestMessage=this is a demo msg, latestMessageSender=vegeta, latestMessageAt=2026-06-12T12:41:36.434507)
2026-06-12T12:41:36.823+07:00 DEBUG 11675 --- [chat-app] [ummary-update-3] c.h.c.c.CustomRabbitMQBrokerHandler      : Publishing to RabbitMQ: from instance=instance-dev to exchange=chat.user-updates, routingKey=user.u581.group-updates
2026-06-12T12:41:36.824+07:00 DEBUG 11675 --- [chat-app] [ummary-update-3] c.h.c.s.GroupSummaryUpdatePublisher      : [publishToGroupMembers] Pushed group summary update to user=u581, groupId=13, destination=/topic/user.u581.group-updates, message=GroupSummaryUpdate(groupId=13, latestMessage=this is a demo msg, latestMessageSender=vegeta, latestMessageAt=2026-06-12T12:41:36.434507)
2026-06-12T12:41:36.824+07:00 DEBUG 11675 --- [chat-app] [ummary-update-3] c.h.c.c.CustomRabbitMQBrokerHandler      : Publishing to RabbitMQ: from instance=instance-dev to exchange=chat.user-updates, routingKey=user.u582.group-updates
2026-06-12T12:41:36.824+07:00 DEBUG 11675 --- [chat-app] [ummary-update-3] c.h.c.s.GroupSummaryUpdatePublisher      : [publishToGroupMembers] Pushed group summary update to user=u582, groupId=13, destination=/topic/user.u582.group-updates, message=GroupSummaryUpdate(groupId=13, latestMessage=this is a demo msg, latestMessageSender=vegeta, latestMessageAt=2026-06-12T12:41:36.434507)
2026-06-12T12:41:36.824+07:00 DEBUG 11675 --- [chat-app] [ummary-update-3] c.h.c.c.CustomRabbitMQBrokerHandler      : Publishing to RabbitMQ: from instance=instance-dev to exchange=chat.user-updates, routingKey=user.u583.group-updates
2026-06-12T12:41:36.824+07:00 DEBUG 11675 --- [chat-app] [ummary-update-3] c.h.c.s.GroupSummaryUpdatePublisher      : [publishToGroupMembers] Pushed group summary update to user=u583, groupId=13, destination=/topic/user.u583.group-updates, message=GroupSummaryUpdate(groupId=13, latestMessage=this is a demo msg, latestMessageSender=vegeta, latestMessageAt=2026-06-12T12:41:36.434507)
2026-06-12T12:41:36.824+07:00 DEBUG 11675 --- [chat-app] [ummary-update-3] c.h.c.c.CustomRabbitMQBrokerHandler      : Publishing to RabbitMQ: from instance=instance-dev to exchange=chat.user-updates, routingKey=user.u584.group-updates
2026-06-12T12:41:36.824+07:00 DEBUG 11675 --- [chat-app] [ummary-update-3] c.h.c.s.GroupSummaryUpdatePublisher      : [publishToGroupMembers] Pushed group summary update to user=u584, groupId=13, destination=/topic/user.u584.group-updates, message=GroupSummaryUpdate(groupId=13, latestMessage=this is a demo msg, latestMessageSender=vegeta, latestMessageAt=2026-06-12T12:41:36.434507)
2026-06-12T12:41:36.824+07:00 DEBUG 11675 --- [chat-app] [ummary-update-3] c.h.c.c.CustomRabbitMQBrokerHandler      : Publishing to RabbitMQ: from instance=instance-dev to exchange=chat.user-updates, routingKey=user.u585.group-updates
2026-06-12T12:41:36.824+07:00 DEBUG 11675 --- [chat-app] [ummary-update-3] c.h.c.s.GroupSummaryUpdatePublisher      : [publishToGroupMembers] Pushed group summary update to user=u585, groupId=13, destination=/topic/user.u585.group-updates, message=GroupSummaryUpdate(groupId=13, latestMessage=this is a demo msg, latestMessageSender=vegeta, latestMessageAt=2026-06-12T12:41:36.434507)
2026-06-12T12:41:36.824+07:00 DEBUG 11675 --- [chat-app] [ummary-update-3] c.h.c.c.CustomRabbitMQBrokerHandler      : Publishing to RabbitMQ: from instance=instance-dev to exchange=chat.user-updates, routingKey=user.u586.group-updates
2026-06-12T12:41:36.824+07:00 DEBUG 11675 --- [chat-app] [ummary-update-3] c.h.c.s.GroupSummaryUpdatePublisher      : [publishToGroupMembers] Pushed group summary update to user=u586, groupId=13, destination=/topic/user.u586.group-updates, message=GroupSummaryUpdate(groupId=13, latestMessage=this is a demo msg, latestMessageSender=vegeta, latestMessageAt=2026-06-12T12:41:36.434507)
2026-06-12T12:41:36.824+07:00 DEBUG 11675 --- [chat-app] [ummary-update-3] c.h.c.c.CustomRabbitMQBrokerHandler      : Publishing to RabbitMQ: from instance=instance-dev to exchange=chat.user-updates, routingKey=user.u587.group-updates
2026-06-12T12:41:36.824+07:00 DEBUG 11675 --- [chat-app] [ummary-update-3] c.h.c.s.GroupSummaryUpdatePublisher      : [publishToGroupMembers] Pushed group summary update to user=u587, groupId=13, destination=/topic/user.u587.group-updates, message=GroupSummaryUpdate(groupId=13, latestMessage=this is a demo msg, latestMessageSender=vegeta, latestMessageAt=2026-06-12T12:41:36.434507)
2026-06-12T12:41:36.824+07:00 DEBUG 11675 --- [chat-app] [ummary-update-3] c.h.c.c.CustomRabbitMQBrokerHandler      : Publishing to RabbitMQ: from instance=instance-dev to exchange=chat.user-updates, routingKey=user.u588.group-updates
2026-06-12T12:41:36.825+07:00 DEBUG 11675 --- [chat-app] [ummary-update-3] c.h.c.s.GroupSummaryUpdatePublisher      : [publishToGroupMembers] Pushed group summary update to user=u588, groupId=13, destination=/topic/user.u588.group-updates, message=GroupSummaryUpdate(groupId=13, latestMessage=this is a demo msg, latestMessageSender=vegeta, latestMessageAt=2026-06-12T12:41:36.434507)
2026-06-12T12:41:36.825+07:00 DEBUG 11675 --- [chat-app] [ummary-update-3] c.h.c.c.CustomRabbitMQBrokerHandler      : Publishing to RabbitMQ: from instance=instance-dev to exchange=chat.user-updates, routingKey=user.u589.group-updates
2026-06-12T12:41:36.825+07:00 DEBUG 11675 --- [chat-app] [ummary-update-3] c.h.c.s.GroupSummaryUpdatePublisher      : [publishToGroupMembers] Pushed group summary update to user=u589, groupId=13, destination=/topic/user.u589.group-updates, message=GroupSummaryUpdate(groupId=13, latestMessage=this is a demo msg, latestMessageSender=vegeta, latestMessageAt=2026-06-12T12:41:36.434507)
2026-06-12T12:41:36.825+07:00 DEBUG 11675 --- [chat-app] [ummary-update-3] c.h.c.c.CustomRabbitMQBrokerHandler      : Publishing to RabbitMQ: from instance=instance-dev to exchange=chat.user-updates, routingKey=user.u590.group-updates
2026-06-12T12:41:36.825+07:00 DEBUG 11675 --- [chat-app] [ummary-update-3] c.h.c.s.GroupSummaryUpdatePublisher      : [publishToGroupMembers] Pushed group summary update to user=u590, groupId=13, destination=/topic/user.u590.group-updates, message=GroupSummaryUpdate(groupId=13, latestMessage=this is a demo msg, latestMessageSender=vegeta, latestMessageAt=2026-06-12T12:41:36.434507)
2026-06-12T12:41:36.825+07:00 DEBUG 11675 --- [chat-app] [ummary-update-3] c.h.c.c.CustomRabbitMQBrokerHandler      : Publishing to RabbitMQ: from instance=instance-dev to exchange=chat.user-updates, routingKey=user.u591.group-updates
2026-06-12T12:41:36.825+07:00 DEBUG 11675 --- [chat-app] [ummary-update-3] c.h.c.s.GroupSummaryUpdatePublisher      : [publishToGroupMembers] Pushed group summary update to user=u591, groupId=13, destination=/topic/user.u591.group-updates, message=GroupSummaryUpdate(groupId=13, latestMessage=this is a demo msg, latestMessageSender=vegeta, latestMessageAt=2026-06-12T12:41:36.434507)
2026-06-12T12:41:36.825+07:00 DEBUG 11675 --- [chat-app] [ummary-update-3] c.h.c.c.CustomRabbitMQBrokerHandler      : Publishing to RabbitMQ: from instance=instance-dev to exchange=chat.user-updates, routingKey=user.u592.group-updates
2026-06-12T12:41:36.825+07:00 DEBUG 11675 --- [chat-app] [ummary-update-3] c.h.c.s.GroupSummaryUpdatePublisher      : [publishToGroupMembers] Pushed group summary update to user=u592, groupId=13, destination=/topic/user.u592.group-updates, message=GroupSummaryUpdate(groupId=13, latestMessage=this is a demo msg, latestMessageSender=vegeta, latestMessageAt=2026-06-12T12:41:36.434507)
2026-06-12T12:41:36.825+07:00 DEBUG 11675 --- [chat-app] [ummary-update-3] c.h.c.c.CustomRabbitMQBrokerHandler      : Publishing to RabbitMQ: from instance=instance-dev to exchange=chat.user-updates, routingKey=user.u593.group-updates
2026-06-12T12:41:36.825+07:00 DEBUG 11675 --- [chat-app] [ummary-update-3] c.h.c.s.GroupSummaryUpdatePublisher      : [publishToGroupMembers] Pushed group summary update to user=u593, groupId=13, destination=/topic/user.u593.group-updates, message=GroupSummaryUpdate(groupId=13, latestMessage=this is a demo msg, latestMessageSender=vegeta, latestMessageAt=2026-06-12T12:41:36.434507)
2026-06-12T12:41:36.825+07:00 DEBUG 11675 --- [chat-app] [ummary-update-3] c.h.c.c.CustomRabbitMQBrokerHandler      : Publishing to RabbitMQ: from instance=instance-dev to exchange=chat.user-updates, routingKey=user.u594.group-updates
2026-06-12T12:41:36.825+07:00 DEBUG 11675 --- [chat-app] [ummary-update-3] c.h.c.s.GroupSummaryUpdatePublisher      : [publishToGroupMembers] Pushed group summary update to user=u594, groupId=13, destination=/topic/user.u594.group-updates, message=GroupSummaryUpdate(groupId=13, latestMessage=this is a demo msg, latestMessageSender=vegeta, latestMessageAt=2026-06-12T12:41:36.434507)
2026-06-12T12:41:36.825+07:00 DEBUG 11675 --- [chat-app] [ummary-update-3] c.h.c.c.CustomRabbitMQBrokerHandler      : Publishing to RabbitMQ: from instance=instance-dev to exchange=chat.user-updates, routingKey=user.u595.group-updates
2026-06-12T12:41:36.825+07:00 DEBUG 11675 --- [chat-app] [ummary-update-3] c.h.c.s.GroupSummaryUpdatePublisher      : [publishToGroupMembers] Pushed group summary update to user=u595, groupId=13, destination=/topic/user.u595.group-updates, message=GroupSummaryUpdate(groupId=13, latestMessage=this is a demo msg, latestMessageSender=vegeta, latestMessageAt=2026-06-12T12:41:36.434507)
2026-06-12T12:41:36.825+07:00 DEBUG 11675 --- [chat-app] [ummary-update-3] c.h.c.c.CustomRabbitMQBrokerHandler      : Publishing to RabbitMQ: from instance=instance-dev to exchange=chat.user-updates, routingKey=user.u596.group-updates
2026-06-12T12:41:36.826+07:00 DEBUG 11675 --- [chat-app] [ummary-update-3] c.h.c.s.GroupSummaryUpdatePublisher      : [publishToGroupMembers] Pushed group summary update to user=u596, groupId=13, destination=/topic/user.u596.group-updates, message=GroupSummaryUpdate(groupId=13, latestMessage=this is a demo msg, latestMessageSender=vegeta, latestMessageAt=2026-06-12T12:41:36.434507)
2026-06-12T12:41:36.826+07:00 DEBUG 11675 --- [chat-app] [ummary-update-3] c.h.c.c.CustomRabbitMQBrokerHandler      : Publishing to RabbitMQ: from instance=instance-dev to exchange=chat.user-updates, routingKey=user.u597.group-updates
2026-06-12T12:41:36.826+07:00 DEBUG 11675 --- [chat-app] [ummary-update-3] c.h.c.s.GroupSummaryUpdatePublisher      : [publishToGroupMembers] Pushed group summary update to user=u597, groupId=13, destination=/topic/user.u597.group-updates, message=GroupSummaryUpdate(groupId=13, latestMessage=this is a demo msg, latestMessageSender=vegeta, latestMessageAt=2026-06-12T12:41:36.434507)
2026-06-12T12:41:36.826+07:00 DEBUG 11675 --- [chat-app] [ummary-update-3] c.h.c.c.CustomRabbitMQBrokerHandler      : Publishing to RabbitMQ: from instance=instance-dev to exchange=chat.user-updates, routingKey=user.u598.group-updates
2026-06-12T12:41:36.826+07:00 DEBUG 11675 --- [chat-app] [ummary-update-3] c.h.c.s.GroupSummaryUpdatePublisher      : [publishToGroupMembers] Pushed group summary update to user=u598, groupId=13, destination=/topic/user.u598.group-updates, message=GroupSummaryUpdate(groupId=13, latestMessage=this is a demo msg, latestMessageSender=vegeta, latestMessageAt=2026-06-12T12:41:36.434507)
2026-06-12T12:41:36.826+07:00 DEBUG 11675 --- [chat-app] [ummary-update-3] c.h.c.c.CustomRabbitMQBrokerHandler      : Publishing to RabbitMQ: from instance=instance-dev to exchange=chat.user-updates, routingKey=user.u599.group-updates
2026-06-12T12:41:36.826+07:00 DEBUG 11675 --- [chat-app] [ummary-update-3] c.h.c.s.GroupSummaryUpdatePublisher      : [publishToGroupMembers] Pushed group summary update to user=u599, groupId=13, destination=/topic/user.u599.group-updates, message=GroupSummaryUpdate(groupId=13, latestMessage=this is a demo msg, latestMessageSender=vegeta, latestMessageAt=2026-06-12T12:41:36.434507)
2026-06-12T12:41:36.826+07:00 DEBUG 11675 --- [chat-app] [ummary-update-3] c.h.c.c.CustomRabbitMQBrokerHandler      : Publishing to RabbitMQ: from instance=instance-dev to exchange=chat.user-updates, routingKey=user.u600.group-updates
2026-06-12T12:41:36.826+07:00 DEBUG 11675 --- [chat-app] [ummary-update-3] c.h.c.s.GroupSummaryUpdatePublisher      : [publishToGroupMembers] Pushed group summary update to user=u600, groupId=13, destination=/topic/user.u600.group-updates, message=GroupSummaryUpdate(groupId=13, latestMessage=this is a demo msg, latestMessageSender=vegeta, latestMessageAt=2026-06-12T12:41:36.434507)
2026-06-12T12:41:36.826+07:00 DEBUG 11675 --- [chat-app] [ummary-update-3] c.h.c.c.CustomRabbitMQBrokerHandler      : Publishing to RabbitMQ: from instance=instance-dev to exchange=chat.user-updates, routingKey=user.u601.group-updates
2026-06-12T12:41:36.826+07:00 DEBUG 11675 --- [chat-app] [ummary-update-3] c.h.c.s.GroupSummaryUpdatePublisher      : [publishToGroupMembers] Pushed group summary update to user=u601, groupId=13, destination=/topic/user.u601.group-updates, message=GroupSummaryUpdate(groupId=13, latestMessage=this is a demo msg, latestMessageSender=vegeta, latestMessageAt=2026-06-12T12:41:36.434507)
2026-06-12T12:41:36.826+07:00 DEBUG 11675 --- [chat-app] [ummary-update-3] c.h.c.c.CustomRabbitMQBrokerHandler      : Publishing to RabbitMQ: from instance=instance-dev to exchange=chat.user-updates, routingKey=user.u602.group-updates
2026-06-12T12:41:36.826+07:00 DEBUG 11675 --- [chat-app] [ummary-update-3] c.h.c.s.GroupSummaryUpdatePublisher      : [publishToGroupMembers] Pushed group summary update to user=u602, groupId=13, destination=/topic/user.u602.group-updates, message=GroupSummaryUpdate(groupId=13, latestMessage=this is a demo msg, latestMessageSender=vegeta, latestMessageAt=2026-06-12T12:41:36.434507)
2026-06-12T12:41:36.826+07:00 DEBUG 11675 --- [chat-app] [ummary-update-3] c.h.c.c.CustomRabbitMQBrokerHandler      : Publishing to RabbitMQ: from instance=instance-dev to exchange=chat.user-updates, routingKey=user.u603.group-updates
2026-06-12T12:41:36.826+07:00 DEBUG 11675 --- [chat-app] [ummary-update-3] c.h.c.s.GroupSummaryUpdatePublisher      : [publishToGroupMembers] Pushed group summary update to user=u603, groupId=13, destination=/topic/user.u603.group-updates, message=GroupSummaryUpdate(groupId=13, latestMessage=this is a demo msg, latestMessageSender=vegeta, latestMessageAt=2026-06-12T12:41:36.434507)
2026-06-12T12:41:36.826+07:00 DEBUG 11675 --- [chat-app] [ummary-update-3] c.h.c.c.CustomRabbitMQBrokerHandler      : Publishing to RabbitMQ: from instance=instance-dev to exchange=chat.user-updates, routingKey=user.u604.group-updates
2026-06-12T12:41:36.826+07:00 DEBUG 11675 --- [chat-app] [ummary-update-3] c.h.c.s.GroupSummaryUpdatePublisher      : [publishToGroupMembers] Pushed group summary update to user=u604, groupId=13, destination=/topic/user.u604.group-updates, message=GroupSummaryUpdate(groupId=13, latestMessage=this is a demo msg, latestMessageSender=vegeta, latestMessageAt=2026-06-12T12:41:36.434507)
2026-06-12T12:41:36.826+07:00 DEBUG 11675 --- [chat-app] [ummary-update-3] c.h.c.c.CustomRabbitMQBrokerHandler      : Publishing to RabbitMQ: from instance=instance-dev to exchange=chat.user-updates, routingKey=user.u605.group-updates
2026-06-12T12:41:36.826+07:00 DEBUG 11675 --- [chat-app] [ummary-update-3] c.h.c.s.GroupSummaryUpdatePublisher      : [publishToGroupMembers] Pushed group summary update to user=u605, groupId=13, destination=/topic/user.u605.group-updates, message=GroupSummaryUpdate(groupId=13, latestMessage=this is a demo msg, latestMessageSender=vegeta, latestMessageAt=2026-06-12T12:41:36.434507)
2026-06-12T12:41:36.826+07:00 DEBUG 11675 --- [chat-app] [ummary-update-3] c.h.c.c.CustomRabbitMQBrokerHandler      : Publishing to RabbitMQ: from instance=instance-dev to exchange=chat.user-updates, routingKey=user.u606.group-updates
2026-06-12T12:41:36.827+07:00 DEBUG 11675 --- [chat-app] [ummary-update-3] c.h.c.s.GroupSummaryUpdatePublisher      : [publishToGroupMembers] Pushed group summary update to user=u606, groupId=13, destination=/topic/user.u606.group-updates, message=GroupSummaryUpdate(groupId=13, latestMessage=this is a demo msg, latestMessageSender=vegeta, latestMessageAt=2026-06-12T12:41:36.434507)
2026-06-12T12:41:36.827+07:00 DEBUG 11675 --- [chat-app] [ummary-update-3] c.h.c.c.CustomRabbitMQBrokerHandler      : Publishing to RabbitMQ: from instance=instance-dev to exchange=chat.user-updates, routingKey=user.u607.group-updates
2026-06-12T12:41:36.827+07:00 DEBUG 11675 --- [chat-app] [ummary-update-3] c.h.c.s.GroupSummaryUpdatePublisher      : [publishToGroupMembers] Pushed group summary update to user=u607, groupId=13, destination=/topic/user.u607.group-updates, message=GroupSummaryUpdate(groupId=13, latestMessage=this is a demo msg, latestMessageSender=vegeta, latestMessageAt=2026-06-12T12:41:36.434507)
2026-06-12T12:41:36.827+07:00 DEBUG 11675 --- [chat-app] [ummary-update-3] c.h.c.c.CustomRabbitMQBrokerHandler      : Publishing to RabbitMQ: from instance=instance-dev to exchange=chat.user-updates, routingKey=user.u608.group-updates
2026-06-12T12:41:36.827+07:00 DEBUG 11675 --- [chat-app] [ummary-update-3] c.h.c.s.GroupSummaryUpdatePublisher      : [publishToGroupMembers] Pushed group summary update to user=u608, groupId=13, destination=/topic/user.u608.group-updates, message=GroupSummaryUpdate(groupId=13, latestMessage=this is a demo msg, latestMessageSender=vegeta, latestMessageAt=2026-06-12T12:41:36.434507)
2026-06-12T12:41:36.827+07:00 DEBUG 11675 --- [chat-app] [ummary-update-3] c.h.c.c.CustomRabbitMQBrokerHandler      : Publishing to RabbitMQ: from instance=instance-dev to exchange=chat.user-updates, routingKey=user.u609.group-updates
2026-06-12T12:41:36.827+07:00 DEBUG 11675 --- [chat-app] [ummary-update-3] c.h.c.s.GroupSummaryUpdatePublisher      : [publishToGroupMembers] Pushed group summary update to user=u609, groupId=13, destination=/topic/user.u609.group-updates, message=GroupSummaryUpdate(groupId=13, latestMessage=this is a demo msg, latestMessageSender=vegeta, latestMessageAt=2026-06-12T12:41:36.434507)
2026-06-12T12:41:36.827+07:00 DEBUG 11675 --- [chat-app] [ummary-update-3] c.h.c.c.CustomRabbitMQBrokerHandler      : Publishing to RabbitMQ: from instance=instance-dev to exchange=chat.user-updates, routingKey=user.u610.group-updates
2026-06-12T12:41:36.827+07:00 DEBUG 11675 --- [chat-app] [ummary-update-3] c.h.c.s.GroupSummaryUpdatePublisher      : [publishToGroupMembers] Pushed group summary update to user=u610, groupId=13, destination=/topic/user.u610.group-updates, message=GroupSummaryUpdate(groupId=13, latestMessage=this is a demo msg, latestMessageSender=vegeta, latestMessageAt=2026-06-12T12:41:36.434507)
2026-06-12T12:41:36.827+07:00 DEBUG 11675 --- [chat-app] [ummary-update-3] c.h.c.c.CustomRabbitMQBrokerHandler      : Publishing to RabbitMQ: from instance=instance-dev to exchange=chat.user-updates, routingKey=user.u611.group-updates
2026-06-12T12:41:36.827+07:00 DEBUG 11675 --- [chat-app] [ummary-update-3] c.h.c.s.GroupSummaryUpdatePublisher      : [publishToGroupMembers] Pushed group summary update to user=u611, groupId=13, destination=/topic/user.u611.group-updates, message=GroupSummaryUpdate(groupId=13, latestMessage=this is a demo msg, latestMessageSender=vegeta, latestMessageAt=2026-06-12T12:41:36.434507)
2026-06-12T12:41:36.827+07:00 DEBUG 11675 --- [chat-app] [ummary-update-3] c.h.c.c.CustomRabbitMQBrokerHandler      : Publishing to RabbitMQ: from instance=instance-dev to exchange=chat.user-updates, routingKey=user.u612.group-updates
2026-06-12T12:41:36.827+07:00 DEBUG 11675 --- [chat-app] [ummary-update-3] c.h.c.s.GroupSummaryUpdatePublisher      : [publishToGroupMembers] Pushed group summary update to user=u612, groupId=13, destination=/topic/user.u612.group-updates, message=GroupSummaryUpdate(groupId=13, latestMessage=this is a demo msg, latestMessageSender=vegeta, latestMessageAt=2026-06-12T12:41:36.434507)
2026-06-12T12:41:36.827+07:00 DEBUG 11675 --- [chat-app] [ummary-update-3] c.h.c.c.CustomRabbitMQBrokerHandler      : Publishing to RabbitMQ: from instance=instance-dev to exchange=chat.user-updates, routingKey=user.u613.group-updates
2026-06-12T12:41:36.827+07:00 DEBUG 11675 --- [chat-app] [ummary-update-3] c.h.c.s.GroupSummaryUpdatePublisher      : [publishToGroupMembers] Pushed group summary update to user=u613, groupId=13, destination=/topic/user.u613.group-updates, message=GroupSummaryUpdate(groupId=13, latestMessage=this is a demo msg, latestMessageSender=vegeta, latestMessageAt=2026-06-12T12:41:36.434507)
2026-06-12T12:41:36.827+07:00 DEBUG 11675 --- [chat-app] [ummary-update-3] c.h.c.c.CustomRabbitMQBrokerHandler      : Publishing to RabbitMQ: from instance=instance-dev to exchange=chat.user-updates, routingKey=user.u614.group-updates
2026-06-12T12:41:36.827+07:00 DEBUG 11675 --- [chat-app] [ummary-update-3] c.h.c.s.GroupSummaryUpdatePublisher      : [publishToGroupMembers] Pushed group summary update to user=u614, groupId=13, destination=/topic/user.u614.group-updates, message=GroupSummaryUpdate(groupId=13, latestMessage=this is a demo msg, latestMessageSender=vegeta, latestMessageAt=2026-06-12T12:41:36.434507)
2026-06-12T12:41:36.828+07:00 DEBUG 11675 --- [chat-app] [ummary-update-3] c.h.c.c.CustomRabbitMQBrokerHandler      : Publishing to RabbitMQ: from instance=instance-dev to exchange=chat.user-updates, routingKey=user.u615.group-updates
2026-06-12T12:41:36.828+07:00 DEBUG 11675 --- [chat-app] [ummary-update-3] c.h.c.s.GroupSummaryUpdatePublisher      : [publishToGroupMembers] Pushed group summary update to user=u615, groupId=13, destination=/topic/user.u615.group-updates, message=GroupSummaryUpdate(groupId=13, latestMessage=this is a demo msg, latestMessageSender=vegeta, latestMessageAt=2026-06-12T12:41:36.434507)
2026-06-12T12:41:36.828+07:00 DEBUG 11675 --- [chat-app] [ummary-update-3] c.h.c.c.CustomRabbitMQBrokerHandler      : Publishing to RabbitMQ: from instance=instance-dev to exchange=chat.user-updates, routingKey=user.u616.group-updates
2026-06-12T12:41:36.828+07:00 DEBUG 11675 --- [chat-app] [ummary-update-3] c.h.c.s.GroupSummaryUpdatePublisher      : [publishToGroupMembers] Pushed group summary update to user=u616, groupId=13, destination=/topic/user.u616.group-updates, message=GroupSummaryUpdate(groupId=13, latestMessage=this is a demo msg, latestMessageSender=vegeta, latestMessageAt=2026-06-12T12:41:36.434507)
2026-06-12T12:41:36.828+07:00 DEBUG 11675 --- [chat-app] [ummary-update-3] c.h.c.c.CustomRabbitMQBrokerHandler      : Publishing to RabbitMQ: from instance=instance-dev to exchange=chat.user-updates, routingKey=user.u617.group-updates
2026-06-12T12:41:36.828+07:00 DEBUG 11675 --- [chat-app] [ummary-update-3] c.h.c.s.GroupSummaryUpdatePublisher      : [publishToGroupMembers] Pushed group summary update to user=u617, groupId=13, destination=/topic/user.u617.group-updates, message=GroupSummaryUpdate(groupId=13, latestMessage=this is a demo msg, latestMessageSender=vegeta, latestMessageAt=2026-06-12T12:41:36.434507)
2026-06-12T12:41:36.828+07:00 DEBUG 11675 --- [chat-app] [ummary-update-3] c.h.c.c.CustomRabbitMQBrokerHandler      : Publishing to RabbitMQ: from instance=instance-dev to exchange=chat.user-updates, routingKey=user.u618.group-updates
2026-06-12T12:41:36.828+07:00 DEBUG 11675 --- [chat-app] [ummary-update-3] c.h.c.s.GroupSummaryUpdatePublisher      : [publishToGroupMembers] Pushed group summary update to user=u618, groupId=13, destination=/topic/user.u618.group-updates, message=GroupSummaryUpdate(groupId=13, latestMessage=this is a demo msg, latestMessageSender=vegeta, latestMessageAt=2026-06-12T12:41:36.434507)
2026-06-12T12:41:36.828+07:00 DEBUG 11675 --- [chat-app] [ummary-update-3] c.h.c.c.CustomRabbitMQBrokerHandler      : Publishing to RabbitMQ: from instance=instance-dev to exchange=chat.user-updates, routingKey=user.u619.group-updates
2026-06-12T12:41:36.828+07:00 DEBUG 11675 --- [chat-app] [ummary-update-3] c.h.c.s.GroupSummaryUpdatePublisher      : [publishToGroupMembers] Pushed group summary update to user=u619, groupId=13, destination=/topic/user.u619.group-updates, message=GroupSummaryUpdate(groupId=13, latestMessage=this is a demo msg, latestMessageSender=vegeta, latestMessageAt=2026-06-12T12:41:36.434507)
2026-06-12T12:41:36.828+07:00 DEBUG 11675 --- [chat-app] [ummary-update-3] c.h.c.c.CustomRabbitMQBrokerHandler      : Publishing to RabbitMQ: from instance=instance-dev to exchange=chat.user-updates, routingKey=user.u620.group-updates
2026-06-12T12:41:36.828+07:00 DEBUG 11675 --- [chat-app] [ummary-update-3] c.h.c.s.GroupSummaryUpdatePublisher      : [publishToGroupMembers] Pushed group summary update to user=u620, groupId=13, destination=/topic/user.u620.group-updates, message=GroupSummaryUpdate(groupId=13, latestMessage=this is a demo msg, latestMessageSender=vegeta, latestMessageAt=2026-06-12T12:41:36.434507)
2026-06-12T12:41:36.828+07:00 DEBUG 11675 --- [chat-app] [ummary-update-3] c.h.c.c.CustomRabbitMQBrokerHandler      : Publishing to RabbitMQ: from instance=instance-dev to exchange=chat.user-updates, routingKey=user.u621.group-updates
2026-06-12T12:41:36.828+07:00 DEBUG 11675 --- [chat-app] [ummary-update-3] c.h.c.s.GroupSummaryUpdatePublisher      : [publishToGroupMembers] Pushed group summary update to user=u621, groupId=13, destination=/topic/user.u621.group-updates, message=GroupSummaryUpdate(groupId=13, latestMessage=this is a demo msg, latestMessageSender=vegeta, latestMessageAt=2026-06-12T12:41:36.434507)
2026-06-12T12:41:36.828+07:00 DEBUG 11675 --- [chat-app] [ummary-update-3] c.h.c.c.CustomRabbitMQBrokerHandler      : Publishing to RabbitMQ: from instance=instance-dev to exchange=chat.user-updates, routingKey=user.u622.group-updates
2026-06-12T12:41:36.828+07:00 DEBUG 11675 --- [chat-app] [ummary-update-3] c.h.c.s.GroupSummaryUpdatePublisher      : [publishToGroupMembers] Pushed group summary update to user=u622, groupId=13, destination=/topic/user.u622.group-updates, message=GroupSummaryUpdate(groupId=13, latestMessage=this is a demo msg, latestMessageSender=vegeta, latestMessageAt=2026-06-12T12:41:36.434507)
2026-06-12T12:41:36.828+07:00 DEBUG 11675 --- [chat-app] [ummary-update-3] c.h.c.c.CustomRabbitMQBrokerHandler      : Publishing to RabbitMQ: from instance=instance-dev to exchange=chat.user-updates, routingKey=user.u623.group-updates
2026-06-12T12:41:36.828+07:00 DEBUG 11675 --- [chat-app] [ummary-update-3] c.h.c.s.GroupSummaryUpdatePublisher      : [publishToGroupMembers] Pushed group summary update to user=u623, groupId=13, destination=/topic/user.u623.group-updates, message=GroupSummaryUpdate(groupId=13, latestMessage=this is a demo msg, latestMessageSender=vegeta, latestMessageAt=2026-06-12T12:41:36.434507)
2026-06-12T12:41:36.828+07:00 DEBUG 11675 --- [chat-app] [ummary-update-3] c.h.c.c.CustomRabbitMQBrokerHandler      : Publishing to RabbitMQ: from instance=instance-dev to exchange=chat.user-updates, routingKey=user.u624.group-updates
2026-06-12T12:41:36.828+07:00 DEBUG 11675 --- [chat-app] [ummary-update-3] c.h.c.s.GroupSummaryUpdatePublisher      : [publishToGroupMembers] Pushed group summary update to user=u624, groupId=13, destination=/topic/user.u624.group-updates, message=GroupSummaryUpdate(groupId=13, latestMessage=this is a demo msg, latestMessageSender=vegeta, latestMessageAt=2026-06-12T12:41:36.434507)
2026-06-12T12:41:36.828+07:00 DEBUG 11675 --- [chat-app] [ummary-update-3] c.h.c.c.CustomRabbitMQBrokerHandler      : Publishing to RabbitMQ: from instance=instance-dev to exchange=chat.user-updates, routingKey=user.u625.group-updates
2026-06-12T12:41:36.828+07:00 DEBUG 11675 --- [chat-app] [ummary-update-3] c.h.c.s.GroupSummaryUpdatePublisher      : [publishToGroupMembers] Pushed group summary update to user=u625, groupId=13, destination=/topic/user.u625.group-updates, message=GroupSummaryUpdate(groupId=13, latestMessage=this is a demo msg, latestMessageSender=vegeta, latestMessageAt=2026-06-12T12:41:36.434507)
2026-06-12T12:41:36.828+07:00 DEBUG 11675 --- [chat-app] [ummary-update-3] c.h.c.c.CustomRabbitMQBrokerHandler      : Publishing to RabbitMQ: from instance=instance-dev to exchange=chat.user-updates, routingKey=user.u626.group-updates
2026-06-12T12:41:36.829+07:00 DEBUG 11675 --- [chat-app] [ummary-update-3] c.h.c.s.GroupSummaryUpdatePublisher      : [publishToGroupMembers] Pushed group summary update to user=u626, groupId=13, destination=/topic/user.u626.group-updates, message=GroupSummaryUpdate(groupId=13, latestMessage=this is a demo msg, latestMessageSender=vegeta, latestMessageAt=2026-06-12T12:41:36.434507)
2026-06-12T12:41:36.829+07:00 DEBUG 11675 --- [chat-app] [ummary-update-3] c.h.c.c.CustomRabbitMQBrokerHandler      : Publishing to RabbitMQ: from instance=instance-dev to exchange=chat.user-updates, routingKey=user.u627.group-updates
2026-06-12T12:41:36.829+07:00 DEBUG 11675 --- [chat-app] [ummary-update-3] c.h.c.s.GroupSummaryUpdatePublisher      : [publishToGroupMembers] Pushed group summary update to user=u627, groupId=13, destination=/topic/user.u627.group-updates, message=GroupSummaryUpdate(groupId=13, latestMessage=this is a demo msg, latestMessageSender=vegeta, latestMessageAt=2026-06-12T12:41:36.434507)
2026-06-12T12:41:36.829+07:00 DEBUG 11675 --- [chat-app] [ummary-update-3] c.h.c.c.CustomRabbitMQBrokerHandler      : Publishing to RabbitMQ: from instance=instance-dev to exchange=chat.user-updates, routingKey=user.u628.group-updates
2026-06-12T12:41:36.829+07:00 DEBUG 11675 --- [chat-app] [ummary-update-3] c.h.c.s.GroupSummaryUpdatePublisher      : [publishToGroupMembers] Pushed group summary update to user=u628, groupId=13, destination=/topic/user.u628.group-updates, message=GroupSummaryUpdate(groupId=13, latestMessage=this is a demo msg, latestMessageSender=vegeta, latestMessageAt=2026-06-12T12:41:36.434507)
2026-06-12T12:41:36.829+07:00 DEBUG 11675 --- [chat-app] [ummary-update-3] c.h.c.c.CustomRabbitMQBrokerHandler      : Publishing to RabbitMQ: from instance=instance-dev to exchange=chat.user-updates, routingKey=user.u629.group-updates
2026-06-12T12:41:36.829+07:00 DEBUG 11675 --- [chat-app] [ummary-update-3] c.h.c.s.GroupSummaryUpdatePublisher      : [publishToGroupMembers] Pushed group summary update to user=u629, groupId=13, destination=/topic/user.u629.group-updates, message=GroupSummaryUpdate(groupId=13, latestMessage=this is a demo msg, latestMessageSender=vegeta, latestMessageAt=2026-06-12T12:41:36.434507)
2026-06-12T12:41:36.829+07:00 DEBUG 11675 --- [chat-app] [ummary-update-3] c.h.c.c.CustomRabbitMQBrokerHandler      : Publishing to RabbitMQ: from instance=instance-dev to exchange=chat.user-updates, routingKey=user.u630.group-updates
2026-06-12T12:41:36.829+07:00 DEBUG 11675 --- [chat-app] [ummary-update-3] c.h.c.s.GroupSummaryUpdatePublisher      : [publishToGroupMembers] Pushed group summary update to user=u630, groupId=13, destination=/topic/user.u630.group-updates, message=GroupSummaryUpdate(groupId=13, latestMessage=this is a demo msg, latestMessageSender=vegeta, latestMessageAt=2026-06-12T12:41:36.434507)
2026-06-12T12:41:36.829+07:00 DEBUG 11675 --- [chat-app] [ummary-update-3] c.h.c.c.CustomRabbitMQBrokerHandler      : Publishing to RabbitMQ: from instance=instance-dev to exchange=chat.user-updates, routingKey=user.u631.group-updates
2026-06-12T12:41:36.829+07:00 DEBUG 11675 --- [chat-app] [ummary-update-3] c.h.c.s.GroupSummaryUpdatePublisher      : [publishToGroupMembers] Pushed group summary update to user=u631, groupId=13, destination=/topic/user.u631.group-updates, message=GroupSummaryUpdate(groupId=13, latestMessage=this is a demo msg, latestMessageSender=vegeta, latestMessageAt=2026-06-12T12:41:36.434507)
2026-06-12T12:41:36.829+07:00 DEBUG 11675 --- [chat-app] [ummary-update-3] c.h.c.c.CustomRabbitMQBrokerHandler      : Publishing to RabbitMQ: from instance=instance-dev to exchange=chat.user-updates, routingKey=user.u632.group-updates
2026-06-12T12:41:36.829+07:00 DEBUG 11675 --- [chat-app] [ummary-update-3] c.h.c.s.GroupSummaryUpdatePublisher      : [publishToGroupMembers] Pushed group summary update to user=u632, groupId=13, destination=/topic/user.u632.group-updates, message=GroupSummaryUpdate(groupId=13, latestMessage=this is a demo msg, latestMessageSender=vegeta, latestMessageAt=2026-06-12T12:41:36.434507)
2026-06-12T12:41:36.829+07:00 DEBUG 11675 --- [chat-app] [ummary-update-3] c.h.c.c.CustomRabbitMQBrokerHandler      : Publishing to RabbitMQ: from instance=instance-dev to exchange=chat.user-updates, routingKey=user.u633.group-updates
2026-06-12T12:41:36.829+07:00 DEBUG 11675 --- [chat-app] [ummary-update-3] c.h.c.s.GroupSummaryUpdatePublisher      : [publishToGroupMembers] Pushed group summary update to user=u633, groupId=13, destination=/topic/user.u633.group-updates, message=GroupSummaryUpdate(groupId=13, latestMessage=this is a demo msg, latestMessageSender=vegeta, latestMessageAt=2026-06-12T12:41:36.434507)
2026-06-12T12:41:36.829+07:00 DEBUG 11675 --- [chat-app] [ummary-update-3] c.h.c.c.CustomRabbitMQBrokerHandler      : Publishing to RabbitMQ: from instance=instance-dev to exchange=chat.user-updates, routingKey=user.u634.group-updates
2026-06-12T12:41:36.829+07:00 DEBUG 11675 --- [chat-app] [ummary-update-3] c.h.c.s.GroupSummaryUpdatePublisher      : [publishToGroupMembers] Pushed group summary update to user=u634, groupId=13, destination=/topic/user.u634.group-updates, message=GroupSummaryUpdate(groupId=13, latestMessage=this is a demo msg, latestMessageSender=vegeta, latestMessageAt=2026-06-12T12:41:36.434507)
2026-06-12T12:41:36.829+07:00 DEBUG 11675 --- [chat-app] [ummary-update-3] c.h.c.c.CustomRabbitMQBrokerHandler      : Publishing to RabbitMQ: from instance=instance-dev to exchange=chat.user-updates, routingKey=user.u635.group-updates
2026-06-12T12:41:36.830+07:00 DEBUG 11675 --- [chat-app] [ummary-update-3] c.h.c.s.GroupSummaryUpdatePublisher      : [publishToGroupMembers] Pushed group summary update to user=u635, groupId=13, destination=/topic/user.u635.group-updates, message=GroupSummaryUpdate(groupId=13, latestMessage=this is a demo msg, latestMessageSender=vegeta, latestMessageAt=2026-06-12T12:41:36.434507)
2026-06-12T12:41:36.830+07:00 DEBUG 11675 --- [chat-app] [ummary-update-3] c.h.c.c.CustomRabbitMQBrokerHandler      : Publishing to RabbitMQ: from instance=instance-dev to exchange=chat.user-updates, routingKey=user.u636.group-updates
2026-06-12T12:41:36.830+07:00 DEBUG 11675 --- [chat-app] [ummary-update-3] c.h.c.s.GroupSummaryUpdatePublisher      : [publishToGroupMembers] Pushed group summary update to user=u636, groupId=13, destination=/topic/user.u636.group-updates, message=GroupSummaryUpdate(groupId=13, latestMessage=this is a demo msg, latestMessageSender=vegeta, latestMessageAt=2026-06-12T12:41:36.434507)
2026-06-12T12:41:36.830+07:00 DEBUG 11675 --- [chat-app] [ummary-update-3] c.h.c.c.CustomRabbitMQBrokerHandler      : Publishing to RabbitMQ: from instance=instance-dev to exchange=chat.user-updates, routingKey=user.u637.group-updates
2026-06-12T12:41:36.830+07:00 DEBUG 11675 --- [chat-app] [ummary-update-3] c.h.c.s.GroupSummaryUpdatePublisher      : [publishToGroupMembers] Pushed group summary update to user=u637, groupId=13, destination=/topic/user.u637.group-updates, message=GroupSummaryUpdate(groupId=13, latestMessage=this is a demo msg, latestMessageSender=vegeta, latestMessageAt=2026-06-12T12:41:36.434507)
2026-06-12T12:41:36.830+07:00 DEBUG 11675 --- [chat-app] [ummary-update-3] c.h.c.c.CustomRabbitMQBrokerHandler      : Publishing to RabbitMQ: from instance=instance-dev to exchange=chat.user-updates, routingKey=user.u638.group-updates
2026-06-12T12:41:36.830+07:00 DEBUG 11675 --- [chat-app] [ummary-update-3] c.h.c.s.GroupSummaryUpdatePublisher      : [publishToGroupMembers] Pushed group summary update to user=u638, groupId=13, destination=/topic/user.u638.group-updates, message=GroupSummaryUpdate(groupId=13, latestMessage=this is a demo msg, latestMessageSender=vegeta, latestMessageAt=2026-06-12T12:41:36.434507)
2026-06-12T12:41:36.830+07:00 DEBUG 11675 --- [chat-app] [ummary-update-3] c.h.c.c.CustomRabbitMQBrokerHandler      : Publishing to RabbitMQ: from instance=instance-dev to exchange=chat.user-updates, routingKey=user.u639.group-updates
2026-06-12T12:41:36.830+07:00 DEBUG 11675 --- [chat-app] [ummary-update-3] c.h.c.s.GroupSummaryUpdatePublisher      : [publishToGroupMembers] Pushed group summary update to user=u639, groupId=13, destination=/topic/user.u639.group-updates, message=GroupSummaryUpdate(groupId=13, latestMessage=this is a demo msg, latestMessageSender=vegeta, latestMessageAt=2026-06-12T12:41:36.434507)
2026-06-12T12:41:36.830+07:00 DEBUG 11675 --- [chat-app] [ummary-update-3] c.h.c.c.CustomRabbitMQBrokerHandler      : Publishing to RabbitMQ: from instance=instance-dev to exchange=chat.user-updates, routingKey=user.u640.group-updates
2026-06-12T12:41:36.830+07:00 DEBUG 11675 --- [chat-app] [ummary-update-3] c.h.c.s.GroupSummaryUpdatePublisher      : [publishToGroupMembers] Pushed group summary update to user=u640, groupId=13, destination=/topic/user.u640.group-updates, message=GroupSummaryUpdate(groupId=13, latestMessage=this is a demo msg, latestMessageSender=vegeta, latestMessageAt=2026-06-12T12:41:36.434507)
2026-06-12T12:41:36.830+07:00 DEBUG 11675 --- [chat-app] [ummary-update-3] c.h.c.c.CustomRabbitMQBrokerHandler      : Publishing to RabbitMQ: from instance=instance-dev to exchange=chat.user-updates, routingKey=user.u641.group-updates
2026-06-12T12:41:36.830+07:00 DEBUG 11675 --- [chat-app] [ummary-update-3] c.h.c.s.GroupSummaryUpdatePublisher      : [publishToGroupMembers] Pushed group summary update to user=u641, groupId=13, destination=/topic/user.u641.group-updates, message=GroupSummaryUpdate(groupId=13, latestMessage=this is a demo msg, latestMessageSender=vegeta, latestMessageAt=2026-06-12T12:41:36.434507)
2026-06-12T12:41:36.831+07:00 DEBUG 11675 --- [chat-app] [ummary-update-3] c.h.c.c.CustomRabbitMQBrokerHandler      : Publishing to RabbitMQ: from instance=instance-dev to exchange=chat.user-updates, routingKey=user.u642.group-updates
2026-06-12T12:41:36.831+07:00 DEBUG 11675 --- [chat-app] [ummary-update-3] c.h.c.s.GroupSummaryUpdatePublisher      : [publishToGroupMembers] Pushed group summary update to user=u642, groupId=13, destination=/topic/user.u642.group-updates, message=GroupSummaryUpdate(groupId=13, latestMessage=this is a demo msg, latestMessageSender=vegeta, latestMessageAt=2026-06-12T12:41:36.434507)
2026-06-12T12:41:36.831+07:00 DEBUG 11675 --- [chat-app] [ummary-update-3] c.h.c.c.CustomRabbitMQBrokerHandler      : Publishing to RabbitMQ: from instance=instance-dev to exchange=chat.user-updates, routingKey=user.u643.group-updates
2026-06-12T12:41:36.831+07:00 DEBUG 11675 --- [chat-app] [ummary-update-3] c.h.c.s.GroupSummaryUpdatePublisher      : [publishToGroupMembers] Pushed group summary update to user=u643, groupId=13, destination=/topic/user.u643.group-updates, message=GroupSummaryUpdate(groupId=13, latestMessage=this is a demo msg, latestMessageSender=vegeta, latestMessageAt=2026-06-12T12:41:36.434507)
2026-06-12T12:41:36.831+07:00 DEBUG 11675 --- [chat-app] [ummary-update-3] c.h.c.c.CustomRabbitMQBrokerHandler      : Publishing to RabbitMQ: from instance=instance-dev to exchange=chat.user-updates, routingKey=user.u644.group-updates
2026-06-12T12:41:36.831+07:00 DEBUG 11675 --- [chat-app] [ummary-update-3] c.h.c.s.GroupSummaryUpdatePublisher      : [publishToGroupMembers] Pushed group summary update to user=u644, groupId=13, destination=/topic/user.u644.group-updates, message=GroupSummaryUpdate(groupId=13, latestMessage=this is a demo msg, latestMessageSender=vegeta, latestMessageAt=2026-06-12T12:41:36.434507)
2026-06-12T12:41:36.831+07:00 DEBUG 11675 --- [chat-app] [ummary-update-3] c.h.c.c.CustomRabbitMQBrokerHandler      : Publishing to RabbitMQ: from instance=instance-dev to exchange=chat.user-updates, routingKey=user.u645.group-updates
2026-06-12T12:41:36.831+07:00 DEBUG 11675 --- [chat-app] [ummary-update-3] c.h.c.s.GroupSummaryUpdatePublisher      : [publishToGroupMembers] Pushed group summary update to user=u645, groupId=13, destination=/topic/user.u645.group-updates, message=GroupSummaryUpdate(groupId=13, latestMessage=this is a demo msg, latestMessageSender=vegeta, latestMessageAt=2026-06-12T12:41:36.434507)
2026-06-12T12:41:36.831+07:00 DEBUG 11675 --- [chat-app] [ummary-update-3] c.h.c.c.CustomRabbitMQBrokerHandler      : Publishing to RabbitMQ: from instance=instance-dev to exchange=chat.user-updates, routingKey=user.u646.group-updates
2026-06-12T12:41:36.831+07:00 DEBUG 11675 --- [chat-app] [ummary-update-3] c.h.c.s.GroupSummaryUpdatePublisher      : [publishToGroupMembers] Pushed group summary update to user=u646, groupId=13, destination=/topic/user.u646.group-updates, message=GroupSummaryUpdate(groupId=13, latestMessage=this is a demo msg, latestMessageSender=vegeta, latestMessageAt=2026-06-12T12:41:36.434507)
2026-06-12T12:41:36.831+07:00 DEBUG 11675 --- [chat-app] [ummary-update-3] c.h.c.c.CustomRabbitMQBrokerHandler      : Publishing to RabbitMQ: from instance=instance-dev to exchange=chat.user-updates, routingKey=user.u647.group-updates
2026-06-12T12:41:36.831+07:00 DEBUG 11675 --- [chat-app] [ummary-update-3] c.h.c.s.GroupSummaryUpdatePublisher      : [publishToGroupMembers] Pushed group summary update to user=u647, groupId=13, destination=/topic/user.u647.group-updates, message=GroupSummaryUpdate(groupId=13, latestMessage=this is a demo msg, latestMessageSender=vegeta, latestMessageAt=2026-06-12T12:41:36.434507)
2026-06-12T12:41:36.831+07:00 DEBUG 11675 --- [chat-app] [ummary-update-3] c.h.c.c.CustomRabbitMQBrokerHandler      : Publishing to RabbitMQ: from instance=instance-dev to exchange=chat.user-updates, routingKey=user.u648.group-updates
2026-06-12T12:41:36.831+07:00 DEBUG 11675 --- [chat-app] [ummary-update-3] c.h.c.s.GroupSummaryUpdatePublisher      : [publishToGroupMembers] Pushed group summary update to user=u648, groupId=13, destination=/topic/user.u648.group-updates, message=GroupSummaryUpdate(groupId=13, latestMessage=this is a demo msg, latestMessageSender=vegeta, latestMessageAt=2026-06-12T12:41:36.434507)
2026-06-12T12:41:36.831+07:00 DEBUG 11675 --- [chat-app] [ummary-update-3] c.h.c.c.CustomRabbitMQBrokerHandler      : Publishing to RabbitMQ: from instance=instance-dev to exchange=chat.user-updates, routingKey=user.u649.group-updates
2026-06-12T12:41:36.831+07:00 DEBUG 11675 --- [chat-app] [ummary-update-3] c.h.c.s.GroupSummaryUpdatePublisher      : [publishToGroupMembers] Pushed group summary update to user=u649, groupId=13, destination=/topic/user.u649.group-updates, message=GroupSummaryUpdate(groupId=13, latestMessage=this is a demo msg, latestMessageSender=vegeta, latestMessageAt=2026-06-12T12:41:36.434507)
2026-06-12T12:41:36.831+07:00 DEBUG 11675 --- [chat-app] [ummary-update-3] c.h.c.c.CustomRabbitMQBrokerHandler      : Publishing to RabbitMQ: from instance=instance-dev to exchange=chat.user-updates, routingKey=user.u650.group-updates
2026-06-12T12:41:36.831+07:00 DEBUG 11675 --- [chat-app] [ummary-update-3] c.h.c.s.GroupSummaryUpdatePublisher      : [publishToGroupMembers] Pushed group summary update to user=u650, groupId=13, destination=/topic/user.u650.group-updates, message=GroupSummaryUpdate(groupId=13, latestMessage=this is a demo msg, latestMessageSender=vegeta, latestMessageAt=2026-06-12T12:41:36.434507)
2026-06-12T12:41:36.831+07:00 DEBUG 11675 --- [chat-app] [ummary-update-3] c.h.c.c.CustomRabbitMQBrokerHandler      : Publishing to RabbitMQ: from instance=instance-dev to exchange=chat.user-updates, routingKey=user.u651.group-updates
2026-06-12T12:41:36.832+07:00 DEBUG 11675 --- [chat-app] [ummary-update-3] c.h.c.s.GroupSummaryUpdatePublisher      : [publishToGroupMembers] Pushed group summary update to user=u651, groupId=13, destination=/topic/user.u651.group-updates, message=GroupSummaryUpdate(groupId=13, latestMessage=this is a demo msg, latestMessageSender=vegeta, latestMessageAt=2026-06-12T12:41:36.434507)
2026-06-12T12:41:36.832+07:00 DEBUG 11675 --- [chat-app] [ummary-update-3] c.h.c.c.CustomRabbitMQBrokerHandler      : Publishing to RabbitMQ: from instance=instance-dev to exchange=chat.user-updates, routingKey=user.u652.group-updates
2026-06-12T12:41:36.832+07:00 DEBUG 11675 --- [chat-app] [ummary-update-3] c.h.c.s.GroupSummaryUpdatePublisher      : [publishToGroupMembers] Pushed group summary update to user=u652, groupId=13, destination=/topic/user.u652.group-updates, message=GroupSummaryUpdate(groupId=13, latestMessage=this is a demo msg, latestMessageSender=vegeta, latestMessageAt=2026-06-12T12:41:36.434507)
2026-06-12T12:41:36.832+07:00 DEBUG 11675 --- [chat-app] [ummary-update-3] c.h.c.c.CustomRabbitMQBrokerHandler      : Publishing to RabbitMQ: from instance=instance-dev to exchange=chat.user-updates, routingKey=user.u653.group-updates
2026-06-12T12:41:36.832+07:00 DEBUG 11675 --- [chat-app] [ummary-update-3] c.h.c.s.GroupSummaryUpdatePublisher      : [publishToGroupMembers] Pushed group summary update to user=u653, groupId=13, destination=/topic/user.u653.group-updates, message=GroupSummaryUpdate(groupId=13, latestMessage=this is a demo msg, latestMessageSender=vegeta, latestMessageAt=2026-06-12T12:41:36.434507)
2026-06-12T12:41:36.832+07:00 DEBUG 11675 --- [chat-app] [ummary-update-3] c.h.c.c.CustomRabbitMQBrokerHandler      : Publishing to RabbitMQ: from instance=instance-dev to exchange=chat.user-updates, routingKey=user.u654.group-updates
2026-06-12T12:41:36.832+07:00 DEBUG 11675 --- [chat-app] [ummary-update-3] c.h.c.s.GroupSummaryUpdatePublisher      : [publishToGroupMembers] Pushed group summary update to user=u654, groupId=13, destination=/topic/user.u654.group-updates, message=GroupSummaryUpdate(groupId=13, latestMessage=this is a demo msg, latestMessageSender=vegeta, latestMessageAt=2026-06-12T12:41:36.434507)
2026-06-12T12:41:36.832+07:00 DEBUG 11675 --- [chat-app] [ummary-update-3] c.h.c.c.CustomRabbitMQBrokerHandler      : Publishing to RabbitMQ: from instance=instance-dev to exchange=chat.user-updates, routingKey=user.u655.group-updates
2026-06-12T12:41:36.832+07:00 DEBUG 11675 --- [chat-app] [ummary-update-3] c.h.c.s.GroupSummaryUpdatePublisher      : [publishToGroupMembers] Pushed group summary update to user=u655, groupId=13, destination=/topic/user.u655.group-updates, message=GroupSummaryUpdate(groupId=13, latestMessage=this is a demo msg, latestMessageSender=vegeta, latestMessageAt=2026-06-12T12:41:36.434507)
2026-06-12T12:41:36.832+07:00 DEBUG 11675 --- [chat-app] [ummary-update-3] c.h.c.c.CustomRabbitMQBrokerHandler      : Publishing to RabbitMQ: from instance=instance-dev to exchange=chat.user-updates, routingKey=user.u656.group-updates
2026-06-12T12:41:36.833+07:00 DEBUG 11675 --- [chat-app] [ummary-update-3] c.h.c.s.GroupSummaryUpdatePublisher      : [publishToGroupMembers] Pushed group summary update to user=u656, groupId=13, destination=/topic/user.u656.group-updates, message=GroupSummaryUpdate(groupId=13, latestMessage=this is a demo msg, latestMessageSender=vegeta, latestMessageAt=2026-06-12T12:41:36.434507)
2026-06-12T12:41:36.833+07:00 DEBUG 11675 --- [chat-app] [ummary-update-3] c.h.c.c.CustomRabbitMQBrokerHandler      : Publishing to RabbitMQ: from instance=instance-dev to exchange=chat.user-updates, routingKey=user.u657.group-updates
2026-06-12T12:41:36.833+07:00 DEBUG 11675 --- [chat-app] [ummary-update-3] c.h.c.s.GroupSummaryUpdatePublisher      : [publishToGroupMembers] Pushed group summary update to user=u657, groupId=13, destination=/topic/user.u657.group-updates, message=GroupSummaryUpdate(groupId=13, latestMessage=this is a demo msg, latestMessageSender=vegeta, latestMessageAt=2026-06-12T12:41:36.434507)
2026-06-12T12:41:36.833+07:00 DEBUG 11675 --- [chat-app] [ummary-update-3] c.h.c.c.CustomRabbitMQBrokerHandler      : Publishing to RabbitMQ: from instance=instance-dev to exchange=chat.user-updates, routingKey=user.u658.group-updates
2026-06-12T12:41:36.833+07:00 DEBUG 11675 --- [chat-app] [ummary-update-3] c.h.c.s.GroupSummaryUpdatePublisher      : [publishToGroupMembers] Pushed group summary update to user=u658, groupId=13, destination=/topic/user.u658.group-updates, message=GroupSummaryUpdate(groupId=13, latestMessage=this is a demo msg, latestMessageSender=vegeta, latestMessageAt=2026-06-12T12:41:36.434507)
2026-06-12T12:41:36.833+07:00 DEBUG 11675 --- [chat-app] [ummary-update-3] c.h.c.c.CustomRabbitMQBrokerHandler      : Publishing to RabbitMQ: from instance=instance-dev to exchange=chat.user-updates, routingKey=user.u659.group-updates
2026-06-12T12:41:36.833+07:00 DEBUG 11675 --- [chat-app] [ummary-update-3] c.h.c.s.GroupSummaryUpdatePublisher      : [publishToGroupMembers] Pushed group summary update to user=u659, groupId=13, destination=/topic/user.u659.group-updates, message=GroupSummaryUpdate(groupId=13, latestMessage=this is a demo msg, latestMessageSender=vegeta, latestMessageAt=2026-06-12T12:41:36.434507)
2026-06-12T12:41:36.833+07:00 DEBUG 11675 --- [chat-app] [ummary-update-3] c.h.c.c.CustomRabbitMQBrokerHandler      : Publishing to RabbitMQ: from instance=instance-dev to exchange=chat.user-updates, routingKey=user.u660.group-updates
2026-06-12T12:41:36.833+07:00 DEBUG 11675 --- [chat-app] [ummary-update-3] c.h.c.s.GroupSummaryUpdatePublisher      : [publishToGroupMembers] Pushed group summary update to user=u660, groupId=13, destination=/topic/user.u660.group-updates, message=GroupSummaryUpdate(groupId=13, latestMessage=this is a demo msg, latestMessageSender=vegeta, latestMessageAt=2026-06-12T12:41:36.434507)
2026-06-12T12:41:36.833+07:00 DEBUG 11675 --- [chat-app] [ummary-update-3] c.h.c.c.CustomRabbitMQBrokerHandler      : Publishing to RabbitMQ: from instance=instance-dev to exchange=chat.user-updates, routingKey=user.u661.group-updates
2026-06-12T12:41:36.833+07:00 DEBUG 11675 --- [chat-app] [ummary-update-3] c.h.c.s.GroupSummaryUpdatePublisher      : [publishToGroupMembers] Pushed group summary update to user=u661, groupId=13, destination=/topic/user.u661.group-updates, message=GroupSummaryUpdate(groupId=13, latestMessage=this is a demo msg, latestMessageSender=vegeta, latestMessageAt=2026-06-12T12:41:36.434507)
2026-06-12T12:41:36.833+07:00 DEBUG 11675 --- [chat-app] [ummary-update-3] c.h.c.c.CustomRabbitMQBrokerHandler      : Publishing to RabbitMQ: from instance=instance-dev to exchange=chat.user-updates, routingKey=user.u662.group-updates
2026-06-12T12:41:36.834+07:00 DEBUG 11675 --- [chat-app] [ummary-update-3] c.h.c.s.GroupSummaryUpdatePublisher      : [publishToGroupMembers] Pushed group summary update to user=u662, groupId=13, destination=/topic/user.u662.group-updates, message=GroupSummaryUpdate(groupId=13, latestMessage=this is a demo msg, latestMessageSender=vegeta, latestMessageAt=2026-06-12T12:41:36.434507)
2026-06-12T12:41:36.834+07:00 DEBUG 11675 --- [chat-app] [ummary-update-3] c.h.c.c.CustomRabbitMQBrokerHandler      : Publishing to RabbitMQ: from instance=instance-dev to exchange=chat.user-updates, routingKey=user.u663.group-updates
2026-06-12T12:41:36.834+07:00 DEBUG 11675 --- [chat-app] [ummary-update-3] c.h.c.s.GroupSummaryUpdatePublisher      : [publishToGroupMembers] Pushed group summary update to user=u663, groupId=13, destination=/topic/user.u663.group-updates, message=GroupSummaryUpdate(groupId=13, latestMessage=this is a demo msg, latestMessageSender=vegeta, latestMessageAt=2026-06-12T12:41:36.434507)
2026-06-12T12:41:36.834+07:00 DEBUG 11675 --- [chat-app] [ummary-update-3] c.h.c.c.CustomRabbitMQBrokerHandler      : Publishing to RabbitMQ: from instance=instance-dev to exchange=chat.user-updates, routingKey=user.u664.group-updates
2026-06-12T12:41:36.834+07:00 DEBUG 11675 --- [chat-app] [ummary-update-3] c.h.c.s.GroupSummaryUpdatePublisher      : [publishToGroupMembers] Pushed group summary update to user=u664, groupId=13, destination=/topic/user.u664.group-updates, message=GroupSummaryUpdate(groupId=13, latestMessage=this is a demo msg, latestMessageSender=vegeta, latestMessageAt=2026-06-12T12:41:36.434507)
2026-06-12T12:41:36.834+07:00 DEBUG 11675 --- [chat-app] [ummary-update-3] c.h.c.c.CustomRabbitMQBrokerHandler      : Publishing to RabbitMQ: from instance=instance-dev to exchange=chat.user-updates, routingKey=user.u665.group-updates
2026-06-12T12:41:36.834+07:00 DEBUG 11675 --- [chat-app] [ummary-update-3] c.h.c.s.GroupSummaryUpdatePublisher      : [publishToGroupMembers] Pushed group summary update to user=u665, groupId=13, destination=/topic/user.u665.group-updates, message=GroupSummaryUpdate(groupId=13, latestMessage=this is a demo msg, latestMessageSender=vegeta, latestMessageAt=2026-06-12T12:41:36.434507)
2026-06-12T12:41:36.834+07:00 DEBUG 11675 --- [chat-app] [ummary-update-3] c.h.c.c.CustomRabbitMQBrokerHandler      : Publishing to RabbitMQ: from instance=instance-dev to exchange=chat.user-updates, routingKey=user.u666.group-updates
2026-06-12T12:41:36.834+07:00 DEBUG 11675 --- [chat-app] [ummary-update-3] c.h.c.s.GroupSummaryUpdatePublisher      : [publishToGroupMembers] Pushed group summary update to user=u666, groupId=13, destination=/topic/user.u666.group-updates, message=GroupSummaryUpdate(groupId=13, latestMessage=this is a demo msg, latestMessageSender=vegeta, latestMessageAt=2026-06-12T12:41:36.434507)
2026-06-12T12:41:36.834+07:00 DEBUG 11675 --- [chat-app] [ummary-update-3] c.h.c.c.CustomRabbitMQBrokerHandler      : Publishing to RabbitMQ: from instance=instance-dev to exchange=chat.user-updates, routingKey=user.u667.group-updates
2026-06-12T12:41:36.835+07:00 DEBUG 11675 --- [chat-app] [ummary-update-3] c.h.c.s.GroupSummaryUpdatePublisher      : [publishToGroupMembers] Pushed group summary update to user=u667, groupId=13, destination=/topic/user.u667.group-updates, message=GroupSummaryUpdate(groupId=13, latestMessage=this is a demo msg, latestMessageSender=vegeta, latestMessageAt=2026-06-12T12:41:36.434507)
2026-06-12T12:41:36.835+07:00 DEBUG 11675 --- [chat-app] [ummary-update-3] c.h.c.c.CustomRabbitMQBrokerHandler      : Publishing to RabbitMQ: from instance=instance-dev to exchange=chat.user-updates, routingKey=user.u668.group-updates
2026-06-12T12:41:36.835+07:00 DEBUG 11675 --- [chat-app] [ummary-update-3] c.h.c.s.GroupSummaryUpdatePublisher      : [publishToGroupMembers] Pushed group summary update to user=u668, groupId=13, destination=/topic/user.u668.group-updates, message=GroupSummaryUpdate(groupId=13, latestMessage=this is a demo msg, latestMessageSender=vegeta, latestMessageAt=2026-06-12T12:41:36.434507)
2026-06-12T12:41:36.835+07:00 DEBUG 11675 --- [chat-app] [ummary-update-3] c.h.c.c.CustomRabbitMQBrokerHandler      : Publishing to RabbitMQ: from instance=instance-dev to exchange=chat.user-updates, routingKey=user.u669.group-updates
2026-06-12T12:41:36.835+07:00 DEBUG 11675 --- [chat-app] [ummary-update-3] c.h.c.s.GroupSummaryUpdatePublisher      : [publishToGroupMembers] Pushed group summary update to user=u669, groupId=13, destination=/topic/user.u669.group-updates, message=GroupSummaryUpdate(groupId=13, latestMessage=this is a demo msg, latestMessageSender=vegeta, latestMessageAt=2026-06-12T12:41:36.434507)
2026-06-12T12:41:36.835+07:00 DEBUG 11675 --- [chat-app] [ummary-update-3] c.h.c.c.CustomRabbitMQBrokerHandler      : Publishing to RabbitMQ: from instance=instance-dev to exchange=chat.user-updates, routingKey=user.u670.group-updates
2026-06-12T12:41:36.835+07:00 DEBUG 11675 --- [chat-app] [ummary-update-3] c.h.c.s.GroupSummaryUpdatePublisher      : [publishToGroupMembers] Pushed group summary update to user=u670, groupId=13, destination=/topic/user.u670.group-updates, message=GroupSummaryUpdate(groupId=13, latestMessage=this is a demo msg, latestMessageSender=vegeta, latestMessageAt=2026-06-12T12:41:36.434507)
2026-06-12T12:41:36.836+07:00 DEBUG 11675 --- [chat-app] [ummary-update-3] c.h.c.c.CustomRabbitMQBrokerHandler      : Publishing to RabbitMQ: from instance=instance-dev to exchange=chat.user-updates, routingKey=user.u671.group-updates
2026-06-12T12:41:36.836+07:00 DEBUG 11675 --- [chat-app] [ummary-update-3] c.h.c.s.GroupSummaryUpdatePublisher      : [publishToGroupMembers] Pushed group summary update to user=u671, groupId=13, destination=/topic/user.u671.group-updates, message=GroupSummaryUpdate(groupId=13, latestMessage=this is a demo msg, latestMessageSender=vegeta, latestMessageAt=2026-06-12T12:41:36.434507)
2026-06-12T12:41:36.836+07:00 DEBUG 11675 --- [chat-app] [ummary-update-3] c.h.c.c.CustomRabbitMQBrokerHandler      : Publishing to RabbitMQ: from instance=instance-dev to exchange=chat.user-updates, routingKey=user.u672.group-updates
2026-06-12T12:41:36.836+07:00 DEBUG 11675 --- [chat-app] [ummary-update-3] c.h.c.s.GroupSummaryUpdatePublisher      : [publishToGroupMembers] Pushed group summary update to user=u672, groupId=13, destination=/topic/user.u672.group-updates, message=GroupSummaryUpdate(groupId=13, latestMessage=this is a demo msg, latestMessageSender=vegeta, latestMessageAt=2026-06-12T12:41:36.434507)
2026-06-12T12:41:36.836+07:00 DEBUG 11675 --- [chat-app] [ummary-update-3] c.h.c.c.CustomRabbitMQBrokerHandler      : Publishing to RabbitMQ: from instance=instance-dev to exchange=chat.user-updates, routingKey=user.u673.group-updates
2026-06-12T12:41:36.836+07:00 DEBUG 11675 --- [chat-app] [ummary-update-3] c.h.c.s.GroupSummaryUpdatePublisher      : [publishToGroupMembers] Pushed group summary update to user=u673, groupId=13, destination=/topic/user.u673.group-updates, message=GroupSummaryUpdate(groupId=13, latestMessage=this is a demo msg, latestMessageSender=vegeta, latestMessageAt=2026-06-12T12:41:36.434507)
2026-06-12T12:41:36.836+07:00 DEBUG 11675 --- [chat-app] [ummary-update-3] c.h.c.c.CustomRabbitMQBrokerHandler      : Publishing to RabbitMQ: from instance=instance-dev to exchange=chat.user-updates, routingKey=user.u674.group-updates
2026-06-12T12:41:36.836+07:00 DEBUG 11675 --- [chat-app] [ummary-update-3] c.h.c.s.GroupSummaryUpdatePublisher      : [publishToGroupMembers] Pushed group summary update to user=u674, groupId=13, destination=/topic/user.u674.group-updates, message=GroupSummaryUpdate(groupId=13, latestMessage=this is a demo msg, latestMessageSender=vegeta, latestMessageAt=2026-06-12T12:41:36.434507)
2026-06-12T12:41:36.836+07:00 DEBUG 11675 --- [chat-app] [ummary-update-3] c.h.c.c.CustomRabbitMQBrokerHandler      : Publishing to RabbitMQ: from instance=instance-dev to exchange=chat.user-updates, routingKey=user.u675.group-updates
2026-06-12T12:41:36.836+07:00 DEBUG 11675 --- [chat-app] [ummary-update-3] c.h.c.s.GroupSummaryUpdatePublisher      : [publishToGroupMembers] Pushed group summary update to user=u675, groupId=13, destination=/topic/user.u675.group-updates, message=GroupSummaryUpdate(groupId=13, latestMessage=this is a demo msg, latestMessageSender=vegeta, latestMessageAt=2026-06-12T12:41:36.434507)
2026-06-12T12:41:36.836+07:00 DEBUG 11675 --- [chat-app] [ummary-update-3] c.h.c.c.CustomRabbitMQBrokerHandler      : Publishing to RabbitMQ: from instance=instance-dev to exchange=chat.user-updates, routingKey=user.u676.group-updates
2026-06-12T12:41:36.837+07:00 DEBUG 11675 --- [chat-app] [ummary-update-3] c.h.c.s.GroupSummaryUpdatePublisher      : [publishToGroupMembers] Pushed group summary update to user=u676, groupId=13, destination=/topic/user.u676.group-updates, message=GroupSummaryUpdate(groupId=13, latestMessage=this is a demo msg, latestMessageSender=vegeta, latestMessageAt=2026-06-12T12:41:36.434507)
2026-06-12T12:41:36.837+07:00 DEBUG 11675 --- [chat-app] [ummary-update-3] c.h.c.c.CustomRabbitMQBrokerHandler      : Publishing to RabbitMQ: from instance=instance-dev to exchange=chat.user-updates, routingKey=user.u677.group-updates
2026-06-12T12:41:36.837+07:00 DEBUG 11675 --- [chat-app] [ummary-update-3] c.h.c.s.GroupSummaryUpdatePublisher      : [publishToGroupMembers] Pushed group summary update to user=u677, groupId=13, destination=/topic/user.u677.group-updates, message=GroupSummaryUpdate(groupId=13, latestMessage=this is a demo msg, latestMessageSender=vegeta, latestMessageAt=2026-06-12T12:41:36.434507)
2026-06-12T12:41:36.837+07:00 DEBUG 11675 --- [chat-app] [ummary-update-3] c.h.c.c.CustomRabbitMQBrokerHandler      : Publishing to RabbitMQ: from instance=instance-dev to exchange=chat.user-updates, routingKey=user.u678.group-updates
2026-06-12T12:41:36.837+07:00 DEBUG 11675 --- [chat-app] [ummary-update-3] c.h.c.s.GroupSummaryUpdatePublisher      : [publishToGroupMembers] Pushed group summary update to user=u678, groupId=13, destination=/topic/user.u678.group-updates, message=GroupSummaryUpdate(groupId=13, latestMessage=this is a demo msg, latestMessageSender=vegeta, latestMessageAt=2026-06-12T12:41:36.434507)
2026-06-12T12:41:36.837+07:00 DEBUG 11675 --- [chat-app] [ummary-update-3] c.h.c.c.CustomRabbitMQBrokerHandler      : Publishing to RabbitMQ: from instance=instance-dev to exchange=chat.user-updates, routingKey=user.u679.group-updates
2026-06-12T12:41:36.837+07:00 DEBUG 11675 --- [chat-app] [ummary-update-3] c.h.c.s.GroupSummaryUpdatePublisher      : [publishToGroupMembers] Pushed group summary update to user=u679, groupId=13, destination=/topic/user.u679.group-updates, message=GroupSummaryUpdate(groupId=13, latestMessage=this is a demo msg, latestMessageSender=vegeta, latestMessageAt=2026-06-12T12:41:36.434507)
2026-06-12T12:41:36.837+07:00 DEBUG 11675 --- [chat-app] [ummary-update-3] c.h.c.c.CustomRabbitMQBrokerHandler      : Publishing to RabbitMQ: from instance=instance-dev to exchange=chat.user-updates, routingKey=user.u680.group-updates
2026-06-12T12:41:36.837+07:00 DEBUG 11675 --- [chat-app] [ummary-update-3] c.h.c.s.GroupSummaryUpdatePublisher      : [publishToGroupMembers] Pushed group summary update to user=u680, groupId=13, destination=/topic/user.u680.group-updates, message=GroupSummaryUpdate(groupId=13, latestMessage=this is a demo msg, latestMessageSender=vegeta, latestMessageAt=2026-06-12T12:41:36.434507)
2026-06-12T12:41:36.837+07:00 DEBUG 11675 --- [chat-app] [ummary-update-3] c.h.c.c.CustomRabbitMQBrokerHandler      : Publishing to RabbitMQ: from instance=instance-dev to exchange=chat.user-updates, routingKey=user.u681.group-updates
2026-06-12T12:41:36.837+07:00 DEBUG 11675 --- [chat-app] [ummary-update-3] c.h.c.s.GroupSummaryUpdatePublisher      : [publishToGroupMembers] Pushed group summary update to user=u681, groupId=13, destination=/topic/user.u681.group-updates, message=GroupSummaryUpdate(groupId=13, latestMessage=this is a demo msg, latestMessageSender=vegeta, latestMessageAt=2026-06-12T12:41:36.434507)
2026-06-12T12:41:36.837+07:00 DEBUG 11675 --- [chat-app] [ummary-update-3] c.h.c.c.CustomRabbitMQBrokerHandler      : Publishing to RabbitMQ: from instance=instance-dev to exchange=chat.user-updates, routingKey=user.u682.group-updates
2026-06-12T12:41:36.837+07:00 DEBUG 11675 --- [chat-app] [ummary-update-3] c.h.c.s.GroupSummaryUpdatePublisher      : [publishToGroupMembers] Pushed group summary update to user=u682, groupId=13, destination=/topic/user.u682.group-updates, message=GroupSummaryUpdate(groupId=13, latestMessage=this is a demo msg, latestMessageSender=vegeta, latestMessageAt=2026-06-12T12:41:36.434507)
2026-06-12T12:41:36.837+07:00 DEBUG 11675 --- [chat-app] [ummary-update-3] c.h.c.c.CustomRabbitMQBrokerHandler      : Publishing to RabbitMQ: from instance=instance-dev to exchange=chat.user-updates, routingKey=user.u683.group-updates
2026-06-12T12:41:36.837+07:00 DEBUG 11675 --- [chat-app] [ummary-update-3] c.h.c.s.GroupSummaryUpdatePublisher      : [publishToGroupMembers] Pushed group summary update to user=u683, groupId=13, destination=/topic/user.u683.group-updates, message=GroupSummaryUpdate(groupId=13, latestMessage=this is a demo msg, latestMessageSender=vegeta, latestMessageAt=2026-06-12T12:41:36.434507)
2026-06-12T12:41:36.837+07:00 DEBUG 11675 --- [chat-app] [ummary-update-3] c.h.c.c.CustomRabbitMQBrokerHandler      : Publishing to RabbitMQ: from instance=instance-dev to exchange=chat.user-updates, routingKey=user.u684.group-updates
2026-06-12T12:41:36.837+07:00 DEBUG 11675 --- [chat-app] [ummary-update-3] c.h.c.s.GroupSummaryUpdatePublisher      : [publishToGroupMembers] Pushed group summary update to user=u684, groupId=13, destination=/topic/user.u684.group-updates, message=GroupSummaryUpdate(groupId=13, latestMessage=this is a demo msg, latestMessageSender=vegeta, latestMessageAt=2026-06-12T12:41:36.434507)
2026-06-12T12:41:36.837+07:00 DEBUG 11675 --- [chat-app] [ummary-update-3] c.h.c.c.CustomRabbitMQBrokerHandler      : Publishing to RabbitMQ: from instance=instance-dev to exchange=chat.user-updates, routingKey=user.u685.group-updates
2026-06-12T12:41:36.837+07:00 DEBUG 11675 --- [chat-app] [ummary-update-3] c.h.c.s.GroupSummaryUpdatePublisher      : [publishToGroupMembers] Pushed group summary update to user=u685, groupId=13, destination=/topic/user.u685.group-updates, message=GroupSummaryUpdate(groupId=13, latestMessage=this is a demo msg, latestMessageSender=vegeta, latestMessageAt=2026-06-12T12:41:36.434507)
2026-06-12T12:41:36.837+07:00 DEBUG 11675 --- [chat-app] [ummary-update-3] c.h.c.c.CustomRabbitMQBrokerHandler      : Publishing to RabbitMQ: from instance=instance-dev to exchange=chat.user-updates, routingKey=user.u686.group-updates
2026-06-12T12:41:36.837+07:00 DEBUG 11675 --- [chat-app] [ummary-update-3] c.h.c.s.GroupSummaryUpdatePublisher      : [publishToGroupMembers] Pushed group summary update to user=u686, groupId=13, destination=/topic/user.u686.group-updates, message=GroupSummaryUpdate(groupId=13, latestMessage=this is a demo msg, latestMessageSender=vegeta, latestMessageAt=2026-06-12T12:41:36.434507)
2026-06-12T12:41:36.837+07:00 DEBUG 11675 --- [chat-app] [ummary-update-3] c.h.c.c.CustomRabbitMQBrokerHandler      : Publishing to RabbitMQ: from instance=instance-dev to exchange=chat.user-updates, routingKey=user.u687.group-updates
2026-06-12T12:41:36.838+07:00 DEBUG 11675 --- [chat-app] [ummary-update-3] c.h.c.s.GroupSummaryUpdatePublisher      : [publishToGroupMembers] Pushed group summary update to user=u687, groupId=13, destination=/topic/user.u687.group-updates, message=GroupSummaryUpdate(groupId=13, latestMessage=this is a demo msg, latestMessageSender=vegeta, latestMessageAt=2026-06-12T12:41:36.434507)
2026-06-12T12:41:36.838+07:00 DEBUG 11675 --- [chat-app] [ummary-update-3] c.h.c.c.CustomRabbitMQBrokerHandler      : Publishing to RabbitMQ: from instance=instance-dev to exchange=chat.user-updates, routingKey=user.u688.group-updates
2026-06-12T12:41:36.838+07:00 DEBUG 11675 --- [chat-app] [ummary-update-3] c.h.c.s.GroupSummaryUpdatePublisher      : [publishToGroupMembers] Pushed group summary update to user=u688, groupId=13, destination=/topic/user.u688.group-updates, message=GroupSummaryUpdate(groupId=13, latestMessage=this is a demo msg, latestMessageSender=vegeta, latestMessageAt=2026-06-12T12:41:36.434507)
2026-06-12T12:41:36.838+07:00 DEBUG 11675 --- [chat-app] [ummary-update-3] c.h.c.c.CustomRabbitMQBrokerHandler      : Publishing to RabbitMQ: from instance=instance-dev to exchange=chat.user-updates, routingKey=user.u689.group-updates
2026-06-12T12:41:36.838+07:00 DEBUG 11675 --- [chat-app] [ummary-update-3] c.h.c.s.GroupSummaryUpdatePublisher      : [publishToGroupMembers] Pushed group summary update to user=u689, groupId=13, destination=/topic/user.u689.group-updates, message=GroupSummaryUpdate(groupId=13, latestMessage=this is a demo msg, latestMessageSender=vegeta, latestMessageAt=2026-06-12T12:41:36.434507)
2026-06-12T12:41:36.838+07:00 DEBUG 11675 --- [chat-app] [ummary-update-3] c.h.c.c.CustomRabbitMQBrokerHandler      : Publishing to RabbitMQ: from instance=instance-dev to exchange=chat.user-updates, routingKey=user.u690.group-updates
2026-06-12T12:41:36.838+07:00 DEBUG 11675 --- [chat-app] [ummary-update-3] c.h.c.s.GroupSummaryUpdatePublisher      : [publishToGroupMembers] Pushed group summary update to user=u690, groupId=13, destination=/topic/user.u690.group-updates, message=GroupSummaryUpdate(groupId=13, latestMessage=this is a demo msg, latestMessageSender=vegeta, latestMessageAt=2026-06-12T12:41:36.434507)
2026-06-12T12:41:36.838+07:00 DEBUG 11675 --- [chat-app] [ummary-update-3] c.h.c.c.CustomRabbitMQBrokerHandler      : Publishing to RabbitMQ: from instance=instance-dev to exchange=chat.user-updates, routingKey=user.u691.group-updates
2026-06-12T12:41:36.838+07:00 DEBUG 11675 --- [chat-app] [ummary-update-3] c.h.c.s.GroupSummaryUpdatePublisher      : [publishToGroupMembers] Pushed group summary update to user=u691, groupId=13, destination=/topic/user.u691.group-updates, message=GroupSummaryUpdate(groupId=13, latestMessage=this is a demo msg, latestMessageSender=vegeta, latestMessageAt=2026-06-12T12:41:36.434507)
2026-06-12T12:41:36.838+07:00 DEBUG 11675 --- [chat-app] [ummary-update-3] c.h.c.c.CustomRabbitMQBrokerHandler      : Publishing to RabbitMQ: from instance=instance-dev to exchange=chat.user-updates, routingKey=user.u692.group-updates
2026-06-12T12:41:36.838+07:00 DEBUG 11675 --- [chat-app] [ummary-update-3] c.h.c.s.GroupSummaryUpdatePublisher      : [publishToGroupMembers] Pushed group summary update to user=u692, groupId=13, destination=/topic/user.u692.group-updates, message=GroupSummaryUpdate(groupId=13, latestMessage=this is a demo msg, latestMessageSender=vegeta, latestMessageAt=2026-06-12T12:41:36.434507)
2026-06-12T12:41:36.838+07:00 DEBUG 11675 --- [chat-app] [ummary-update-3] c.h.c.c.CustomRabbitMQBrokerHandler      : Publishing to RabbitMQ: from instance=instance-dev to exchange=chat.user-updates, routingKey=user.u693.group-updates
2026-06-12T12:41:36.838+07:00 DEBUG 11675 --- [chat-app] [ummary-update-3] c.h.c.s.GroupSummaryUpdatePublisher      : [publishToGroupMembers] Pushed group summary update to user=u693, groupId=13, destination=/topic/user.u693.group-updates, message=GroupSummaryUpdate(groupId=13, latestMessage=this is a demo msg, latestMessageSender=vegeta, latestMessageAt=2026-06-12T12:41:36.434507)
2026-06-12T12:41:36.838+07:00 DEBUG 11675 --- [chat-app] [ummary-update-3] c.h.c.c.CustomRabbitMQBrokerHandler      : Publishing to RabbitMQ: from instance=instance-dev to exchange=chat.user-updates, routingKey=user.u694.group-updates
2026-06-12T12:41:36.838+07:00 DEBUG 11675 --- [chat-app] [ummary-update-3] c.h.c.s.GroupSummaryUpdatePublisher      : [publishToGroupMembers] Pushed group summary update to user=u694, groupId=13, destination=/topic/user.u694.group-updates, message=GroupSummaryUpdate(groupId=13, latestMessage=this is a demo msg, latestMessageSender=vegeta, latestMessageAt=2026-06-12T12:41:36.434507)
2026-06-12T12:41:36.838+07:00 DEBUG 11675 --- [chat-app] [ummary-update-3] c.h.c.c.CustomRabbitMQBrokerHandler      : Publishing to RabbitMQ: from instance=instance-dev to exchange=chat.user-updates, routingKey=user.u695.group-updates
2026-06-12T12:41:36.838+07:00 DEBUG 11675 --- [chat-app] [ummary-update-3] c.h.c.s.GroupSummaryUpdatePublisher      : [publishToGroupMembers] Pushed group summary update to user=u695, groupId=13, destination=/topic/user.u695.group-updates, message=GroupSummaryUpdate(groupId=13, latestMessage=this is a demo msg, latestMessageSender=vegeta, latestMessageAt=2026-06-12T12:41:36.434507)
2026-06-12T12:41:36.838+07:00 DEBUG 11675 --- [chat-app] [ummary-update-3] c.h.c.c.CustomRabbitMQBrokerHandler      : Publishing to RabbitMQ: from instance=instance-dev to exchange=chat.user-updates, routingKey=user.u696.group-updates
2026-06-12T12:41:36.839+07:00 DEBUG 11675 --- [chat-app] [ummary-update-3] c.h.c.s.GroupSummaryUpdatePublisher      : [publishToGroupMembers] Pushed group summary update to user=u696, groupId=13, destination=/topic/user.u696.group-updates, message=GroupSummaryUpdate(groupId=13, latestMessage=this is a demo msg, latestMessageSender=vegeta, latestMessageAt=2026-06-12T12:41:36.434507)
2026-06-12T12:41:36.839+07:00 DEBUG 11675 --- [chat-app] [ummary-update-3] c.h.c.c.CustomRabbitMQBrokerHandler      : Publishing to RabbitMQ: from instance=instance-dev to exchange=chat.user-updates, routingKey=user.u697.group-updates
2026-06-12T12:41:36.839+07:00 DEBUG 11675 --- [chat-app] [ummary-update-3] c.h.c.s.GroupSummaryUpdatePublisher      : [publishToGroupMembers] Pushed group summary update to user=u697, groupId=13, destination=/topic/user.u697.group-updates, message=GroupSummaryUpdate(groupId=13, latestMessage=this is a demo msg, latestMessageSender=vegeta, latestMessageAt=2026-06-12T12:41:36.434507)
2026-06-12T12:41:36.839+07:00 DEBUG 11675 --- [chat-app] [ummary-update-3] c.h.c.c.CustomRabbitMQBrokerHandler      : Publishing to RabbitMQ: from instance=instance-dev to exchange=chat.user-updates, routingKey=user.u698.group-updates
2026-06-12T12:41:36.839+07:00 DEBUG 11675 --- [chat-app] [ummary-update-3] c.h.c.s.GroupSummaryUpdatePublisher      : [publishToGroupMembers] Pushed group summary update to user=u698, groupId=13, destination=/topic/user.u698.group-updates, message=GroupSummaryUpdate(groupId=13, latestMessage=this is a demo msg, latestMessageSender=vegeta, latestMessageAt=2026-06-12T12:41:36.434507)
2026-06-12T12:41:36.839+07:00 DEBUG 11675 --- [chat-app] [ummary-update-3] c.h.c.c.CustomRabbitMQBrokerHandler      : Publishing to RabbitMQ: from instance=instance-dev to exchange=chat.user-updates, routingKey=user.u699.group-updates
2026-06-12T12:41:36.839+07:00 DEBUG 11675 --- [chat-app] [ummary-update-3] c.h.c.s.GroupSummaryUpdatePublisher      : [publishToGroupMembers] Pushed group summary update to user=u699, groupId=13, destination=/topic/user.u699.group-updates, message=GroupSummaryUpdate(groupId=13, latestMessage=this is a demo msg, latestMessageSender=vegeta, latestMessageAt=2026-06-12T12:41:36.434507)
2026-06-12T12:41:36.839+07:00 DEBUG 11675 --- [chat-app] [ummary-update-3] c.h.c.c.CustomRabbitMQBrokerHandler      : Publishing to RabbitMQ: from instance=instance-dev to exchange=chat.user-updates, routingKey=user.u700.group-updates
2026-06-12T12:41:36.839+07:00 DEBUG 11675 --- [chat-app] [ummary-update-3] c.h.c.s.GroupSummaryUpdatePublisher      : [publishToGroupMembers] Pushed group summary update to user=u700, groupId=13, destination=/topic/user.u700.group-updates, message=GroupSummaryUpdate(groupId=13, latestMessage=this is a demo msg, latestMessageSender=vegeta, latestMessageAt=2026-06-12T12:41:36.434507)
2026-06-12T12:41:36.839+07:00 DEBUG 11675 --- [chat-app] [ummary-update-3] c.h.c.c.CustomRabbitMQBrokerHandler      : Publishing to RabbitMQ: from instance=instance-dev to exchange=chat.user-updates, routingKey=user.u701.group-updates
2026-06-12T12:41:36.839+07:00 DEBUG 11675 --- [chat-app] [ummary-update-3] c.h.c.s.GroupSummaryUpdatePublisher      : [publishToGroupMembers] Pushed group summary update to user=u701, groupId=13, destination=/topic/user.u701.group-updates, message=GroupSummaryUpdate(groupId=13, latestMessage=this is a demo msg, latestMessageSender=vegeta, latestMessageAt=2026-06-12T12:41:36.434507)
2026-06-12T12:41:36.839+07:00 DEBUG 11675 --- [chat-app] [ummary-update-3] c.h.c.c.CustomRabbitMQBrokerHandler      : Publishing to RabbitMQ: from instance=instance-dev to exchange=chat.user-updates, routingKey=user.u702.group-updates
2026-06-12T12:41:36.839+07:00 DEBUG 11675 --- [chat-app] [ummary-update-3] c.h.c.s.GroupSummaryUpdatePublisher      : [publishToGroupMembers] Pushed group summary update to user=u702, groupId=13, destination=/topic/user.u702.group-updates, message=GroupSummaryUpdate(groupId=13, latestMessage=this is a demo msg, latestMessageSender=vegeta, latestMessageAt=2026-06-12T12:41:36.434507)
2026-06-12T12:41:36.839+07:00 DEBUG 11675 --- [chat-app] [ummary-update-3] c.h.c.c.CustomRabbitMQBrokerHandler      : Publishing to RabbitMQ: from instance=instance-dev to exchange=chat.user-updates, routingKey=user.u703.group-updates
2026-06-12T12:41:36.839+07:00 DEBUG 11675 --- [chat-app] [ummary-update-3] c.h.c.s.GroupSummaryUpdatePublisher      : [publishToGroupMembers] Pushed group summary update to user=u703, groupId=13, destination=/topic/user.u703.group-updates, message=GroupSummaryUpdate(groupId=13, latestMessage=this is a demo msg, latestMessageSender=vegeta, latestMessageAt=2026-06-12T12:41:36.434507)
2026-06-12T12:41:36.839+07:00 DEBUG 11675 --- [chat-app] [ummary-update-3] c.h.c.c.CustomRabbitMQBrokerHandler      : Publishing to RabbitMQ: from instance=instance-dev to exchange=chat.user-updates, routingKey=user.u704.group-updates
2026-06-12T12:41:36.839+07:00 DEBUG 11675 --- [chat-app] [ummary-update-3] c.h.c.s.GroupSummaryUpdatePublisher      : [publishToGroupMembers] Pushed group summary update to user=u704, groupId=13, destination=/topic/user.u704.group-updates, message=GroupSummaryUpdate(groupId=13, latestMessage=this is a demo msg, latestMessageSender=vegeta, latestMessageAt=2026-06-12T12:41:36.434507)
2026-06-12T12:41:36.839+07:00 DEBUG 11675 --- [chat-app] [ummary-update-3] c.h.c.c.CustomRabbitMQBrokerHandler      : Publishing to RabbitMQ: from instance=instance-dev to exchange=chat.user-updates, routingKey=user.u705.group-updates
2026-06-12T12:41:36.840+07:00 DEBUG 11675 --- [chat-app] [ummary-update-3] c.h.c.s.GroupSummaryUpdatePublisher      : [publishToGroupMembers] Pushed group summary update to user=u705, groupId=13, destination=/topic/user.u705.group-updates, message=GroupSummaryUpdate(groupId=13, latestMessage=this is a demo msg, latestMessageSender=vegeta, latestMessageAt=2026-06-12T12:41:36.434507)
2026-06-12T12:41:36.840+07:00 DEBUG 11675 --- [chat-app] [ummary-update-3] c.h.c.c.CustomRabbitMQBrokerHandler      : Publishing to RabbitMQ: from instance=instance-dev to exchange=chat.user-updates, routingKey=user.u706.group-updates
2026-06-12T12:41:36.840+07:00 DEBUG 11675 --- [chat-app] [ummary-update-3] c.h.c.s.GroupSummaryUpdatePublisher      : [publishToGroupMembers] Pushed group summary update to user=u706, groupId=13, destination=/topic/user.u706.group-updates, message=GroupSummaryUpdate(groupId=13, latestMessage=this is a demo msg, latestMessageSender=vegeta, latestMessageAt=2026-06-12T12:41:36.434507)
2026-06-12T12:41:36.840+07:00 DEBUG 11675 --- [chat-app] [ummary-update-3] c.h.c.c.CustomRabbitMQBrokerHandler      : Publishing to RabbitMQ: from instance=instance-dev to exchange=chat.user-updates, routingKey=user.u707.group-updates
2026-06-12T12:41:36.840+07:00 DEBUG 11675 --- [chat-app] [ummary-update-3] c.h.c.s.GroupSummaryUpdatePublisher      : [publishToGroupMembers] Pushed group summary update to user=u707, groupId=13, destination=/topic/user.u707.group-updates, message=GroupSummaryUpdate(groupId=13, latestMessage=this is a demo msg, latestMessageSender=vegeta, latestMessageAt=2026-06-12T12:41:36.434507)
2026-06-12T12:41:36.840+07:00 DEBUG 11675 --- [chat-app] [ummary-update-3] c.h.c.c.CustomRabbitMQBrokerHandler      : Publishing to RabbitMQ: from instance=instance-dev to exchange=chat.user-updates, routingKey=user.u708.group-updates
2026-06-12T12:41:36.840+07:00 DEBUG 11675 --- [chat-app] [ummary-update-3] c.h.c.s.GroupSummaryUpdatePublisher      : [publishToGroupMembers] Pushed group summary update to user=u708, groupId=13, destination=/topic/user.u708.group-updates, message=GroupSummaryUpdate(groupId=13, latestMessage=this is a demo msg, latestMessageSender=vegeta, latestMessageAt=2026-06-12T12:41:36.434507)
2026-06-12T12:41:36.840+07:00 DEBUG 11675 --- [chat-app] [ummary-update-3] c.h.c.c.CustomRabbitMQBrokerHandler      : Publishing to RabbitMQ: from instance=instance-dev to exchange=chat.user-updates, routingKey=user.u709.group-updates
2026-06-12T12:41:36.840+07:00 DEBUG 11675 --- [chat-app] [ummary-update-3] c.h.c.s.GroupSummaryUpdatePublisher      : [publishToGroupMembers] Pushed group summary update to user=u709, groupId=13, destination=/topic/user.u709.group-updates, message=GroupSummaryUpdate(groupId=13, latestMessage=this is a demo msg, latestMessageSender=vegeta, latestMessageAt=2026-06-12T12:41:36.434507)
2026-06-12T12:41:36.840+07:00 DEBUG 11675 --- [chat-app] [ummary-update-3] c.h.c.c.CustomRabbitMQBrokerHandler      : Publishing to RabbitMQ: from instance=instance-dev to exchange=chat.user-updates, routingKey=user.u710.group-updates
2026-06-12T12:41:36.840+07:00 DEBUG 11675 --- [chat-app] [ummary-update-3] c.h.c.s.GroupSummaryUpdatePublisher      : [publishToGroupMembers] Pushed group summary update to user=u710, groupId=13, destination=/topic/user.u710.group-updates, message=GroupSummaryUpdate(groupId=13, latestMessage=this is a demo msg, latestMessageSender=vegeta, latestMessageAt=2026-06-12T12:41:36.434507)
2026-06-12T12:41:36.840+07:00 DEBUG 11675 --- [chat-app] [ummary-update-3] c.h.c.c.CustomRabbitMQBrokerHandler      : Publishing to RabbitMQ: from instance=instance-dev to exchange=chat.user-updates, routingKey=user.u711.group-updates
2026-06-12T12:41:36.840+07:00 DEBUG 11675 --- [chat-app] [ummary-update-3] c.h.c.s.GroupSummaryUpdatePublisher      : [publishToGroupMembers] Pushed group summary update to user=u711, groupId=13, destination=/topic/user.u711.group-updates, message=GroupSummaryUpdate(groupId=13, latestMessage=this is a demo msg, latestMessageSender=vegeta, latestMessageAt=2026-06-12T12:41:36.434507)
2026-06-12T12:41:36.840+07:00 DEBUG 11675 --- [chat-app] [ummary-update-3] c.h.c.c.CustomRabbitMQBrokerHandler      : Publishing to RabbitMQ: from instance=instance-dev to exchange=chat.user-updates, routingKey=user.u712.group-updates
2026-06-12T12:41:36.840+07:00 DEBUG 11675 --- [chat-app] [ummary-update-3] c.h.c.s.GroupSummaryUpdatePublisher      : [publishToGroupMembers] Pushed group summary update to user=u712, groupId=13, destination=/topic/user.u712.group-updates, message=GroupSummaryUpdate(groupId=13, latestMessage=this is a demo msg, latestMessageSender=vegeta, latestMessageAt=2026-06-12T12:41:36.434507)
2026-06-12T12:41:36.840+07:00 DEBUG 11675 --- [chat-app] [ummary-update-3] c.h.c.c.CustomRabbitMQBrokerHandler      : Publishing to RabbitMQ: from instance=instance-dev to exchange=chat.user-updates, routingKey=user.u713.group-updates
2026-06-12T12:41:36.840+07:00 DEBUG 11675 --- [chat-app] [ummary-update-3] c.h.c.s.GroupSummaryUpdatePublisher      : [publishToGroupMembers] Pushed group summary update to user=u713, groupId=13, destination=/topic/user.u713.group-updates, message=GroupSummaryUpdate(groupId=13, latestMessage=this is a demo msg, latestMessageSender=vegeta, latestMessageAt=2026-06-12T12:41:36.434507)
2026-06-12T12:41:36.840+07:00 DEBUG 11675 --- [chat-app] [ummary-update-3] c.h.c.c.CustomRabbitMQBrokerHandler      : Publishing to RabbitMQ: from instance=instance-dev to exchange=chat.user-updates, routingKey=user.u714.group-updates
2026-06-12T12:41:36.841+07:00 DEBUG 11675 --- [chat-app] [ummary-update-3] c.h.c.s.GroupSummaryUpdatePublisher      : [publishToGroupMembers] Pushed group summary update to user=u714, groupId=13, destination=/topic/user.u714.group-updates, message=GroupSummaryUpdate(groupId=13, latestMessage=this is a demo msg, latestMessageSender=vegeta, latestMessageAt=2026-06-12T12:41:36.434507)
2026-06-12T12:41:36.841+07:00 DEBUG 11675 --- [chat-app] [ummary-update-3] c.h.c.c.CustomRabbitMQBrokerHandler      : Publishing to RabbitMQ: from instance=instance-dev to exchange=chat.user-updates, routingKey=user.u715.group-updates
2026-06-12T12:41:36.841+07:00 DEBUG 11675 --- [chat-app] [ummary-update-3] c.h.c.s.GroupSummaryUpdatePublisher      : [publishToGroupMembers] Pushed group summary update to user=u715, groupId=13, destination=/topic/user.u715.group-updates, message=GroupSummaryUpdate(groupId=13, latestMessage=this is a demo msg, latestMessageSender=vegeta, latestMessageAt=2026-06-12T12:41:36.434507)
2026-06-12T12:41:36.841+07:00 DEBUG 11675 --- [chat-app] [ummary-update-3] c.h.c.c.CustomRabbitMQBrokerHandler      : Publishing to RabbitMQ: from instance=instance-dev to exchange=chat.user-updates, routingKey=user.u716.group-updates
2026-06-12T12:41:36.841+07:00 DEBUG 11675 --- [chat-app] [ummary-update-3] c.h.c.s.GroupSummaryUpdatePublisher      : [publishToGroupMembers] Pushed group summary update to user=u716, groupId=13, destination=/topic/user.u716.group-updates, message=GroupSummaryUpdate(groupId=13, latestMessage=this is a demo msg, latestMessageSender=vegeta, latestMessageAt=2026-06-12T12:41:36.434507)
2026-06-12T12:41:36.841+07:00 DEBUG 11675 --- [chat-app] [ummary-update-3] c.h.c.c.CustomRabbitMQBrokerHandler      : Publishing to RabbitMQ: from instance=instance-dev to exchange=chat.user-updates, routingKey=user.u717.group-updates
2026-06-12T12:41:36.841+07:00 DEBUG 11675 --- [chat-app] [ummary-update-3] c.h.c.s.GroupSummaryUpdatePublisher      : [publishToGroupMembers] Pushed group summary update to user=u717, groupId=13, destination=/topic/user.u717.group-updates, message=GroupSummaryUpdate(groupId=13, latestMessage=this is a demo msg, latestMessageSender=vegeta, latestMessageAt=2026-06-12T12:41:36.434507)
2026-06-12T12:41:36.841+07:00 DEBUG 11675 --- [chat-app] [ummary-update-3] c.h.c.c.CustomRabbitMQBrokerHandler      : Publishing to RabbitMQ: from instance=instance-dev to exchange=chat.user-updates, routingKey=user.u718.group-updates
2026-06-12T12:41:36.841+07:00 DEBUG 11675 --- [chat-app] [ummary-update-3] c.h.c.s.GroupSummaryUpdatePublisher      : [publishToGroupMembers] Pushed group summary update to user=u718, groupId=13, destination=/topic/user.u718.group-updates, message=GroupSummaryUpdate(groupId=13, latestMessage=this is a demo msg, latestMessageSender=vegeta, latestMessageAt=2026-06-12T12:41:36.434507)
2026-06-12T12:41:36.841+07:00 DEBUG 11675 --- [chat-app] [ummary-update-3] c.h.c.c.CustomRabbitMQBrokerHandler      : Publishing to RabbitMQ: from instance=instance-dev to exchange=chat.user-updates, routingKey=user.u719.group-updates
2026-06-12T12:41:36.841+07:00 DEBUG 11675 --- [chat-app] [ummary-update-3] c.h.c.s.GroupSummaryUpdatePublisher      : [publishToGroupMembers] Pushed group summary update to user=u719, groupId=13, destination=/topic/user.u719.group-updates, message=GroupSummaryUpdate(groupId=13, latestMessage=this is a demo msg, latestMessageSender=vegeta, latestMessageAt=2026-06-12T12:41:36.434507)
2026-06-12T12:41:36.841+07:00 DEBUG 11675 --- [chat-app] [ummary-update-3] c.h.c.c.CustomRabbitMQBrokerHandler      : Publishing to RabbitMQ: from instance=instance-dev to exchange=chat.user-updates, routingKey=user.u720.group-updates
2026-06-12T12:41:36.842+07:00 DEBUG 11675 --- [chat-app] [ummary-update-3] c.h.c.s.GroupSummaryUpdatePublisher      : [publishToGroupMembers] Pushed group summary update to user=u720, groupId=13, destination=/topic/user.u720.group-updates, message=GroupSummaryUpdate(groupId=13, latestMessage=this is a demo msg, latestMessageSender=vegeta, latestMessageAt=2026-06-12T12:41:36.434507)
2026-06-12T12:41:36.842+07:00 DEBUG 11675 --- [chat-app] [ummary-update-3] c.h.c.c.CustomRabbitMQBrokerHandler      : Publishing to RabbitMQ: from instance=instance-dev to exchange=chat.user-updates, routingKey=user.u721.group-updates
2026-06-12T12:41:36.842+07:00 DEBUG 11675 --- [chat-app] [ummary-update-3] c.h.c.s.GroupSummaryUpdatePublisher      : [publishToGroupMembers] Pushed group summary update to user=u721, groupId=13, destination=/topic/user.u721.group-updates, message=GroupSummaryUpdate(groupId=13, latestMessage=this is a demo msg, latestMessageSender=vegeta, latestMessageAt=2026-06-12T12:41:36.434507)
2026-06-12T12:41:36.842+07:00 DEBUG 11675 --- [chat-app] [ummary-update-3] c.h.c.c.CustomRabbitMQBrokerHandler      : Publishing to RabbitMQ: from instance=instance-dev to exchange=chat.user-updates, routingKey=user.u722.group-updates
2026-06-12T12:41:36.842+07:00 DEBUG 11675 --- [chat-app] [ummary-update-3] c.h.c.s.GroupSummaryUpdatePublisher      : [publishToGroupMembers] Pushed group summary update to user=u722, groupId=13, destination=/topic/user.u722.group-updates, message=GroupSummaryUpdate(groupId=13, latestMessage=this is a demo msg, latestMessageSender=vegeta, latestMessageAt=2026-06-12T12:41:36.434507)
2026-06-12T12:41:36.842+07:00 DEBUG 11675 --- [chat-app] [ummary-update-3] c.h.c.c.CustomRabbitMQBrokerHandler      : Publishing to RabbitMQ: from instance=instance-dev to exchange=chat.user-updates, routingKey=user.u723.group-updates
2026-06-12T12:41:36.842+07:00 DEBUG 11675 --- [chat-app] [ummary-update-3] c.h.c.s.GroupSummaryUpdatePublisher      : [publishToGroupMembers] Pushed group summary update to user=u723, groupId=13, destination=/topic/user.u723.group-updates, message=GroupSummaryUpdate(groupId=13, latestMessage=this is a demo msg, latestMessageSender=vegeta, latestMessageAt=2026-06-12T12:41:36.434507)
2026-06-12T12:41:36.842+07:00 DEBUG 11675 --- [chat-app] [ummary-update-3] c.h.c.c.CustomRabbitMQBrokerHandler      : Publishing to RabbitMQ: from instance=instance-dev to exchange=chat.user-updates, routingKey=user.u724.group-updates
2026-06-12T12:41:36.842+07:00 DEBUG 11675 --- [chat-app] [ummary-update-3] c.h.c.s.GroupSummaryUpdatePublisher      : [publishToGroupMembers] Pushed group summary update to user=u724, groupId=13, destination=/topic/user.u724.group-updates, message=GroupSummaryUpdate(groupId=13, latestMessage=this is a demo msg, latestMessageSender=vegeta, latestMessageAt=2026-06-12T12:41:36.434507)
2026-06-12T12:41:36.842+07:00 DEBUG 11675 --- [chat-app] [ummary-update-3] c.h.c.c.CustomRabbitMQBrokerHandler      : Publishing to RabbitMQ: from instance=instance-dev to exchange=chat.user-updates, routingKey=user.u725.group-updates
2026-06-12T12:41:36.842+07:00 DEBUG 11675 --- [chat-app] [ummary-update-3] c.h.c.s.GroupSummaryUpdatePublisher      : [publishToGroupMembers] Pushed group summary update to user=u725, groupId=13, destination=/topic/user.u725.group-updates, message=GroupSummaryUpdate(groupId=13, latestMessage=this is a demo msg, latestMessageSender=vegeta, latestMessageAt=2026-06-12T12:41:36.434507)
2026-06-12T12:41:36.842+07:00 DEBUG 11675 --- [chat-app] [ummary-update-3] c.h.c.c.CustomRabbitMQBrokerHandler      : Publishing to RabbitMQ: from instance=instance-dev to exchange=chat.user-updates, routingKey=user.u726.group-updates
2026-06-12T12:41:36.843+07:00 DEBUG 11675 --- [chat-app] [ummary-update-3] c.h.c.s.GroupSummaryUpdatePublisher      : [publishToGroupMembers] Pushed group summary update to user=u726, groupId=13, destination=/topic/user.u726.group-updates, message=GroupSummaryUpdate(groupId=13, latestMessage=this is a demo msg, latestMessageSender=vegeta, latestMessageAt=2026-06-12T12:41:36.434507)
2026-06-12T12:41:36.843+07:00 DEBUG 11675 --- [chat-app] [ummary-update-3] c.h.c.c.CustomRabbitMQBrokerHandler      : Publishing to RabbitMQ: from instance=instance-dev to exchange=chat.user-updates, routingKey=user.u727.group-updates
2026-06-12T12:41:36.843+07:00 DEBUG 11675 --- [chat-app] [ummary-update-3] c.h.c.s.GroupSummaryUpdatePublisher      : [publishToGroupMembers] Pushed group summary update to user=u727, groupId=13, destination=/topic/user.u727.group-updates, message=GroupSummaryUpdate(groupId=13, latestMessage=this is a demo msg, latestMessageSender=vegeta, latestMessageAt=2026-06-12T12:41:36.434507)
2026-06-12T12:41:36.843+07:00 DEBUG 11675 --- [chat-app] [ummary-update-3] c.h.c.c.CustomRabbitMQBrokerHandler      : Publishing to RabbitMQ: from instance=instance-dev to exchange=chat.user-updates, routingKey=user.u728.group-updates
2026-06-12T12:41:36.843+07:00 DEBUG 11675 --- [chat-app] [ummary-update-3] c.h.c.s.GroupSummaryUpdatePublisher      : [publishToGroupMembers] Pushed group summary update to user=u728, groupId=13, destination=/topic/user.u728.group-updates, message=GroupSummaryUpdate(groupId=13, latestMessage=this is a demo msg, latestMessageSender=vegeta, latestMessageAt=2026-06-12T12:41:36.434507)
2026-06-12T12:41:36.843+07:00 DEBUG 11675 --- [chat-app] [ummary-update-3] c.h.c.c.CustomRabbitMQBrokerHandler      : Publishing to RabbitMQ: from instance=instance-dev to exchange=chat.user-updates, routingKey=user.u729.group-updates
2026-06-12T12:41:36.843+07:00 DEBUG 11675 --- [chat-app] [ummary-update-3] c.h.c.s.GroupSummaryUpdatePublisher      : [publishToGroupMembers] Pushed group summary update to user=u729, groupId=13, destination=/topic/user.u729.group-updates, message=GroupSummaryUpdate(groupId=13, latestMessage=this is a demo msg, latestMessageSender=vegeta, latestMessageAt=2026-06-12T12:41:36.434507)
2026-06-12T12:41:36.843+07:00 DEBUG 11675 --- [chat-app] [ummary-update-3] c.h.c.c.CustomRabbitMQBrokerHandler      : Publishing to RabbitMQ: from instance=instance-dev to exchange=chat.user-updates, routingKey=user.u730.group-updates
2026-06-12T12:41:36.843+07:00 DEBUG 11675 --- [chat-app] [ummary-update-3] c.h.c.s.GroupSummaryUpdatePublisher      : [publishToGroupMembers] Pushed group summary update to user=u730, groupId=13, destination=/topic/user.u730.group-updates, message=GroupSummaryUpdate(groupId=13, latestMessage=this is a demo msg, latestMessageSender=vegeta, latestMessageAt=2026-06-12T12:41:36.434507)
2026-06-12T12:41:36.843+07:00 DEBUG 11675 --- [chat-app] [ummary-update-3] c.h.c.c.CustomRabbitMQBrokerHandler      : Publishing to RabbitMQ: from instance=instance-dev to exchange=chat.user-updates, routingKey=user.u731.group-updates
2026-06-12T12:41:36.844+07:00 DEBUG 11675 --- [chat-app] [ummary-update-3] c.h.c.s.GroupSummaryUpdatePublisher      : [publishToGroupMembers] Pushed group summary update to user=u731, groupId=13, destination=/topic/user.u731.group-updates, message=GroupSummaryUpdate(groupId=13, latestMessage=this is a demo msg, latestMessageSender=vegeta, latestMessageAt=2026-06-12T12:41:36.434507)
2026-06-12T12:41:36.844+07:00 DEBUG 11675 --- [chat-app] [ummary-update-3] c.h.c.c.CustomRabbitMQBrokerHandler      : Publishing to RabbitMQ: from instance=instance-dev to exchange=chat.user-updates, routingKey=user.u732.group-updates
2026-06-12T12:41:36.844+07:00 DEBUG 11675 --- [chat-app] [ummary-update-3] c.h.c.s.GroupSummaryUpdatePublisher      : [publishToGroupMembers] Pushed group summary update to user=u732, groupId=13, destination=/topic/user.u732.group-updates, message=GroupSummaryUpdate(groupId=13, latestMessage=this is a demo msg, latestMessageSender=vegeta, latestMessageAt=2026-06-12T12:41:36.434507)
2026-06-12T12:41:36.844+07:00 DEBUG 11675 --- [chat-app] [ummary-update-3] c.h.c.c.CustomRabbitMQBrokerHandler      : Publishing to RabbitMQ: from instance=instance-dev to exchange=chat.user-updates, routingKey=user.u733.group-updates
2026-06-12T12:41:36.844+07:00 DEBUG 11675 --- [chat-app] [ummary-update-3] c.h.c.s.GroupSummaryUpdatePublisher      : [publishToGroupMembers] Pushed group summary update to user=u733, groupId=13, destination=/topic/user.u733.group-updates, message=GroupSummaryUpdate(groupId=13, latestMessage=this is a demo msg, latestMessageSender=vegeta, latestMessageAt=2026-06-12T12:41:36.434507)
2026-06-12T12:41:36.844+07:00 DEBUG 11675 --- [chat-app] [ummary-update-3] c.h.c.c.CustomRabbitMQBrokerHandler      : Publishing to RabbitMQ: from instance=instance-dev to exchange=chat.user-updates, routingKey=user.u734.group-updates
2026-06-12T12:41:36.844+07:00 DEBUG 11675 --- [chat-app] [ummary-update-3] c.h.c.s.GroupSummaryUpdatePublisher      : [publishToGroupMembers] Pushed group summary update to user=u734, groupId=13, destination=/topic/user.u734.group-updates, message=GroupSummaryUpdate(groupId=13, latestMessage=this is a demo msg, latestMessageSender=vegeta, latestMessageAt=2026-06-12T12:41:36.434507)
2026-06-12T12:41:36.844+07:00 DEBUG 11675 --- [chat-app] [ummary-update-3] c.h.c.c.CustomRabbitMQBrokerHandler      : Publishing to RabbitMQ: from instance=instance-dev to exchange=chat.user-updates, routingKey=user.u735.group-updates
2026-06-12T12:41:36.844+07:00 DEBUG 11675 --- [chat-app] [ummary-update-3] c.h.c.s.GroupSummaryUpdatePublisher      : [publishToGroupMembers] Pushed group summary update to user=u735, groupId=13, destination=/topic/user.u735.group-updates, message=GroupSummaryUpdate(groupId=13, latestMessage=this is a demo msg, latestMessageSender=vegeta, latestMessageAt=2026-06-12T12:41:36.434507)
2026-06-12T12:41:36.844+07:00 DEBUG 11675 --- [chat-app] [ummary-update-3] c.h.c.c.CustomRabbitMQBrokerHandler      : Publishing to RabbitMQ: from instance=instance-dev to exchange=chat.user-updates, routingKey=user.u736.group-updates
2026-06-12T12:41:36.844+07:00 DEBUG 11675 --- [chat-app] [ummary-update-3] c.h.c.s.GroupSummaryUpdatePublisher      : [publishToGroupMembers] Pushed group summary update to user=u736, groupId=13, destination=/topic/user.u736.group-updates, message=GroupSummaryUpdate(groupId=13, latestMessage=this is a demo msg, latestMessageSender=vegeta, latestMessageAt=2026-06-12T12:41:36.434507)
2026-06-12T12:41:36.844+07:00 DEBUG 11675 --- [chat-app] [ummary-update-3] c.h.c.c.CustomRabbitMQBrokerHandler      : Publishing to RabbitMQ: from instance=instance-dev to exchange=chat.user-updates, routingKey=user.u737.group-updates
2026-06-12T12:41:36.844+07:00 DEBUG 11675 --- [chat-app] [ummary-update-3] c.h.c.s.GroupSummaryUpdatePublisher      : [publishToGroupMembers] Pushed group summary update to user=u737, groupId=13, destination=/topic/user.u737.group-updates, message=GroupSummaryUpdate(groupId=13, latestMessage=this is a demo msg, latestMessageSender=vegeta, latestMessageAt=2026-06-12T12:41:36.434507)
2026-06-12T12:41:36.844+07:00 DEBUG 11675 --- [chat-app] [ummary-update-3] c.h.c.c.CustomRabbitMQBrokerHandler      : Publishing to RabbitMQ: from instance=instance-dev to exchange=chat.user-updates, routingKey=user.u738.group-updates
2026-06-12T12:41:36.844+07:00 DEBUG 11675 --- [chat-app] [ummary-update-3] c.h.c.s.GroupSummaryUpdatePublisher      : [publishToGroupMembers] Pushed group summary update to user=u738, groupId=13, destination=/topic/user.u738.group-updates, message=GroupSummaryUpdate(groupId=13, latestMessage=this is a demo msg, latestMessageSender=vegeta, latestMessageAt=2026-06-12T12:41:36.434507)
2026-06-12T12:41:36.844+07:00 DEBUG 11675 --- [chat-app] [ummary-update-3] c.h.c.c.CustomRabbitMQBrokerHandler      : Publishing to RabbitMQ: from instance=instance-dev to exchange=chat.user-updates, routingKey=user.u739.group-updates
2026-06-12T12:41:36.844+07:00 DEBUG 11675 --- [chat-app] [ummary-update-3] c.h.c.s.GroupSummaryUpdatePublisher      : [publishToGroupMembers] Pushed group summary update to user=u739, groupId=13, destination=/topic/user.u739.group-updates, message=GroupSummaryUpdate(groupId=13, latestMessage=this is a demo msg, latestMessageSender=vegeta, latestMessageAt=2026-06-12T12:41:36.434507)
2026-06-12T12:41:36.844+07:00 DEBUG 11675 --- [chat-app] [ummary-update-3] c.h.c.c.CustomRabbitMQBrokerHandler      : Publishing to RabbitMQ: from instance=instance-dev to exchange=chat.user-updates, routingKey=user.u740.group-updates
2026-06-12T12:41:36.844+07:00 DEBUG 11675 --- [chat-app] [ummary-update-3] c.h.c.s.GroupSummaryUpdatePublisher      : [publishToGroupMembers] Pushed group summary update to user=u740, groupId=13, destination=/topic/user.u740.group-updates, message=GroupSummaryUpdate(groupId=13, latestMessage=this is a demo msg, latestMessageSender=vegeta, latestMessageAt=2026-06-12T12:41:36.434507)
2026-06-12T12:41:36.844+07:00 DEBUG 11675 --- [chat-app] [ummary-update-3] c.h.c.c.CustomRabbitMQBrokerHandler      : Publishing to RabbitMQ: from instance=instance-dev to exchange=chat.user-updates, routingKey=user.u741.group-updates
2026-06-12T12:41:36.844+07:00 DEBUG 11675 --- [chat-app] [ummary-update-3] c.h.c.s.GroupSummaryUpdatePublisher      : [publishToGroupMembers] Pushed group summary update to user=u741, groupId=13, destination=/topic/user.u741.group-updates, message=GroupSummaryUpdate(groupId=13, latestMessage=this is a demo msg, latestMessageSender=vegeta, latestMessageAt=2026-06-12T12:41:36.434507)
2026-06-12T12:41:36.845+07:00 DEBUG 11675 --- [chat-app] [ummary-update-3] c.h.c.c.CustomRabbitMQBrokerHandler      : Publishing to RabbitMQ: from instance=instance-dev to exchange=chat.user-updates, routingKey=user.u742.group-updates
2026-06-12T12:41:36.845+07:00 DEBUG 11675 --- [chat-app] [ummary-update-3] c.h.c.s.GroupSummaryUpdatePublisher      : [publishToGroupMembers] Pushed group summary update to user=u742, groupId=13, destination=/topic/user.u742.group-updates, message=GroupSummaryUpdate(groupId=13, latestMessage=this is a demo msg, latestMessageSender=vegeta, latestMessageAt=2026-06-12T12:41:36.434507)
2026-06-12T12:41:36.845+07:00 DEBUG 11675 --- [chat-app] [ummary-update-3] c.h.c.c.CustomRabbitMQBrokerHandler      : Publishing to RabbitMQ: from instance=instance-dev to exchange=chat.user-updates, routingKey=user.u743.group-updates
2026-06-12T12:41:36.845+07:00 DEBUG 11675 --- [chat-app] [ummary-update-3] c.h.c.s.GroupSummaryUpdatePublisher      : [publishToGroupMembers] Pushed group summary update to user=u743, groupId=13, destination=/topic/user.u743.group-updates, message=GroupSummaryUpdate(groupId=13, latestMessage=this is a demo msg, latestMessageSender=vegeta, latestMessageAt=2026-06-12T12:41:36.434507)
2026-06-12T12:41:36.845+07:00 DEBUG 11675 --- [chat-app] [ummary-update-3] c.h.c.c.CustomRabbitMQBrokerHandler      : Publishing to RabbitMQ: from instance=instance-dev to exchange=chat.user-updates, routingKey=user.u744.group-updates
2026-06-12T12:41:36.845+07:00 DEBUG 11675 --- [chat-app] [ummary-update-3] c.h.c.s.GroupSummaryUpdatePublisher      : [publishToGroupMembers] Pushed group summary update to user=u744, groupId=13, destination=/topic/user.u744.group-updates, message=GroupSummaryUpdate(groupId=13, latestMessage=this is a demo msg, latestMessageSender=vegeta, latestMessageAt=2026-06-12T12:41:36.434507)
2026-06-12T12:41:36.845+07:00 DEBUG 11675 --- [chat-app] [ummary-update-3] c.h.c.c.CustomRabbitMQBrokerHandler      : Publishing to RabbitMQ: from instance=instance-dev to exchange=chat.user-updates, routingKey=user.u745.group-updates
2026-06-12T12:41:36.845+07:00 DEBUG 11675 --- [chat-app] [ummary-update-3] c.h.c.s.GroupSummaryUpdatePublisher      : [publishToGroupMembers] Pushed group summary update to user=u745, groupId=13, destination=/topic/user.u745.group-updates, message=GroupSummaryUpdate(groupId=13, latestMessage=this is a demo msg, latestMessageSender=vegeta, latestMessageAt=2026-06-12T12:41:36.434507)
2026-06-12T12:41:36.845+07:00 DEBUG 11675 --- [chat-app] [ummary-update-3] c.h.c.c.CustomRabbitMQBrokerHandler      : Publishing to RabbitMQ: from instance=instance-dev to exchange=chat.user-updates, routingKey=user.u746.group-updates
2026-06-12T12:41:36.845+07:00 DEBUG 11675 --- [chat-app] [ummary-update-3] c.h.c.s.GroupSummaryUpdatePublisher      : [publishToGroupMembers] Pushed group summary update to user=u746, groupId=13, destination=/topic/user.u746.group-updates, message=GroupSummaryUpdate(groupId=13, latestMessage=this is a demo msg, latestMessageSender=vegeta, latestMessageAt=2026-06-12T12:41:36.434507)
2026-06-12T12:41:36.845+07:00 DEBUG 11675 --- [chat-app] [ummary-update-3] c.h.c.c.CustomRabbitMQBrokerHandler      : Publishing to RabbitMQ: from instance=instance-dev to exchange=chat.user-updates, routingKey=user.u747.group-updates
2026-06-12T12:41:36.846+07:00 DEBUG 11675 --- [chat-app] [ummary-update-3] c.h.c.s.GroupSummaryUpdatePublisher      : [publishToGroupMembers] Pushed group summary update to user=u747, groupId=13, destination=/topic/user.u747.group-updates, message=GroupSummaryUpdate(groupId=13, latestMessage=this is a demo msg, latestMessageSender=vegeta, latestMessageAt=2026-06-12T12:41:36.434507)
2026-06-12T12:41:36.846+07:00 DEBUG 11675 --- [chat-app] [ummary-update-3] c.h.c.c.CustomRabbitMQBrokerHandler      : Publishing to RabbitMQ: from instance=instance-dev to exchange=chat.user-updates, routingKey=user.u748.group-updates
2026-06-12T12:41:36.846+07:00 DEBUG 11675 --- [chat-app] [ummary-update-3] c.h.c.s.GroupSummaryUpdatePublisher      : [publishToGroupMembers] Pushed group summary update to user=u748, groupId=13, destination=/topic/user.u748.group-updates, message=GroupSummaryUpdate(groupId=13, latestMessage=this is a demo msg, latestMessageSender=vegeta, latestMessageAt=2026-06-12T12:41:36.434507)
2026-06-12T12:41:36.846+07:00 DEBUG 11675 --- [chat-app] [ummary-update-3] c.h.c.c.CustomRabbitMQBrokerHandler      : Publishing to RabbitMQ: from instance=instance-dev to exchange=chat.user-updates, routingKey=user.u749.group-updates
2026-06-12T12:41:36.846+07:00 DEBUG 11675 --- [chat-app] [ummary-update-3] c.h.c.s.GroupSummaryUpdatePublisher      : [publishToGroupMembers] Pushed group summary update to user=u749, groupId=13, destination=/topic/user.u749.group-updates, message=GroupSummaryUpdate(groupId=13, latestMessage=this is a demo msg, latestMessageSender=vegeta, latestMessageAt=2026-06-12T12:41:36.434507)
2026-06-12T12:41:36.846+07:00 DEBUG 11675 --- [chat-app] [ummary-update-3] c.h.c.c.CustomRabbitMQBrokerHandler      : Publishing to RabbitMQ: from instance=instance-dev to exchange=chat.user-updates, routingKey=user.u750.group-updates
2026-06-12T12:41:36.846+07:00 DEBUG 11675 --- [chat-app] [ummary-update-3] c.h.c.s.GroupSummaryUpdatePublisher      : [publishToGroupMembers] Pushed group summary update to user=u750, groupId=13, destination=/topic/user.u750.group-updates, message=GroupSummaryUpdate(groupId=13, latestMessage=this is a demo msg, latestMessageSender=vegeta, latestMessageAt=2026-06-12T12:41:36.434507)
2026-06-12T12:41:36.846+07:00 DEBUG 11675 --- [chat-app] [ummary-update-3] c.h.c.c.CustomRabbitMQBrokerHandler      : Publishing to RabbitMQ: from instance=instance-dev to exchange=chat.user-updates, routingKey=user.u751.group-updates
2026-06-12T12:41:36.846+07:00 DEBUG 11675 --- [chat-app] [ummary-update-3] c.h.c.s.GroupSummaryUpdatePublisher      : [publishToGroupMembers] Pushed group summary update to user=u751, groupId=13, destination=/topic/user.u751.group-updates, message=GroupSummaryUpdate(groupId=13, latestMessage=this is a demo msg, latestMessageSender=vegeta, latestMessageAt=2026-06-12T12:41:36.434507)
2026-06-12T12:41:36.846+07:00 DEBUG 11675 --- [chat-app] [ummary-update-3] c.h.c.c.CustomRabbitMQBrokerHandler      : Publishing to RabbitMQ: from instance=instance-dev to exchange=chat.user-updates, routingKey=user.u752.group-updates
2026-06-12T12:41:36.846+07:00 DEBUG 11675 --- [chat-app] [ummary-update-3] c.h.c.s.GroupSummaryUpdatePublisher      : [publishToGroupMembers] Pushed group summary update to user=u752, groupId=13, destination=/topic/user.u752.group-updates, message=GroupSummaryUpdate(groupId=13, latestMessage=this is a demo msg, latestMessageSender=vegeta, latestMessageAt=2026-06-12T12:41:36.434507)
2026-06-12T12:41:36.846+07:00 DEBUG 11675 --- [chat-app] [ummary-update-3] c.h.c.c.CustomRabbitMQBrokerHandler      : Publishing to RabbitMQ: from instance=instance-dev to exchange=chat.user-updates, routingKey=user.u753.group-updates
2026-06-12T12:41:36.846+07:00 DEBUG 11675 --- [chat-app] [ummary-update-3] c.h.c.s.GroupSummaryUpdatePublisher      : [publishToGroupMembers] Pushed group summary update to user=u753, groupId=13, destination=/topic/user.u753.group-updates, message=GroupSummaryUpdate(groupId=13, latestMessage=this is a demo msg, latestMessageSender=vegeta, latestMessageAt=2026-06-12T12:41:36.434507)
2026-06-12T12:41:36.846+07:00 DEBUG 11675 --- [chat-app] [ummary-update-3] c.h.c.c.CustomRabbitMQBrokerHandler      : Publishing to RabbitMQ: from instance=instance-dev to exchange=chat.user-updates, routingKey=user.u754.group-updates
2026-06-12T12:41:36.846+07:00 DEBUG 11675 --- [chat-app] [ummary-update-3] c.h.c.s.GroupSummaryUpdatePublisher      : [publishToGroupMembers] Pushed group summary update to user=u754, groupId=13, destination=/topic/user.u754.group-updates, message=GroupSummaryUpdate(groupId=13, latestMessage=this is a demo msg, latestMessageSender=vegeta, latestMessageAt=2026-06-12T12:41:36.434507)
2026-06-12T12:41:36.846+07:00 DEBUG 11675 --- [chat-app] [ummary-update-3] c.h.c.c.CustomRabbitMQBrokerHandler      : Publishing to RabbitMQ: from instance=instance-dev to exchange=chat.user-updates, routingKey=user.u755.group-updates
2026-06-12T12:41:36.846+07:00 DEBUG 11675 --- [chat-app] [ummary-update-3] c.h.c.s.GroupSummaryUpdatePublisher      : [publishToGroupMembers] Pushed group summary update to user=u755, groupId=13, destination=/topic/user.u755.group-updates, message=GroupSummaryUpdate(groupId=13, latestMessage=this is a demo msg, latestMessageSender=vegeta, latestMessageAt=2026-06-12T12:41:36.434507)
2026-06-12T12:41:36.846+07:00 DEBUG 11675 --- [chat-app] [ummary-update-3] c.h.c.c.CustomRabbitMQBrokerHandler      : Publishing to RabbitMQ: from instance=instance-dev to exchange=chat.user-updates, routingKey=user.u756.group-updates
2026-06-12T12:41:36.846+07:00 DEBUG 11675 --- [chat-app] [ummary-update-3] c.h.c.s.GroupSummaryUpdatePublisher      : [publishToGroupMembers] Pushed group summary update to user=u756, groupId=13, destination=/topic/user.u756.group-updates, message=GroupSummaryUpdate(groupId=13, latestMessage=this is a demo msg, latestMessageSender=vegeta, latestMessageAt=2026-06-12T12:41:36.434507)
2026-06-12T12:41:36.847+07:00 DEBUG 11675 --- [chat-app] [ummary-update-3] c.h.c.c.CustomRabbitMQBrokerHandler      : Publishing to RabbitMQ: from instance=instance-dev to exchange=chat.user-updates, routingKey=user.u757.group-updates
2026-06-12T12:41:36.847+07:00 DEBUG 11675 --- [chat-app] [ummary-update-3] c.h.c.s.GroupSummaryUpdatePublisher      : [publishToGroupMembers] Pushed group summary update to user=u757, groupId=13, destination=/topic/user.u757.group-updates, message=GroupSummaryUpdate(groupId=13, latestMessage=this is a demo msg, latestMessageSender=vegeta, latestMessageAt=2026-06-12T12:41:36.434507)
2026-06-12T12:41:36.847+07:00 DEBUG 11675 --- [chat-app] [ummary-update-3] c.h.c.c.CustomRabbitMQBrokerHandler      : Publishing to RabbitMQ: from instance=instance-dev to exchange=chat.user-updates, routingKey=user.u758.group-updates
2026-06-12T12:41:36.847+07:00 DEBUG 11675 --- [chat-app] [ummary-update-3] c.h.c.s.GroupSummaryUpdatePublisher      : [publishToGroupMembers] Pushed group summary update to user=u758, groupId=13, destination=/topic/user.u758.group-updates, message=GroupSummaryUpdate(groupId=13, latestMessage=this is a demo msg, latestMessageSender=vegeta, latestMessageAt=2026-06-12T12:41:36.434507)
2026-06-12T12:41:36.847+07:00 DEBUG 11675 --- [chat-app] [ummary-update-3] c.h.c.c.CustomRabbitMQBrokerHandler      : Publishing to RabbitMQ: from instance=instance-dev to exchange=chat.user-updates, routingKey=user.u759.group-updates
2026-06-12T12:41:36.847+07:00 DEBUG 11675 --- [chat-app] [ummary-update-3] c.h.c.s.GroupSummaryUpdatePublisher      : [publishToGroupMembers] Pushed group summary update to user=u759, groupId=13, destination=/topic/user.u759.group-updates, message=GroupSummaryUpdate(groupId=13, latestMessage=this is a demo msg, latestMessageSender=vegeta, latestMessageAt=2026-06-12T12:41:36.434507)
2026-06-12T12:41:36.847+07:00 DEBUG 11675 --- [chat-app] [ummary-update-3] c.h.c.c.CustomRabbitMQBrokerHandler      : Publishing to RabbitMQ: from instance=instance-dev to exchange=chat.user-updates, routingKey=user.u760.group-updates
2026-06-12T12:41:36.847+07:00 DEBUG 11675 --- [chat-app] [ummary-update-3] c.h.c.s.GroupSummaryUpdatePublisher      : [publishToGroupMembers] Pushed group summary update to user=u760, groupId=13, destination=/topic/user.u760.group-updates, message=GroupSummaryUpdate(groupId=13, latestMessage=this is a demo msg, latestMessageSender=vegeta, latestMessageAt=2026-06-12T12:41:36.434507)
2026-06-12T12:41:36.847+07:00 DEBUG 11675 --- [chat-app] [ummary-update-3] c.h.c.c.CustomRabbitMQBrokerHandler      : Publishing to RabbitMQ: from instance=instance-dev to exchange=chat.user-updates, routingKey=user.u761.group-updates
2026-06-12T12:41:36.847+07:00 DEBUG 11675 --- [chat-app] [ummary-update-3] c.h.c.s.GroupSummaryUpdatePublisher      : [publishToGroupMembers] Pushed group summary update to user=u761, groupId=13, destination=/topic/user.u761.group-updates, message=GroupSummaryUpdate(groupId=13, latestMessage=this is a demo msg, latestMessageSender=vegeta, latestMessageAt=2026-06-12T12:41:36.434507)
2026-06-12T12:41:36.847+07:00 DEBUG 11675 --- [chat-app] [ummary-update-3] c.h.c.c.CustomRabbitMQBrokerHandler      : Publishing to RabbitMQ: from instance=instance-dev to exchange=chat.user-updates, routingKey=user.u762.group-updates
2026-06-12T12:41:36.847+07:00 DEBUG 11675 --- [chat-app] [ummary-update-3] c.h.c.s.GroupSummaryUpdatePublisher      : [publishToGroupMembers] Pushed group summary update to user=u762, groupId=13, destination=/topic/user.u762.group-updates, message=GroupSummaryUpdate(groupId=13, latestMessage=this is a demo msg, latestMessageSender=vegeta, latestMessageAt=2026-06-12T12:41:36.434507)
2026-06-12T12:41:36.847+07:00 DEBUG 11675 --- [chat-app] [ummary-update-3] c.h.c.c.CustomRabbitMQBrokerHandler      : Publishing to RabbitMQ: from instance=instance-dev to exchange=chat.user-updates, routingKey=user.u763.group-updates
2026-06-12T12:41:36.847+07:00 DEBUG 11675 --- [chat-app] [ummary-update-3] c.h.c.s.GroupSummaryUpdatePublisher      : [publishToGroupMembers] Pushed group summary update to user=u763, groupId=13, destination=/topic/user.u763.group-updates, message=GroupSummaryUpdate(groupId=13, latestMessage=this is a demo msg, latestMessageSender=vegeta, latestMessageAt=2026-06-12T12:41:36.434507)
2026-06-12T12:41:36.847+07:00 DEBUG 11675 --- [chat-app] [ummary-update-3] c.h.c.c.CustomRabbitMQBrokerHandler      : Publishing to RabbitMQ: from instance=instance-dev to exchange=chat.user-updates, routingKey=user.u764.group-updates
2026-06-12T12:41:36.847+07:00 DEBUG 11675 --- [chat-app] [ummary-update-3] c.h.c.s.GroupSummaryUpdatePublisher      : [publishToGroupMembers] Pushed group summary update to user=u764, groupId=13, destination=/topic/user.u764.group-updates, message=GroupSummaryUpdate(groupId=13, latestMessage=this is a demo msg, latestMessageSender=vegeta, latestMessageAt=2026-06-12T12:41:36.434507)
2026-06-12T12:41:36.847+07:00 DEBUG 11675 --- [chat-app] [ummary-update-3] c.h.c.c.CustomRabbitMQBrokerHandler      : Publishing to RabbitMQ: from instance=instance-dev to exchange=chat.user-updates, routingKey=user.u765.group-updates
2026-06-12T12:41:36.847+07:00 DEBUG 11675 --- [chat-app] [ummary-update-3] c.h.c.s.GroupSummaryUpdatePublisher      : [publishToGroupMembers] Pushed group summary update to user=u765, groupId=13, destination=/topic/user.u765.group-updates, message=GroupSummaryUpdate(groupId=13, latestMessage=this is a demo msg, latestMessageSender=vegeta, latestMessageAt=2026-06-12T12:41:36.434507)
2026-06-12T12:41:36.848+07:00 DEBUG 11675 --- [chat-app] [ummary-update-3] c.h.c.c.CustomRabbitMQBrokerHandler      : Publishing to RabbitMQ: from instance=instance-dev to exchange=chat.user-updates, routingKey=user.u766.group-updates
2026-06-12T12:41:36.848+07:00 DEBUG 11675 --- [chat-app] [ummary-update-3] c.h.c.s.GroupSummaryUpdatePublisher      : [publishToGroupMembers] Pushed group summary update to user=u766, groupId=13, destination=/topic/user.u766.group-updates, message=GroupSummaryUpdate(groupId=13, latestMessage=this is a demo msg, latestMessageSender=vegeta, latestMessageAt=2026-06-12T12:41:36.434507)
2026-06-12T12:41:36.848+07:00 DEBUG 11675 --- [chat-app] [ummary-update-3] c.h.c.c.CustomRabbitMQBrokerHandler      : Publishing to RabbitMQ: from instance=instance-dev to exchange=chat.user-updates, routingKey=user.u767.group-updates
2026-06-12T12:41:36.848+07:00 DEBUG 11675 --- [chat-app] [ummary-update-3] c.h.c.s.GroupSummaryUpdatePublisher      : [publishToGroupMembers] Pushed group summary update to user=u767, groupId=13, destination=/topic/user.u767.group-updates, message=GroupSummaryUpdate(groupId=13, latestMessage=this is a demo msg, latestMessageSender=vegeta, latestMessageAt=2026-06-12T12:41:36.434507)
2026-06-12T12:41:36.848+07:00 DEBUG 11675 --- [chat-app] [ummary-update-3] c.h.c.c.CustomRabbitMQBrokerHandler      : Publishing to RabbitMQ: from instance=instance-dev to exchange=chat.user-updates, routingKey=user.u768.group-updates
2026-06-12T12:41:36.848+07:00 DEBUG 11675 --- [chat-app] [ummary-update-3] c.h.c.s.GroupSummaryUpdatePublisher      : [publishToGroupMembers] Pushed group summary update to user=u768, groupId=13, destination=/topic/user.u768.group-updates, message=GroupSummaryUpdate(groupId=13, latestMessage=this is a demo msg, latestMessageSender=vegeta, latestMessageAt=2026-06-12T12:41:36.434507)
2026-06-12T12:41:36.848+07:00 DEBUG 11675 --- [chat-app] [ummary-update-3] c.h.c.c.CustomRabbitMQBrokerHandler      : Publishing to RabbitMQ: from instance=instance-dev to exchange=chat.user-updates, routingKey=user.u769.group-updates
2026-06-12T12:41:36.848+07:00 DEBUG 11675 --- [chat-app] [ummary-update-3] c.h.c.s.GroupSummaryUpdatePublisher      : [publishToGroupMembers] Pushed group summary update to user=u769, groupId=13, destination=/topic/user.u769.group-updates, message=GroupSummaryUpdate(groupId=13, latestMessage=this is a demo msg, latestMessageSender=vegeta, latestMessageAt=2026-06-12T12:41:36.434507)
2026-06-12T12:41:36.848+07:00 DEBUG 11675 --- [chat-app] [ummary-update-3] c.h.c.c.CustomRabbitMQBrokerHandler      : Publishing to RabbitMQ: from instance=instance-dev to exchange=chat.user-updates, routingKey=user.u770.group-updates
2026-06-12T12:41:36.848+07:00 DEBUG 11675 --- [chat-app] [ummary-update-3] c.h.c.s.GroupSummaryUpdatePublisher      : [publishToGroupMembers] Pushed group summary update to user=u770, groupId=13, destination=/topic/user.u770.group-updates, message=GroupSummaryUpdate(groupId=13, latestMessage=this is a demo msg, latestMessageSender=vegeta, latestMessageAt=2026-06-12T12:41:36.434507)
2026-06-12T12:41:36.848+07:00 DEBUG 11675 --- [chat-app] [ummary-update-3] c.h.c.c.CustomRabbitMQBrokerHandler      : Publishing to RabbitMQ: from instance=instance-dev to exchange=chat.user-updates, routingKey=user.u771.group-updates
2026-06-12T12:41:36.848+07:00 DEBUG 11675 --- [chat-app] [ummary-update-3] c.h.c.s.GroupSummaryUpdatePublisher      : [publishToGroupMembers] Pushed group summary update to user=u771, groupId=13, destination=/topic/user.u771.group-updates, message=GroupSummaryUpdate(groupId=13, latestMessage=this is a demo msg, latestMessageSender=vegeta, latestMessageAt=2026-06-12T12:41:36.434507)
2026-06-12T12:41:36.849+07:00 DEBUG 11675 --- [chat-app] [ummary-update-3] c.h.c.c.CustomRabbitMQBrokerHandler      : Publishing to RabbitMQ: from instance=instance-dev to exchange=chat.user-updates, routingKey=user.u772.group-updates
2026-06-12T12:41:36.849+07:00 DEBUG 11675 --- [chat-app] [ummary-update-3] c.h.c.s.GroupSummaryUpdatePublisher      : [publishToGroupMembers] Pushed group summary update to user=u772, groupId=13, destination=/topic/user.u772.group-updates, message=GroupSummaryUpdate(groupId=13, latestMessage=this is a demo msg, latestMessageSender=vegeta, latestMessageAt=2026-06-12T12:41:36.434507)
2026-06-12T12:41:36.849+07:00 DEBUG 11675 --- [chat-app] [ummary-update-3] c.h.c.c.CustomRabbitMQBrokerHandler      : Publishing to RabbitMQ: from instance=instance-dev to exchange=chat.user-updates, routingKey=user.u773.group-updates
2026-06-12T12:41:36.849+07:00 DEBUG 11675 --- [chat-app] [ummary-update-3] c.h.c.s.GroupSummaryUpdatePublisher      : [publishToGroupMembers] Pushed group summary update to user=u773, groupId=13, destination=/topic/user.u773.group-updates, message=GroupSummaryUpdate(groupId=13, latestMessage=this is a demo msg, latestMessageSender=vegeta, latestMessageAt=2026-06-12T12:41:36.434507)
2026-06-12T12:41:36.849+07:00 DEBUG 11675 --- [chat-app] [ummary-update-3] c.h.c.c.CustomRabbitMQBrokerHandler      : Publishing to RabbitMQ: from instance=instance-dev to exchange=chat.user-updates, routingKey=user.u774.group-updates
2026-06-12T12:41:36.849+07:00 DEBUG 11675 --- [chat-app] [ummary-update-3] c.h.c.s.GroupSummaryUpdatePublisher      : [publishToGroupMembers] Pushed group summary update to user=u774, groupId=13, destination=/topic/user.u774.group-updates, message=GroupSummaryUpdate(groupId=13, latestMessage=this is a demo msg, latestMessageSender=vegeta, latestMessageAt=2026-06-12T12:41:36.434507)
2026-06-12T12:41:36.849+07:00 DEBUG 11675 --- [chat-app] [ummary-update-3] c.h.c.c.CustomRabbitMQBrokerHandler      : Publishing to RabbitMQ: from instance=instance-dev to exchange=chat.user-updates, routingKey=user.u775.group-updates
2026-06-12T12:41:36.849+07:00 DEBUG 11675 --- [chat-app] [ummary-update-3] c.h.c.s.GroupSummaryUpdatePublisher      : [publishToGroupMembers] Pushed group summary update to user=u775, groupId=13, destination=/topic/user.u775.group-updates, message=GroupSummaryUpdate(groupId=13, latestMessage=this is a demo msg, latestMessageSender=vegeta, latestMessageAt=2026-06-12T12:41:36.434507)
2026-06-12T12:41:36.849+07:00 DEBUG 11675 --- [chat-app] [ummary-update-3] c.h.c.c.CustomRabbitMQBrokerHandler      : Publishing to RabbitMQ: from instance=instance-dev to exchange=chat.user-updates, routingKey=user.u776.group-updates
2026-06-12T12:41:36.849+07:00 DEBUG 11675 --- [chat-app] [ummary-update-3] c.h.c.s.GroupSummaryUpdatePublisher      : [publishToGroupMembers] Pushed group summary update to user=u776, groupId=13, destination=/topic/user.u776.group-updates, message=GroupSummaryUpdate(groupId=13, latestMessage=this is a demo msg, latestMessageSender=vegeta, latestMessageAt=2026-06-12T12:41:36.434507)
2026-06-12T12:41:36.849+07:00 DEBUG 11675 --- [chat-app] [ummary-update-3] c.h.c.c.CustomRabbitMQBrokerHandler      : Publishing to RabbitMQ: from instance=instance-dev to exchange=chat.user-updates, routingKey=user.u777.group-updates
2026-06-12T12:41:36.849+07:00 DEBUG 11675 --- [chat-app] [ummary-update-3] c.h.c.s.GroupSummaryUpdatePublisher      : [publishToGroupMembers] Pushed group summary update to user=u777, groupId=13, destination=/topic/user.u777.group-updates, message=GroupSummaryUpdate(groupId=13, latestMessage=this is a demo msg, latestMessageSender=vegeta, latestMessageAt=2026-06-12T12:41:36.434507)
2026-06-12T12:41:36.849+07:00 DEBUG 11675 --- [chat-app] [ummary-update-3] c.h.c.c.CustomRabbitMQBrokerHandler      : Publishing to RabbitMQ: from instance=instance-dev to exchange=chat.user-updates, routingKey=user.u778.group-updates
2026-06-12T12:41:36.849+07:00 DEBUG 11675 --- [chat-app] [ummary-update-3] c.h.c.s.GroupSummaryUpdatePublisher      : [publishToGroupMembers] Pushed group summary update to user=u778, groupId=13, destination=/topic/user.u778.group-updates, message=GroupSummaryUpdate(groupId=13, latestMessage=this is a demo msg, latestMessageSender=vegeta, latestMessageAt=2026-06-12T12:41:36.434507)
2026-06-12T12:41:36.850+07:00 DEBUG 11675 --- [chat-app] [ummary-update-3] c.h.c.c.CustomRabbitMQBrokerHandler      : Publishing to RabbitMQ: from instance=instance-dev to exchange=chat.user-updates, routingKey=user.u779.group-updates
2026-06-12T12:41:36.850+07:00 DEBUG 11675 --- [chat-app] [ummary-update-3] c.h.c.s.GroupSummaryUpdatePublisher      : [publishToGroupMembers] Pushed group summary update to user=u779, groupId=13, destination=/topic/user.u779.group-updates, message=GroupSummaryUpdate(groupId=13, latestMessage=this is a demo msg, latestMessageSender=vegeta, latestMessageAt=2026-06-12T12:41:36.434507)
2026-06-12T12:41:36.850+07:00 DEBUG 11675 --- [chat-app] [ummary-update-3] c.h.c.c.CustomRabbitMQBrokerHandler      : Publishing to RabbitMQ: from instance=instance-dev to exchange=chat.user-updates, routingKey=user.u780.group-updates
2026-06-12T12:41:36.850+07:00 DEBUG 11675 --- [chat-app] [ummary-update-3] c.h.c.s.GroupSummaryUpdatePublisher      : [publishToGroupMembers] Pushed group summary update to user=u780, groupId=13, destination=/topic/user.u780.group-updates, message=GroupSummaryUpdate(groupId=13, latestMessage=this is a demo msg, latestMessageSender=vegeta, latestMessageAt=2026-06-12T12:41:36.434507)
2026-06-12T12:41:36.850+07:00 DEBUG 11675 --- [chat-app] [ummary-update-3] c.h.c.c.CustomRabbitMQBrokerHandler      : Publishing to RabbitMQ: from instance=instance-dev to exchange=chat.user-updates, routingKey=user.u781.group-updates
2026-06-12T12:41:36.850+07:00 DEBUG 11675 --- [chat-app] [ummary-update-3] c.h.c.s.GroupSummaryUpdatePublisher      : [publishToGroupMembers] Pushed group summary update to user=u781, groupId=13, destination=/topic/user.u781.group-updates, message=GroupSummaryUpdate(groupId=13, latestMessage=this is a demo msg, latestMessageSender=vegeta, latestMessageAt=2026-06-12T12:41:36.434507)
2026-06-12T12:41:36.850+07:00 DEBUG 11675 --- [chat-app] [ummary-update-3] c.h.c.c.CustomRabbitMQBrokerHandler      : Publishing to RabbitMQ: from instance=instance-dev to exchange=chat.user-updates, routingKey=user.u782.group-updates
2026-06-12T12:41:36.850+07:00 DEBUG 11675 --- [chat-app] [ummary-update-3] c.h.c.s.GroupSummaryUpdatePublisher      : [publishToGroupMembers] Pushed group summary update to user=u782, groupId=13, destination=/topic/user.u782.group-updates, message=GroupSummaryUpdate(groupId=13, latestMessage=this is a demo msg, latestMessageSender=vegeta, latestMessageAt=2026-06-12T12:41:36.434507)
2026-06-12T12:41:36.850+07:00 DEBUG 11675 --- [chat-app] [ummary-update-3] c.h.c.c.CustomRabbitMQBrokerHandler      : Publishing to RabbitMQ: from instance=instance-dev to exchange=chat.user-updates, routingKey=user.u783.group-updates
2026-06-12T12:41:36.850+07:00 DEBUG 11675 --- [chat-app] [ummary-update-3] c.h.c.s.GroupSummaryUpdatePublisher      : [publishToGroupMembers] Pushed group summary update to user=u783, groupId=13, destination=/topic/user.u783.group-updates, message=GroupSummaryUpdate(groupId=13, latestMessage=this is a demo msg, latestMessageSender=vegeta, latestMessageAt=2026-06-12T12:41:36.434507)
2026-06-12T12:41:36.850+07:00 DEBUG 11675 --- [chat-app] [ummary-update-3] c.h.c.c.CustomRabbitMQBrokerHandler      : Publishing to RabbitMQ: from instance=instance-dev to exchange=chat.user-updates, routingKey=user.u784.group-updates
2026-06-12T12:41:36.850+07:00 DEBUG 11675 --- [chat-app] [ummary-update-3] c.h.c.s.GroupSummaryUpdatePublisher      : [publishToGroupMembers] Pushed group summary update to user=u784, groupId=13, destination=/topic/user.u784.group-updates, message=GroupSummaryUpdate(groupId=13, latestMessage=this is a demo msg, latestMessageSender=vegeta, latestMessageAt=2026-06-12T12:41:36.434507)
2026-06-12T12:41:36.850+07:00 DEBUG 11675 --- [chat-app] [ummary-update-3] c.h.c.c.CustomRabbitMQBrokerHandler      : Publishing to RabbitMQ: from instance=instance-dev to exchange=chat.user-updates, routingKey=user.u785.group-updates
2026-06-12T12:41:36.850+07:00 DEBUG 11675 --- [chat-app] [ummary-update-3] c.h.c.s.GroupSummaryUpdatePublisher      : [publishToGroupMembers] Pushed group summary update to user=u785, groupId=13, destination=/topic/user.u785.group-updates, message=GroupSummaryUpdate(groupId=13, latestMessage=this is a demo msg, latestMessageSender=vegeta, latestMessageAt=2026-06-12T12:41:36.434507)
2026-06-12T12:41:36.850+07:00 DEBUG 11675 --- [chat-app] [ummary-update-3] c.h.c.c.CustomRabbitMQBrokerHandler      : Publishing to RabbitMQ: from instance=instance-dev to exchange=chat.user-updates, routingKey=user.u786.group-updates
2026-06-12T12:41:36.850+07:00 DEBUG 11675 --- [chat-app] [ummary-update-3] c.h.c.s.GroupSummaryUpdatePublisher      : [publishToGroupMembers] Pushed group summary update to user=u786, groupId=13, destination=/topic/user.u786.group-updates, message=GroupSummaryUpdate(groupId=13, latestMessage=this is a demo msg, latestMessageSender=vegeta, latestMessageAt=2026-06-12T12:41:36.434507)
2026-06-12T12:41:36.850+07:00 DEBUG 11675 --- [chat-app] [ummary-update-3] c.h.c.c.CustomRabbitMQBrokerHandler      : Publishing to RabbitMQ: from instance=instance-dev to exchange=chat.user-updates, routingKey=user.u787.group-updates
2026-06-12T12:41:36.851+07:00 DEBUG 11675 --- [chat-app] [ummary-update-3] c.h.c.s.GroupSummaryUpdatePublisher      : [publishToGroupMembers] Pushed group summary update to user=u787, groupId=13, destination=/topic/user.u787.group-updates, message=GroupSummaryUpdate(groupId=13, latestMessage=this is a demo msg, latestMessageSender=vegeta, latestMessageAt=2026-06-12T12:41:36.434507)
2026-06-12T12:41:36.851+07:00 DEBUG 11675 --- [chat-app] [ummary-update-3] c.h.c.c.CustomRabbitMQBrokerHandler      : Publishing to RabbitMQ: from instance=instance-dev to exchange=chat.user-updates, routingKey=user.u788.group-updates
2026-06-12T12:41:36.851+07:00 DEBUG 11675 --- [chat-app] [ummary-update-3] c.h.c.s.GroupSummaryUpdatePublisher      : [publishToGroupMembers] Pushed group summary update to user=u788, groupId=13, destination=/topic/user.u788.group-updates, message=GroupSummaryUpdate(groupId=13, latestMessage=this is a demo msg, latestMessageSender=vegeta, latestMessageAt=2026-06-12T12:41:36.434507)
2026-06-12T12:41:36.851+07:00 DEBUG 11675 --- [chat-app] [ummary-update-3] c.h.c.c.CustomRabbitMQBrokerHandler      : Publishing to RabbitMQ: from instance=instance-dev to exchange=chat.user-updates, routingKey=user.u789.group-updates
2026-06-12T12:41:36.851+07:00 DEBUG 11675 --- [chat-app] [ummary-update-3] c.h.c.s.GroupSummaryUpdatePublisher      : [publishToGroupMembers] Pushed group summary update to user=u789, groupId=13, destination=/topic/user.u789.group-updates, message=GroupSummaryUpdate(groupId=13, latestMessage=this is a demo msg, latestMessageSender=vegeta, latestMessageAt=2026-06-12T12:41:36.434507)
2026-06-12T12:41:36.851+07:00 DEBUG 11675 --- [chat-app] [ummary-update-3] c.h.c.c.CustomRabbitMQBrokerHandler      : Publishing to RabbitMQ: from instance=instance-dev to exchange=chat.user-updates, routingKey=user.u790.group-updates
2026-06-12T12:41:36.851+07:00 DEBUG 11675 --- [chat-app] [ummary-update-3] c.h.c.s.GroupSummaryUpdatePublisher      : [publishToGroupMembers] Pushed group summary update to user=u790, groupId=13, destination=/topic/user.u790.group-updates, message=GroupSummaryUpdate(groupId=13, latestMessage=this is a demo msg, latestMessageSender=vegeta, latestMessageAt=2026-06-12T12:41:36.434507)
2026-06-12T12:41:36.851+07:00 DEBUG 11675 --- [chat-app] [ummary-update-3] c.h.c.c.CustomRabbitMQBrokerHandler      : Publishing to RabbitMQ: from instance=instance-dev to exchange=chat.user-updates, routingKey=user.u791.group-updates
2026-06-12T12:41:36.851+07:00 DEBUG 11675 --- [chat-app] [ummary-update-3] c.h.c.s.GroupSummaryUpdatePublisher      : [publishToGroupMembers] Pushed group summary update to user=u791, groupId=13, destination=/topic/user.u791.group-updates, message=GroupSummaryUpdate(groupId=13, latestMessage=this is a demo msg, latestMessageSender=vegeta, latestMessageAt=2026-06-12T12:41:36.434507)
2026-06-12T12:41:36.851+07:00 DEBUG 11675 --- [chat-app] [ummary-update-3] c.h.c.c.CustomRabbitMQBrokerHandler      : Publishing to RabbitMQ: from instance=instance-dev to exchange=chat.user-updates, routingKey=user.u792.group-updates
2026-06-12T12:41:36.852+07:00 DEBUG 11675 --- [chat-app] [ummary-update-3] c.h.c.s.GroupSummaryUpdatePublisher      : [publishToGroupMembers] Pushed group summary update to user=u792, groupId=13, destination=/topic/user.u792.group-updates, message=GroupSummaryUpdate(groupId=13, latestMessage=this is a demo msg, latestMessageSender=vegeta, latestMessageAt=2026-06-12T12:41:36.434507)
2026-06-12T12:41:36.852+07:00 DEBUG 11675 --- [chat-app] [ummary-update-3] c.h.c.c.CustomRabbitMQBrokerHandler      : Publishing to RabbitMQ: from instance=instance-dev to exchange=chat.user-updates, routingKey=user.u793.group-updates
2026-06-12T12:41:36.852+07:00 DEBUG 11675 --- [chat-app] [ummary-update-3] c.h.c.s.GroupSummaryUpdatePublisher      : [publishToGroupMembers] Pushed group summary update to user=u793, groupId=13, destination=/topic/user.u793.group-updates, message=GroupSummaryUpdate(groupId=13, latestMessage=this is a demo msg, latestMessageSender=vegeta, latestMessageAt=2026-06-12T12:41:36.434507)
2026-06-12T12:41:36.852+07:00 DEBUG 11675 --- [chat-app] [ummary-update-3] c.h.c.c.CustomRabbitMQBrokerHandler      : Publishing to RabbitMQ: from instance=instance-dev to exchange=chat.user-updates, routingKey=user.u794.group-updates
2026-06-12T12:41:36.852+07:00 DEBUG 11675 --- [chat-app] [ummary-update-3] c.h.c.s.GroupSummaryUpdatePublisher      : [publishToGroupMembers] Pushed group summary update to user=u794, groupId=13, destination=/topic/user.u794.group-updates, message=GroupSummaryUpdate(groupId=13, latestMessage=this is a demo msg, latestMessageSender=vegeta, latestMessageAt=2026-06-12T12:41:36.434507)
2026-06-12T12:41:36.852+07:00 DEBUG 11675 --- [chat-app] [ummary-update-3] c.h.c.c.CustomRabbitMQBrokerHandler      : Publishing to RabbitMQ: from instance=instance-dev to exchange=chat.user-updates, routingKey=user.u795.group-updates
2026-06-12T12:41:36.852+07:00 DEBUG 11675 --- [chat-app] [ummary-update-3] c.h.c.s.GroupSummaryUpdatePublisher      : [publishToGroupMembers] Pushed group summary update to user=u795, groupId=13, destination=/topic/user.u795.group-updates, message=GroupSummaryUpdate(groupId=13, latestMessage=this is a demo msg, latestMessageSender=vegeta, latestMessageAt=2026-06-12T12:41:36.434507)
2026-06-12T12:41:36.852+07:00 DEBUG 11675 --- [chat-app] [ummary-update-3] c.h.c.c.CustomRabbitMQBrokerHandler      : Publishing to RabbitMQ: from instance=instance-dev to exchange=chat.user-updates, routingKey=user.u796.group-updates
2026-06-12T12:41:36.852+07:00 DEBUG 11675 --- [chat-app] [ummary-update-3] c.h.c.s.GroupSummaryUpdatePublisher      : [publishToGroupMembers] Pushed group summary update to user=u796, groupId=13, destination=/topic/user.u796.group-updates, message=GroupSummaryUpdate(groupId=13, latestMessage=this is a demo msg, latestMessageSender=vegeta, latestMessageAt=2026-06-12T12:41:36.434507)
2026-06-12T12:41:36.852+07:00 DEBUG 11675 --- [chat-app] [ummary-update-3] c.h.c.c.CustomRabbitMQBrokerHandler      : Publishing to RabbitMQ: from instance=instance-dev to exchange=chat.user-updates, routingKey=user.u797.group-updates
2026-06-12T12:41:36.852+07:00 DEBUG 11675 --- [chat-app] [ummary-update-3] c.h.c.s.GroupSummaryUpdatePublisher      : [publishToGroupMembers] Pushed group summary update to user=u797, groupId=13, destination=/topic/user.u797.group-updates, message=GroupSummaryUpdate(groupId=13, latestMessage=this is a demo msg, latestMessageSender=vegeta, latestMessageAt=2026-06-12T12:41:36.434507)
2026-06-12T12:41:36.852+07:00 DEBUG 11675 --- [chat-app] [ummary-update-3] c.h.c.c.CustomRabbitMQBrokerHandler      : Publishing to RabbitMQ: from instance=instance-dev to exchange=chat.user-updates, routingKey=user.u798.group-updates
2026-06-12T12:41:36.852+07:00 DEBUG 11675 --- [chat-app] [ummary-update-3] c.h.c.s.GroupSummaryUpdatePublisher      : [publishToGroupMembers] Pushed group summary update to user=u798, groupId=13, destination=/topic/user.u798.group-updates, message=GroupSummaryUpdate(groupId=13, latestMessage=this is a demo msg, latestMessageSender=vegeta, latestMessageAt=2026-06-12T12:41:36.434507)
2026-06-12T12:41:36.853+07:00 DEBUG 11675 --- [chat-app] [ummary-update-3] c.h.c.c.CustomRabbitMQBrokerHandler      : Publishing to RabbitMQ: from instance=instance-dev to exchange=chat.user-updates, routingKey=user.u799.group-updates
2026-06-12T12:41:36.853+07:00 DEBUG 11675 --- [chat-app] [ummary-update-3] c.h.c.s.GroupSummaryUpdatePublisher      : [publishToGroupMembers] Pushed group summary update to user=u799, groupId=13, destination=/topic/user.u799.group-updates, message=GroupSummaryUpdate(groupId=13, latestMessage=this is a demo msg, latestMessageSender=vegeta, latestMessageAt=2026-06-12T12:41:36.434507)
2026-06-12T12:41:36.853+07:00 DEBUG 11675 --- [chat-app] [ummary-update-3] c.h.c.c.CustomRabbitMQBrokerHandler      : Publishing to RabbitMQ: from instance=instance-dev to exchange=chat.user-updates, routingKey=user.u800.group-updates
2026-06-12T12:41:36.853+07:00 DEBUG 11675 --- [chat-app] [ummary-update-3] c.h.c.s.GroupSummaryUpdatePublisher      : [publishToGroupMembers] Pushed group summary update to user=u800, groupId=13, destination=/topic/user.u800.group-updates, message=GroupSummaryUpdate(groupId=13, latestMessage=this is a demo msg, latestMessageSender=vegeta, latestMessageAt=2026-06-12T12:41:36.434507)
2026-06-12T12:41:36.853+07:00 DEBUG 11675 --- [chat-app] [ummary-update-3] c.h.c.c.CustomRabbitMQBrokerHandler      : Publishing to RabbitMQ: from instance=instance-dev to exchange=chat.user-updates, routingKey=user.u801.group-updates
2026-06-12T12:41:36.853+07:00 DEBUG 11675 --- [chat-app] [ummary-update-3] c.h.c.s.GroupSummaryUpdatePublisher      : [publishToGroupMembers] Pushed group summary update to user=u801, groupId=13, destination=/topic/user.u801.group-updates, message=GroupSummaryUpdate(groupId=13, latestMessage=this is a demo msg, latestMessageSender=vegeta, latestMessageAt=2026-06-12T12:41:36.434507)
2026-06-12T12:41:36.853+07:00 DEBUG 11675 --- [chat-app] [ummary-update-3] c.h.c.c.CustomRabbitMQBrokerHandler      : Publishing to RabbitMQ: from instance=instance-dev to exchange=chat.user-updates, routingKey=user.u802.group-updates
2026-06-12T12:41:36.853+07:00 DEBUG 11675 --- [chat-app] [ummary-update-3] c.h.c.s.GroupSummaryUpdatePublisher      : [publishToGroupMembers] Pushed group summary update to user=u802, groupId=13, destination=/topic/user.u802.group-updates, message=GroupSummaryUpdate(groupId=13, latestMessage=this is a demo msg, latestMessageSender=vegeta, latestMessageAt=2026-06-12T12:41:36.434507)
2026-06-12T12:41:36.853+07:00 DEBUG 11675 --- [chat-app] [ummary-update-3] c.h.c.c.CustomRabbitMQBrokerHandler      : Publishing to RabbitMQ: from instance=instance-dev to exchange=chat.user-updates, routingKey=user.u803.group-updates
2026-06-12T12:41:36.853+07:00 DEBUG 11675 --- [chat-app] [ummary-update-3] c.h.c.s.GroupSummaryUpdatePublisher      : [publishToGroupMembers] Pushed group summary update to user=u803, groupId=13, destination=/topic/user.u803.group-updates, message=GroupSummaryUpdate(groupId=13, latestMessage=this is a demo msg, latestMessageSender=vegeta, latestMessageAt=2026-06-12T12:41:36.434507)
2026-06-12T12:41:36.853+07:00 DEBUG 11675 --- [chat-app] [ummary-update-3] c.h.c.c.CustomRabbitMQBrokerHandler      : Publishing to RabbitMQ: from instance=instance-dev to exchange=chat.user-updates, routingKey=user.u804.group-updates
2026-06-12T12:41:36.853+07:00 DEBUG 11675 --- [chat-app] [ummary-update-3] c.h.c.s.GroupSummaryUpdatePublisher      : [publishToGroupMembers] Pushed group summary update to user=u804, groupId=13, destination=/topic/user.u804.group-updates, message=GroupSummaryUpdate(groupId=13, latestMessage=this is a demo msg, latestMessageSender=vegeta, latestMessageAt=2026-06-12T12:41:36.434507)
2026-06-12T12:41:36.853+07:00 DEBUG 11675 --- [chat-app] [ummary-update-3] c.h.c.c.CustomRabbitMQBrokerHandler      : Publishing to RabbitMQ: from instance=instance-dev to exchange=chat.user-updates, routingKey=user.u805.group-updates
2026-06-12T12:41:36.853+07:00 DEBUG 11675 --- [chat-app] [ummary-update-3] c.h.c.s.GroupSummaryUpdatePublisher      : [publishToGroupMembers] Pushed group summary update to user=u805, groupId=13, destination=/topic/user.u805.group-updates, message=GroupSummaryUpdate(groupId=13, latestMessage=this is a demo msg, latestMessageSender=vegeta, latestMessageAt=2026-06-12T12:41:36.434507)
2026-06-12T12:41:36.853+07:00 DEBUG 11675 --- [chat-app] [ummary-update-3] c.h.c.c.CustomRabbitMQBrokerHandler      : Publishing to RabbitMQ: from instance=instance-dev to exchange=chat.user-updates, routingKey=user.u806.group-updates
2026-06-12T12:41:36.853+07:00 DEBUG 11675 --- [chat-app] [ummary-update-3] c.h.c.s.GroupSummaryUpdatePublisher      : [publishToGroupMembers] Pushed group summary update to user=u806, groupId=13, destination=/topic/user.u806.group-updates, message=GroupSummaryUpdate(groupId=13, latestMessage=this is a demo msg, latestMessageSender=vegeta, latestMessageAt=2026-06-12T12:41:36.434507)
2026-06-12T12:41:36.854+07:00 DEBUG 11675 --- [chat-app] [ummary-update-3] c.h.c.c.CustomRabbitMQBrokerHandler      : Publishing to RabbitMQ: from instance=instance-dev to exchange=chat.user-updates, routingKey=user.u807.group-updates
2026-06-12T12:41:36.854+07:00 DEBUG 11675 --- [chat-app] [ummary-update-3] c.h.c.s.GroupSummaryUpdatePublisher      : [publishToGroupMembers] Pushed group summary update to user=u807, groupId=13, destination=/topic/user.u807.group-updates, message=GroupSummaryUpdate(groupId=13, latestMessage=this is a demo msg, latestMessageSender=vegeta, latestMessageAt=2026-06-12T12:41:36.434507)
2026-06-12T12:41:36.854+07:00 DEBUG 11675 --- [chat-app] [ummary-update-3] c.h.c.c.CustomRabbitMQBrokerHandler      : Publishing to RabbitMQ: from instance=instance-dev to exchange=chat.user-updates, routingKey=user.u808.group-updates
2026-06-12T12:41:36.854+07:00 DEBUG 11675 --- [chat-app] [ummary-update-3] c.h.c.s.GroupSummaryUpdatePublisher      : [publishToGroupMembers] Pushed group summary update to user=u808, groupId=13, destination=/topic/user.u808.group-updates, message=GroupSummaryUpdate(groupId=13, latestMessage=this is a demo msg, latestMessageSender=vegeta, latestMessageAt=2026-06-12T12:41:36.434507)
2026-06-12T12:41:36.854+07:00 DEBUG 11675 --- [chat-app] [ummary-update-3] c.h.c.c.CustomRabbitMQBrokerHandler      : Publishing to RabbitMQ: from instance=instance-dev to exchange=chat.user-updates, routingKey=user.u809.group-updates
2026-06-12T12:41:36.854+07:00 DEBUG 11675 --- [chat-app] [ummary-update-3] c.h.c.s.GroupSummaryUpdatePublisher      : [publishToGroupMembers] Pushed group summary update to user=u809, groupId=13, destination=/topic/user.u809.group-updates, message=GroupSummaryUpdate(groupId=13, latestMessage=this is a demo msg, latestMessageSender=vegeta, latestMessageAt=2026-06-12T12:41:36.434507)
2026-06-12T12:41:36.854+07:00 DEBUG 11675 --- [chat-app] [ummary-update-3] c.h.c.c.CustomRabbitMQBrokerHandler      : Publishing to RabbitMQ: from instance=instance-dev to exchange=chat.user-updates, routingKey=user.u810.group-updates
2026-06-12T12:41:36.854+07:00 DEBUG 11675 --- [chat-app] [ummary-update-3] c.h.c.s.GroupSummaryUpdatePublisher      : [publishToGroupMembers] Pushed group summary update to user=u810, groupId=13, destination=/topic/user.u810.group-updates, message=GroupSummaryUpdate(groupId=13, latestMessage=this is a demo msg, latestMessageSender=vegeta, latestMessageAt=2026-06-12T12:41:36.434507)
2026-06-12T12:41:36.855+07:00 DEBUG 11675 --- [chat-app] [ummary-update-3] c.h.c.c.CustomRabbitMQBrokerHandler      : Publishing to RabbitMQ: from instance=instance-dev to exchange=chat.user-updates, routingKey=user.u811.group-updates
2026-06-12T12:41:36.855+07:00 DEBUG 11675 --- [chat-app] [ummary-update-3] c.h.c.s.GroupSummaryUpdatePublisher      : [publishToGroupMembers] Pushed group summary update to user=u811, groupId=13, destination=/topic/user.u811.group-updates, message=GroupSummaryUpdate(groupId=13, latestMessage=this is a demo msg, latestMessageSender=vegeta, latestMessageAt=2026-06-12T12:41:36.434507)
2026-06-12T12:41:36.855+07:00 DEBUG 11675 --- [chat-app] [ummary-update-3] c.h.c.c.CustomRabbitMQBrokerHandler      : Publishing to RabbitMQ: from instance=instance-dev to exchange=chat.user-updates, routingKey=user.u812.group-updates
2026-06-12T12:41:36.855+07:00 DEBUG 11675 --- [chat-app] [ummary-update-3] c.h.c.s.GroupSummaryUpdatePublisher      : [publishToGroupMembers] Pushed group summary update to user=u812, groupId=13, destination=/topic/user.u812.group-updates, message=GroupSummaryUpdate(groupId=13, latestMessage=this is a demo msg, latestMessageSender=vegeta, latestMessageAt=2026-06-12T12:41:36.434507)
2026-06-12T12:41:36.855+07:00 DEBUG 11675 --- [chat-app] [ummary-update-3] c.h.c.c.CustomRabbitMQBrokerHandler      : Publishing to RabbitMQ: from instance=instance-dev to exchange=chat.user-updates, routingKey=user.u813.group-updates
2026-06-12T12:41:36.855+07:00 DEBUG 11675 --- [chat-app] [ummary-update-3] c.h.c.s.GroupSummaryUpdatePublisher      : [publishToGroupMembers] Pushed group summary update to user=u813, groupId=13, destination=/topic/user.u813.group-updates, message=GroupSummaryUpdate(groupId=13, latestMessage=this is a demo msg, latestMessageSender=vegeta, latestMessageAt=2026-06-12T12:41:36.434507)
2026-06-12T12:41:36.855+07:00 DEBUG 11675 --- [chat-app] [ummary-update-3] c.h.c.c.CustomRabbitMQBrokerHandler      : Publishing to RabbitMQ: from instance=instance-dev to exchange=chat.user-updates, routingKey=user.u814.group-updates
2026-06-12T12:41:36.855+07:00 DEBUG 11675 --- [chat-app] [ummary-update-3] c.h.c.s.GroupSummaryUpdatePublisher      : [publishToGroupMembers] Pushed group summary update to user=u814, groupId=13, destination=/topic/user.u814.group-updates, message=GroupSummaryUpdate(groupId=13, latestMessage=this is a demo msg, latestMessageSender=vegeta, latestMessageAt=2026-06-12T12:41:36.434507)
2026-06-12T12:41:36.856+07:00 DEBUG 11675 --- [chat-app] [ummary-update-3] c.h.c.c.CustomRabbitMQBrokerHandler      : Publishing to RabbitMQ: from instance=instance-dev to exchange=chat.user-updates, routingKey=user.u815.group-updates
2026-06-12T12:41:36.856+07:00 DEBUG 11675 --- [chat-app] [ummary-update-3] c.h.c.s.GroupSummaryUpdatePublisher      : [publishToGroupMembers] Pushed group summary update to user=u815, groupId=13, destination=/topic/user.u815.group-updates, message=GroupSummaryUpdate(groupId=13, latestMessage=this is a demo msg, latestMessageSender=vegeta, latestMessageAt=2026-06-12T12:41:36.434507)
2026-06-12T12:41:36.856+07:00 DEBUG 11675 --- [chat-app] [ummary-update-3] c.h.c.c.CustomRabbitMQBrokerHandler      : Publishing to RabbitMQ: from instance=instance-dev to exchange=chat.user-updates, routingKey=user.u816.group-updates
2026-06-12T12:41:36.856+07:00 DEBUG 11675 --- [chat-app] [ummary-update-3] c.h.c.s.GroupSummaryUpdatePublisher      : [publishToGroupMembers] Pushed group summary update to user=u816, groupId=13, destination=/topic/user.u816.group-updates, message=GroupSummaryUpdate(groupId=13, latestMessage=this is a demo msg, latestMessageSender=vegeta, latestMessageAt=2026-06-12T12:41:36.434507)
2026-06-12T12:41:36.856+07:00 DEBUG 11675 --- [chat-app] [ummary-update-3] c.h.c.c.CustomRabbitMQBrokerHandler      : Publishing to RabbitMQ: from instance=instance-dev to exchange=chat.user-updates, routingKey=user.u817.group-updates
2026-06-12T12:41:36.856+07:00 DEBUG 11675 --- [chat-app] [ummary-update-3] c.h.c.s.GroupSummaryUpdatePublisher      : [publishToGroupMembers] Pushed group summary update to user=u817, groupId=13, destination=/topic/user.u817.group-updates, message=GroupSummaryUpdate(groupId=13, latestMessage=this is a demo msg, latestMessageSender=vegeta, latestMessageAt=2026-06-12T12:41:36.434507)
2026-06-12T12:41:36.856+07:00 DEBUG 11675 --- [chat-app] [ummary-update-3] c.h.c.c.CustomRabbitMQBrokerHandler      : Publishing to RabbitMQ: from instance=instance-dev to exchange=chat.user-updates, routingKey=user.u818.group-updates
2026-06-12T12:41:36.856+07:00 DEBUG 11675 --- [chat-app] [ummary-update-3] c.h.c.s.GroupSummaryUpdatePublisher      : [publishToGroupMembers] Pushed group summary update to user=u818, groupId=13, destination=/topic/user.u818.group-updates, message=GroupSummaryUpdate(groupId=13, latestMessage=this is a demo msg, latestMessageSender=vegeta, latestMessageAt=2026-06-12T12:41:36.434507)
2026-06-12T12:41:36.856+07:00 DEBUG 11675 --- [chat-app] [ummary-update-3] c.h.c.c.CustomRabbitMQBrokerHandler      : Publishing to RabbitMQ: from instance=instance-dev to exchange=chat.user-updates, routingKey=user.u819.group-updates
2026-06-12T12:41:36.856+07:00 DEBUG 11675 --- [chat-app] [ummary-update-3] c.h.c.s.GroupSummaryUpdatePublisher      : [publishToGroupMembers] Pushed group summary update to user=u819, groupId=13, destination=/topic/user.u819.group-updates, message=GroupSummaryUpdate(groupId=13, latestMessage=this is a demo msg, latestMessageSender=vegeta, latestMessageAt=2026-06-12T12:41:36.434507)
2026-06-12T12:41:36.856+07:00 DEBUG 11675 --- [chat-app] [ummary-update-3] c.h.c.c.CustomRabbitMQBrokerHandler      : Publishing to RabbitMQ: from instance=instance-dev to exchange=chat.user-updates, routingKey=user.u820.group-updates
2026-06-12T12:41:36.856+07:00 DEBUG 11675 --- [chat-app] [ummary-update-3] c.h.c.s.GroupSummaryUpdatePublisher      : [publishToGroupMembers] Pushed group summary update to user=u820, groupId=13, destination=/topic/user.u820.group-updates, message=GroupSummaryUpdate(groupId=13, latestMessage=this is a demo msg, latestMessageSender=vegeta, latestMessageAt=2026-06-12T12:41:36.434507)
2026-06-12T12:41:36.856+07:00 DEBUG 11675 --- [chat-app] [ummary-update-3] c.h.c.c.CustomRabbitMQBrokerHandler      : Publishing to RabbitMQ: from instance=instance-dev to exchange=chat.user-updates, routingKey=user.u821.group-updates
2026-06-12T12:41:36.856+07:00 DEBUG 11675 --- [chat-app] [ummary-update-3] c.h.c.s.GroupSummaryUpdatePublisher      : [publishToGroupMembers] Pushed group summary update to user=u821, groupId=13, destination=/topic/user.u821.group-updates, message=GroupSummaryUpdate(groupId=13, latestMessage=this is a demo msg, latestMessageSender=vegeta, latestMessageAt=2026-06-12T12:41:36.434507)
2026-06-12T12:41:36.856+07:00 DEBUG 11675 --- [chat-app] [ummary-update-3] c.h.c.c.CustomRabbitMQBrokerHandler      : Publishing to RabbitMQ: from instance=instance-dev to exchange=chat.user-updates, routingKey=user.u822.group-updates
2026-06-12T12:41:36.856+07:00 DEBUG 11675 --- [chat-app] [ummary-update-3] c.h.c.s.GroupSummaryUpdatePublisher      : [publishToGroupMembers] Pushed group summary update to user=u822, groupId=13, destination=/topic/user.u822.group-updates, message=GroupSummaryUpdate(groupId=13, latestMessage=this is a demo msg, latestMessageSender=vegeta, latestMessageAt=2026-06-12T12:41:36.434507)
2026-06-12T12:41:36.856+07:00 DEBUG 11675 --- [chat-app] [ummary-update-3] c.h.c.c.CustomRabbitMQBrokerHandler      : Publishing to RabbitMQ: from instance=instance-dev to exchange=chat.user-updates, routingKey=user.u823.group-updates
2026-06-12T12:41:36.856+07:00 DEBUG 11675 --- [chat-app] [ummary-update-3] c.h.c.s.GroupSummaryUpdatePublisher      : [publishToGroupMembers] Pushed group summary update to user=u823, groupId=13, destination=/topic/user.u823.group-updates, message=GroupSummaryUpdate(groupId=13, latestMessage=this is a demo msg, latestMessageSender=vegeta, latestMessageAt=2026-06-12T12:41:36.434507)
2026-06-12T12:41:36.857+07:00 DEBUG 11675 --- [chat-app] [ummary-update-3] c.h.c.c.CustomRabbitMQBrokerHandler      : Publishing to RabbitMQ: from instance=instance-dev to exchange=chat.user-updates, routingKey=user.u824.group-updates
2026-06-12T12:41:36.857+07:00 DEBUG 11675 --- [chat-app] [ummary-update-3] c.h.c.s.GroupSummaryUpdatePublisher      : [publishToGroupMembers] Pushed group summary update to user=u824, groupId=13, destination=/topic/user.u824.group-updates, message=GroupSummaryUpdate(groupId=13, latestMessage=this is a demo msg, latestMessageSender=vegeta, latestMessageAt=2026-06-12T12:41:36.434507)
2026-06-12T12:41:36.857+07:00 DEBUG 11675 --- [chat-app] [ummary-update-3] c.h.c.c.CustomRabbitMQBrokerHandler      : Publishing to RabbitMQ: from instance=instance-dev to exchange=chat.user-updates, routingKey=user.u825.group-updates
2026-06-12T12:41:36.857+07:00 DEBUG 11675 --- [chat-app] [ummary-update-3] c.h.c.s.GroupSummaryUpdatePublisher      : [publishToGroupMembers] Pushed group summary update to user=u825, groupId=13, destination=/topic/user.u825.group-updates, message=GroupSummaryUpdate(groupId=13, latestMessage=this is a demo msg, latestMessageSender=vegeta, latestMessageAt=2026-06-12T12:41:36.434507)
2026-06-12T12:41:36.857+07:00 DEBUG 11675 --- [chat-app] [ummary-update-3] c.h.c.c.CustomRabbitMQBrokerHandler      : Publishing to RabbitMQ: from instance=instance-dev to exchange=chat.user-updates, routingKey=user.u826.group-updates
2026-06-12T12:41:36.857+07:00 DEBUG 11675 --- [chat-app] [ummary-update-3] c.h.c.s.GroupSummaryUpdatePublisher      : [publishToGroupMembers] Pushed group summary update to user=u826, groupId=13, destination=/topic/user.u826.group-updates, message=GroupSummaryUpdate(groupId=13, latestMessage=this is a demo msg, latestMessageSender=vegeta, latestMessageAt=2026-06-12T12:41:36.434507)
2026-06-12T12:41:36.857+07:00 DEBUG 11675 --- [chat-app] [ummary-update-3] c.h.c.c.CustomRabbitMQBrokerHandler      : Publishing to RabbitMQ: from instance=instance-dev to exchange=chat.user-updates, routingKey=user.u827.group-updates
2026-06-12T12:41:36.857+07:00 DEBUG 11675 --- [chat-app] [ummary-update-3] c.h.c.s.GroupSummaryUpdatePublisher      : [publishToGroupMembers] Pushed group summary update to user=u827, groupId=13, destination=/topic/user.u827.group-updates, message=GroupSummaryUpdate(groupId=13, latestMessage=this is a demo msg, latestMessageSender=vegeta, latestMessageAt=2026-06-12T12:41:36.434507)
2026-06-12T12:41:36.857+07:00 DEBUG 11675 --- [chat-app] [ummary-update-3] c.h.c.c.CustomRabbitMQBrokerHandler      : Publishing to RabbitMQ: from instance=instance-dev to exchange=chat.user-updates, routingKey=user.u828.group-updates
2026-06-12T12:41:36.857+07:00 DEBUG 11675 --- [chat-app] [ummary-update-3] c.h.c.s.GroupSummaryUpdatePublisher      : [publishToGroupMembers] Pushed group summary update to user=u828, groupId=13, destination=/topic/user.u828.group-updates, message=GroupSummaryUpdate(groupId=13, latestMessage=this is a demo msg, latestMessageSender=vegeta, latestMessageAt=2026-06-12T12:41:36.434507)
2026-06-12T12:41:36.857+07:00 DEBUG 11675 --- [chat-app] [ummary-update-3] c.h.c.c.CustomRabbitMQBrokerHandler      : Publishing to RabbitMQ: from instance=instance-dev to exchange=chat.user-updates, routingKey=user.u829.group-updates
2026-06-12T12:41:36.857+07:00 DEBUG 11675 --- [chat-app] [ummary-update-3] c.h.c.s.GroupSummaryUpdatePublisher      : [publishToGroupMembers] Pushed group summary update to user=u829, groupId=13, destination=/topic/user.u829.group-updates, message=GroupSummaryUpdate(groupId=13, latestMessage=this is a demo msg, latestMessageSender=vegeta, latestMessageAt=2026-06-12T12:41:36.434507)
2026-06-12T12:41:36.857+07:00 DEBUG 11675 --- [chat-app] [ummary-update-3] c.h.c.c.CustomRabbitMQBrokerHandler      : Publishing to RabbitMQ: from instance=instance-dev to exchange=chat.user-updates, routingKey=user.u830.group-updates
2026-06-12T12:41:36.857+07:00 DEBUG 11675 --- [chat-app] [ummary-update-3] c.h.c.s.GroupSummaryUpdatePublisher      : [publishToGroupMembers] Pushed group summary update to user=u830, groupId=13, destination=/topic/user.u830.group-updates, message=GroupSummaryUpdate(groupId=13, latestMessage=this is a demo msg, latestMessageSender=vegeta, latestMessageAt=2026-06-12T12:41:36.434507)
2026-06-12T12:41:36.857+07:00 DEBUG 11675 --- [chat-app] [ummary-update-3] c.h.c.c.CustomRabbitMQBrokerHandler      : Publishing to RabbitMQ: from instance=instance-dev to exchange=chat.user-updates, routingKey=user.u831.group-updates
2026-06-12T12:41:36.858+07:00 DEBUG 11675 --- [chat-app] [ummary-update-3] c.h.c.s.GroupSummaryUpdatePublisher      : [publishToGroupMembers] Pushed group summary update to user=u831, groupId=13, destination=/topic/user.u831.group-updates, message=GroupSummaryUpdate(groupId=13, latestMessage=this is a demo msg, latestMessageSender=vegeta, latestMessageAt=2026-06-12T12:41:36.434507)
2026-06-12T12:41:36.858+07:00 DEBUG 11675 --- [chat-app] [ummary-update-3] c.h.c.c.CustomRabbitMQBrokerHandler      : Publishing to RabbitMQ: from instance=instance-dev to exchange=chat.user-updates, routingKey=user.u832.group-updates
2026-06-12T12:41:36.858+07:00 DEBUG 11675 --- [chat-app] [ummary-update-3] c.h.c.s.GroupSummaryUpdatePublisher      : [publishToGroupMembers] Pushed group summary update to user=u832, groupId=13, destination=/topic/user.u832.group-updates, message=GroupSummaryUpdate(groupId=13, latestMessage=this is a demo msg, latestMessageSender=vegeta, latestMessageAt=2026-06-12T12:41:36.434507)
2026-06-12T12:41:36.858+07:00 DEBUG 11675 --- [chat-app] [ummary-update-3] c.h.c.c.CustomRabbitMQBrokerHandler      : Publishing to RabbitMQ: from instance=instance-dev to exchange=chat.user-updates, routingKey=user.u833.group-updates
2026-06-12T12:41:36.858+07:00 DEBUG 11675 --- [chat-app] [ummary-update-3] c.h.c.s.GroupSummaryUpdatePublisher      : [publishToGroupMembers] Pushed group summary update to user=u833, groupId=13, destination=/topic/user.u833.group-updates, message=GroupSummaryUpdate(groupId=13, latestMessage=this is a demo msg, latestMessageSender=vegeta, latestMessageAt=2026-06-12T12:41:36.434507)
2026-06-12T12:41:36.858+07:00 DEBUG 11675 --- [chat-app] [ummary-update-3] c.h.c.c.CustomRabbitMQBrokerHandler      : Publishing to RabbitMQ: from instance=instance-dev to exchange=chat.user-updates, routingKey=user.u834.group-updates
2026-06-12T12:41:36.858+07:00 DEBUG 11675 --- [chat-app] [ummary-update-3] c.h.c.s.GroupSummaryUpdatePublisher      : [publishToGroupMembers] Pushed group summary update to user=u834, groupId=13, destination=/topic/user.u834.group-updates, message=GroupSummaryUpdate(groupId=13, latestMessage=this is a demo msg, latestMessageSender=vegeta, latestMessageAt=2026-06-12T12:41:36.434507)
2026-06-12T12:41:36.858+07:00 DEBUG 11675 --- [chat-app] [ummary-update-3] c.h.c.c.CustomRabbitMQBrokerHandler      : Publishing to RabbitMQ: from instance=instance-dev to exchange=chat.user-updates, routingKey=user.u835.group-updates
2026-06-12T12:41:36.858+07:00 DEBUG 11675 --- [chat-app] [ummary-update-3] c.h.c.s.GroupSummaryUpdatePublisher      : [publishToGroupMembers] Pushed group summary update to user=u835, groupId=13, destination=/topic/user.u835.group-updates, message=GroupSummaryUpdate(groupId=13, latestMessage=this is a demo msg, latestMessageSender=vegeta, latestMessageAt=2026-06-12T12:41:36.434507)
2026-06-12T12:41:36.858+07:00 DEBUG 11675 --- [chat-app] [ummary-update-3] c.h.c.c.CustomRabbitMQBrokerHandler      : Publishing to RabbitMQ: from instance=instance-dev to exchange=chat.user-updates, routingKey=user.u836.group-updates
2026-06-12T12:41:36.859+07:00 DEBUG 11675 --- [chat-app] [ummary-update-3] c.h.c.s.GroupSummaryUpdatePublisher      : [publishToGroupMembers] Pushed group summary update to user=u836, groupId=13, destination=/topic/user.u836.group-updates, message=GroupSummaryUpdate(groupId=13, latestMessage=this is a demo msg, latestMessageSender=vegeta, latestMessageAt=2026-06-12T12:41:36.434507)
2026-06-12T12:41:36.859+07:00 DEBUG 11675 --- [chat-app] [ummary-update-3] c.h.c.c.CustomRabbitMQBrokerHandler      : Publishing to RabbitMQ: from instance=instance-dev to exchange=chat.user-updates, routingKey=user.u837.group-updates
2026-06-12T12:41:36.859+07:00 DEBUG 11675 --- [chat-app] [ummary-update-3] c.h.c.s.GroupSummaryUpdatePublisher      : [publishToGroupMembers] Pushed group summary update to user=u837, groupId=13, destination=/topic/user.u837.group-updates, message=GroupSummaryUpdate(groupId=13, latestMessage=this is a demo msg, latestMessageSender=vegeta, latestMessageAt=2026-06-12T12:41:36.434507)
2026-06-12T12:41:36.859+07:00 DEBUG 11675 --- [chat-app] [ummary-update-3] c.h.c.c.CustomRabbitMQBrokerHandler      : Publishing to RabbitMQ: from instance=instance-dev to exchange=chat.user-updates, routingKey=user.u838.group-updates
2026-06-12T12:41:36.859+07:00 DEBUG 11675 --- [chat-app] [ummary-update-3] c.h.c.s.GroupSummaryUpdatePublisher      : [publishToGroupMembers] Pushed group summary update to user=u838, groupId=13, destination=/topic/user.u838.group-updates, message=GroupSummaryUpdate(groupId=13, latestMessage=this is a demo msg, latestMessageSender=vegeta, latestMessageAt=2026-06-12T12:41:36.434507)
2026-06-12T12:41:36.859+07:00 DEBUG 11675 --- [chat-app] [ummary-update-3] c.h.c.c.CustomRabbitMQBrokerHandler      : Publishing to RabbitMQ: from instance=instance-dev to exchange=chat.user-updates, routingKey=user.u839.group-updates
2026-06-12T12:41:36.859+07:00 DEBUG 11675 --- [chat-app] [ummary-update-3] c.h.c.s.GroupSummaryUpdatePublisher      : [publishToGroupMembers] Pushed group summary update to user=u839, groupId=13, destination=/topic/user.u839.group-updates, message=GroupSummaryUpdate(groupId=13, latestMessage=this is a demo msg, latestMessageSender=vegeta, latestMessageAt=2026-06-12T12:41:36.434507)
2026-06-12T12:41:36.859+07:00 DEBUG 11675 --- [chat-app] [ummary-update-3] c.h.c.c.CustomRabbitMQBrokerHandler      : Publishing to RabbitMQ: from instance=instance-dev to exchange=chat.user-updates, routingKey=user.u840.group-updates
2026-06-12T12:41:36.859+07:00 DEBUG 11675 --- [chat-app] [ummary-update-3] c.h.c.s.GroupSummaryUpdatePublisher      : [publishToGroupMembers] Pushed group summary update to user=u840, groupId=13, destination=/topic/user.u840.group-updates, message=GroupSummaryUpdate(groupId=13, latestMessage=this is a demo msg, latestMessageSender=vegeta, latestMessageAt=2026-06-12T12:41:36.434507)
2026-06-12T12:41:36.859+07:00 DEBUG 11675 --- [chat-app] [ummary-update-3] c.h.c.c.CustomRabbitMQBrokerHandler      : Publishing to RabbitMQ: from instance=instance-dev to exchange=chat.user-updates, routingKey=user.u841.group-updates
2026-06-12T12:41:36.860+07:00 DEBUG 11675 --- [chat-app] [ummary-update-3] c.h.c.s.GroupSummaryUpdatePublisher      : [publishToGroupMembers] Pushed group summary update to user=u841, groupId=13, destination=/topic/user.u841.group-updates, message=GroupSummaryUpdate(groupId=13, latestMessage=this is a demo msg, latestMessageSender=vegeta, latestMessageAt=2026-06-12T12:41:36.434507)
2026-06-12T12:41:36.860+07:00 DEBUG 11675 --- [chat-app] [ummary-update-3] c.h.c.c.CustomRabbitMQBrokerHandler      : Publishing to RabbitMQ: from instance=instance-dev to exchange=chat.user-updates, routingKey=user.u842.group-updates
2026-06-12T12:41:36.860+07:00 DEBUG 11675 --- [chat-app] [ummary-update-3] c.h.c.s.GroupSummaryUpdatePublisher      : [publishToGroupMembers] Pushed group summary update to user=u842, groupId=13, destination=/topic/user.u842.group-updates, message=GroupSummaryUpdate(groupId=13, latestMessage=this is a demo msg, latestMessageSender=vegeta, latestMessageAt=2026-06-12T12:41:36.434507)
2026-06-12T12:41:36.860+07:00 DEBUG 11675 --- [chat-app] [ummary-update-3] c.h.c.c.CustomRabbitMQBrokerHandler      : Publishing to RabbitMQ: from instance=instance-dev to exchange=chat.user-updates, routingKey=user.u843.group-updates
2026-06-12T12:41:36.860+07:00 DEBUG 11675 --- [chat-app] [ummary-update-3] c.h.c.s.GroupSummaryUpdatePublisher      : [publishToGroupMembers] Pushed group summary update to user=u843, groupId=13, destination=/topic/user.u843.group-updates, message=GroupSummaryUpdate(groupId=13, latestMessage=this is a demo msg, latestMessageSender=vegeta, latestMessageAt=2026-06-12T12:41:36.434507)
2026-06-12T12:41:36.860+07:00 DEBUG 11675 --- [chat-app] [ummary-update-3] c.h.c.c.CustomRabbitMQBrokerHandler      : Publishing to RabbitMQ: from instance=instance-dev to exchange=chat.user-updates, routingKey=user.u844.group-updates
2026-06-12T12:41:36.860+07:00 DEBUG 11675 --- [chat-app] [ummary-update-3] c.h.c.s.GroupSummaryUpdatePublisher      : [publishToGroupMembers] Pushed group summary update to user=u844, groupId=13, destination=/topic/user.u844.group-updates, message=GroupSummaryUpdate(groupId=13, latestMessage=this is a demo msg, latestMessageSender=vegeta, latestMessageAt=2026-06-12T12:41:36.434507)
2026-06-12T12:41:36.860+07:00 DEBUG 11675 --- [chat-app] [ummary-update-3] c.h.c.c.CustomRabbitMQBrokerHandler      : Publishing to RabbitMQ: from instance=instance-dev to exchange=chat.user-updates, routingKey=user.u845.group-updates
2026-06-12T12:41:36.860+07:00 DEBUG 11675 --- [chat-app] [ummary-update-3] c.h.c.s.GroupSummaryUpdatePublisher      : [publishToGroupMembers] Pushed group summary update to user=u845, groupId=13, destination=/topic/user.u845.group-updates, message=GroupSummaryUpdate(groupId=13, latestMessage=this is a demo msg, latestMessageSender=vegeta, latestMessageAt=2026-06-12T12:41:36.434507)
2026-06-12T12:41:36.860+07:00 DEBUG 11675 --- [chat-app] [ummary-update-3] c.h.c.c.CustomRabbitMQBrokerHandler      : Publishing to RabbitMQ: from instance=instance-dev to exchange=chat.user-updates, routingKey=user.u846.group-updates
2026-06-12T12:41:36.860+07:00 DEBUG 11675 --- [chat-app] [ummary-update-3] c.h.c.s.GroupSummaryUpdatePublisher      : [publishToGroupMembers] Pushed group summary update to user=u846, groupId=13, destination=/topic/user.u846.group-updates, message=GroupSummaryUpdate(groupId=13, latestMessage=this is a demo msg, latestMessageSender=vegeta, latestMessageAt=2026-06-12T12:41:36.434507)
2026-06-12T12:41:36.860+07:00 DEBUG 11675 --- [chat-app] [ummary-update-3] c.h.c.c.CustomRabbitMQBrokerHandler      : Publishing to RabbitMQ: from instance=instance-dev to exchange=chat.user-updates, routingKey=user.u847.group-updates
2026-06-12T12:41:36.860+07:00 DEBUG 11675 --- [chat-app] [ummary-update-3] c.h.c.s.GroupSummaryUpdatePublisher      : [publishToGroupMembers] Pushed group summary update to user=u847, groupId=13, destination=/topic/user.u847.group-updates, message=GroupSummaryUpdate(groupId=13, latestMessage=this is a demo msg, latestMessageSender=vegeta, latestMessageAt=2026-06-12T12:41:36.434507)
2026-06-12T12:41:36.861+07:00 DEBUG 11675 --- [chat-app] [ummary-update-3] c.h.c.c.CustomRabbitMQBrokerHandler      : Publishing to RabbitMQ: from instance=instance-dev to exchange=chat.user-updates, routingKey=user.u848.group-updates
2026-06-12T12:41:36.861+07:00 DEBUG 11675 --- [chat-app] [ummary-update-3] c.h.c.s.GroupSummaryUpdatePublisher      : [publishToGroupMembers] Pushed group summary update to user=u848, groupId=13, destination=/topic/user.u848.group-updates, message=GroupSummaryUpdate(groupId=13, latestMessage=this is a demo msg, latestMessageSender=vegeta, latestMessageAt=2026-06-12T12:41:36.434507)
2026-06-12T12:41:36.861+07:00 DEBUG 11675 --- [chat-app] [ummary-update-3] c.h.c.c.CustomRabbitMQBrokerHandler      : Publishing to RabbitMQ: from instance=instance-dev to exchange=chat.user-updates, routingKey=user.u849.group-updates
2026-06-12T12:41:36.861+07:00 DEBUG 11675 --- [chat-app] [ummary-update-3] c.h.c.s.GroupSummaryUpdatePublisher      : [publishToGroupMembers] Pushed group summary update to user=u849, groupId=13, destination=/topic/user.u849.group-updates, message=GroupSummaryUpdate(groupId=13, latestMessage=this is a demo msg, latestMessageSender=vegeta, latestMessageAt=2026-06-12T12:41:36.434507)
2026-06-12T12:41:36.861+07:00 DEBUG 11675 --- [chat-app] [ummary-update-3] c.h.c.c.CustomRabbitMQBrokerHandler      : Publishing to RabbitMQ: from instance=instance-dev to exchange=chat.user-updates, routingKey=user.u850.group-updates
2026-06-12T12:41:36.861+07:00 DEBUG 11675 --- [chat-app] [ummary-update-3] c.h.c.s.GroupSummaryUpdatePublisher      : [publishToGroupMembers] Pushed group summary update to user=u850, groupId=13, destination=/topic/user.u850.group-updates, message=GroupSummaryUpdate(groupId=13, latestMessage=this is a demo msg, latestMessageSender=vegeta, latestMessageAt=2026-06-12T12:41:36.434507)
2026-06-12T12:41:36.861+07:00 DEBUG 11675 --- [chat-app] [ummary-update-3] c.h.c.c.CustomRabbitMQBrokerHandler      : Publishing to RabbitMQ: from instance=instance-dev to exchange=chat.user-updates, routingKey=user.u851.group-updates
2026-06-12T12:41:36.862+07:00 DEBUG 11675 --- [chat-app] [ummary-update-3] c.h.c.s.GroupSummaryUpdatePublisher      : [publishToGroupMembers] Pushed group summary update to user=u851, groupId=13, destination=/topic/user.u851.group-updates, message=GroupSummaryUpdate(groupId=13, latestMessage=this is a demo msg, latestMessageSender=vegeta, latestMessageAt=2026-06-12T12:41:36.434507)
2026-06-12T12:41:36.862+07:00 DEBUG 11675 --- [chat-app] [ummary-update-3] c.h.c.c.CustomRabbitMQBrokerHandler      : Publishing to RabbitMQ: from instance=instance-dev to exchange=chat.user-updates, routingKey=user.u852.group-updates
2026-06-12T12:41:36.862+07:00 DEBUG 11675 --- [chat-app] [ummary-update-3] c.h.c.s.GroupSummaryUpdatePublisher      : [publishToGroupMembers] Pushed group summary update to user=u852, groupId=13, destination=/topic/user.u852.group-updates, message=GroupSummaryUpdate(groupId=13, latestMessage=this is a demo msg, latestMessageSender=vegeta, latestMessageAt=2026-06-12T12:41:36.434507)
2026-06-12T12:41:36.862+07:00 DEBUG 11675 --- [chat-app] [ummary-update-3] c.h.c.c.CustomRabbitMQBrokerHandler      : Publishing to RabbitMQ: from instance=instance-dev to exchange=chat.user-updates, routingKey=user.u853.group-updates
2026-06-12T12:41:36.862+07:00 DEBUG 11675 --- [chat-app] [ummary-update-3] c.h.c.s.GroupSummaryUpdatePublisher      : [publishToGroupMembers] Pushed group summary update to user=u853, groupId=13, destination=/topic/user.u853.group-updates, message=GroupSummaryUpdate(groupId=13, latestMessage=this is a demo msg, latestMessageSender=vegeta, latestMessageAt=2026-06-12T12:41:36.434507)
2026-06-12T12:41:36.862+07:00 DEBUG 11675 --- [chat-app] [ummary-update-3] c.h.c.c.CustomRabbitMQBrokerHandler      : Publishing to RabbitMQ: from instance=instance-dev to exchange=chat.user-updates, routingKey=user.u854.group-updates
2026-06-12T12:41:36.862+07:00 DEBUG 11675 --- [chat-app] [ummary-update-3] c.h.c.s.GroupSummaryUpdatePublisher      : [publishToGroupMembers] Pushed group summary update to user=u854, groupId=13, destination=/topic/user.u854.group-updates, message=GroupSummaryUpdate(groupId=13, latestMessage=this is a demo msg, latestMessageSender=vegeta, latestMessageAt=2026-06-12T12:41:36.434507)
2026-06-12T12:41:36.862+07:00 DEBUG 11675 --- [chat-app] [ummary-update-3] c.h.c.c.CustomRabbitMQBrokerHandler      : Publishing to RabbitMQ: from instance=instance-dev to exchange=chat.user-updates, routingKey=user.u855.group-updates
2026-06-12T12:41:36.862+07:00 DEBUG 11675 --- [chat-app] [ummary-update-3] c.h.c.s.GroupSummaryUpdatePublisher      : [publishToGroupMembers] Pushed group summary update to user=u855, groupId=13, destination=/topic/user.u855.group-updates, message=GroupSummaryUpdate(groupId=13, latestMessage=this is a demo msg, latestMessageSender=vegeta, latestMessageAt=2026-06-12T12:41:36.434507)
2026-06-12T12:41:36.862+07:00 DEBUG 11675 --- [chat-app] [ummary-update-3] c.h.c.c.CustomRabbitMQBrokerHandler      : Publishing to RabbitMQ: from instance=instance-dev to exchange=chat.user-updates, routingKey=user.u856.group-updates
2026-06-12T12:41:36.862+07:00 DEBUG 11675 --- [chat-app] [ummary-update-3] c.h.c.s.GroupSummaryUpdatePublisher      : [publishToGroupMembers] Pushed group summary update to user=u856, groupId=13, destination=/topic/user.u856.group-updates, message=GroupSummaryUpdate(groupId=13, latestMessage=this is a demo msg, latestMessageSender=vegeta, latestMessageAt=2026-06-12T12:41:36.434507)
2026-06-12T12:41:36.862+07:00 DEBUG 11675 --- [chat-app] [ummary-update-3] c.h.c.c.CustomRabbitMQBrokerHandler      : Publishing to RabbitMQ: from instance=instance-dev to exchange=chat.user-updates, routingKey=user.u857.group-updates
2026-06-12T12:41:36.862+07:00 DEBUG 11675 --- [chat-app] [ummary-update-3] c.h.c.s.GroupSummaryUpdatePublisher      : [publishToGroupMembers] Pushed group summary update to user=u857, groupId=13, destination=/topic/user.u857.group-updates, message=GroupSummaryUpdate(groupId=13, latestMessage=this is a demo msg, latestMessageSender=vegeta, latestMessageAt=2026-06-12T12:41:36.434507)
2026-06-12T12:41:36.863+07:00 DEBUG 11675 --- [chat-app] [ummary-update-3] c.h.c.c.CustomRabbitMQBrokerHandler      : Publishing to RabbitMQ: from instance=instance-dev to exchange=chat.user-updates, routingKey=user.u858.group-updates
2026-06-12T12:41:36.863+07:00 DEBUG 11675 --- [chat-app] [ummary-update-3] c.h.c.s.GroupSummaryUpdatePublisher      : [publishToGroupMembers] Pushed group summary update to user=u858, groupId=13, destination=/topic/user.u858.group-updates, message=GroupSummaryUpdate(groupId=13, latestMessage=this is a demo msg, latestMessageSender=vegeta, latestMessageAt=2026-06-12T12:41:36.434507)
2026-06-12T12:41:36.863+07:00 DEBUG 11675 --- [chat-app] [ummary-update-3] c.h.c.c.CustomRabbitMQBrokerHandler      : Publishing to RabbitMQ: from instance=instance-dev to exchange=chat.user-updates, routingKey=user.u859.group-updates
2026-06-12T12:41:36.863+07:00 DEBUG 11675 --- [chat-app] [ummary-update-3] c.h.c.s.GroupSummaryUpdatePublisher      : [publishToGroupMembers] Pushed group summary update to user=u859, groupId=13, destination=/topic/user.u859.group-updates, message=GroupSummaryUpdate(groupId=13, latestMessage=this is a demo msg, latestMessageSender=vegeta, latestMessageAt=2026-06-12T12:41:36.434507)
2026-06-12T12:41:36.863+07:00 DEBUG 11675 --- [chat-app] [ummary-update-3] c.h.c.c.CustomRabbitMQBrokerHandler      : Publishing to RabbitMQ: from instance=instance-dev to exchange=chat.user-updates, routingKey=user.u860.group-updates
2026-06-12T12:41:36.863+07:00 DEBUG 11675 --- [chat-app] [ummary-update-3] c.h.c.s.GroupSummaryUpdatePublisher      : [publishToGroupMembers] Pushed group summary update to user=u860, groupId=13, destination=/topic/user.u860.group-updates, message=GroupSummaryUpdate(groupId=13, latestMessage=this is a demo msg, latestMessageSender=vegeta, latestMessageAt=2026-06-12T12:41:36.434507)
2026-06-12T12:41:36.863+07:00 DEBUG 11675 --- [chat-app] [ummary-update-3] c.h.c.c.CustomRabbitMQBrokerHandler      : Publishing to RabbitMQ: from instance=instance-dev to exchange=chat.user-updates, routingKey=user.u861.group-updates
2026-06-12T12:41:36.863+07:00 DEBUG 11675 --- [chat-app] [ummary-update-3] c.h.c.s.GroupSummaryUpdatePublisher      : [publishToGroupMembers] Pushed group summary update to user=u861, groupId=13, destination=/topic/user.u861.group-updates, message=GroupSummaryUpdate(groupId=13, latestMessage=this is a demo msg, latestMessageSender=vegeta, latestMessageAt=2026-06-12T12:41:36.434507)
2026-06-12T12:41:36.863+07:00 DEBUG 11675 --- [chat-app] [ummary-update-3] c.h.c.c.CustomRabbitMQBrokerHandler      : Publishing to RabbitMQ: from instance=instance-dev to exchange=chat.user-updates, routingKey=user.u862.group-updates
2026-06-12T12:41:36.863+07:00 DEBUG 11675 --- [chat-app] [ummary-update-3] c.h.c.s.GroupSummaryUpdatePublisher      : [publishToGroupMembers] Pushed group summary update to user=u862, groupId=13, destination=/topic/user.u862.group-updates, message=GroupSummaryUpdate(groupId=13, latestMessage=this is a demo msg, latestMessageSender=vegeta, latestMessageAt=2026-06-12T12:41:36.434507)
2026-06-12T12:41:36.864+07:00 DEBUG 11675 --- [chat-app] [ummary-update-3] c.h.c.c.CustomRabbitMQBrokerHandler      : Publishing to RabbitMQ: from instance=instance-dev to exchange=chat.user-updates, routingKey=user.u863.group-updates
2026-06-12T12:41:36.864+07:00 DEBUG 11675 --- [chat-app] [ummary-update-3] c.h.c.s.GroupSummaryUpdatePublisher      : [publishToGroupMembers] Pushed group summary update to user=u863, groupId=13, destination=/topic/user.u863.group-updates, message=GroupSummaryUpdate(groupId=13, latestMessage=this is a demo msg, latestMessageSender=vegeta, latestMessageAt=2026-06-12T12:41:36.434507)
2026-06-12T12:41:36.864+07:00 DEBUG 11675 --- [chat-app] [ummary-update-3] c.h.c.c.CustomRabbitMQBrokerHandler      : Publishing to RabbitMQ: from instance=instance-dev to exchange=chat.user-updates, routingKey=user.u864.group-updates
2026-06-12T12:41:36.864+07:00 DEBUG 11675 --- [chat-app] [ummary-update-3] c.h.c.s.GroupSummaryUpdatePublisher      : [publishToGroupMembers] Pushed group summary update to user=u864, groupId=13, destination=/topic/user.u864.group-updates, message=GroupSummaryUpdate(groupId=13, latestMessage=this is a demo msg, latestMessageSender=vegeta, latestMessageAt=2026-06-12T12:41:36.434507)
2026-06-12T12:41:36.864+07:00 DEBUG 11675 --- [chat-app] [ummary-update-3] c.h.c.c.CustomRabbitMQBrokerHandler      : Publishing to RabbitMQ: from instance=instance-dev to exchange=chat.user-updates, routingKey=user.u865.group-updates
2026-06-12T12:41:36.864+07:00 DEBUG 11675 --- [chat-app] [ummary-update-3] c.h.c.s.GroupSummaryUpdatePublisher      : [publishToGroupMembers] Pushed group summary update to user=u865, groupId=13, destination=/topic/user.u865.group-updates, message=GroupSummaryUpdate(groupId=13, latestMessage=this is a demo msg, latestMessageSender=vegeta, latestMessageAt=2026-06-12T12:41:36.434507)
2026-06-12T12:41:36.865+07:00 DEBUG 11675 --- [chat-app] [ummary-update-3] c.h.c.c.CustomRabbitMQBrokerHandler      : Publishing to RabbitMQ: from instance=instance-dev to exchange=chat.user-updates, routingKey=user.u866.group-updates
2026-06-12T12:41:36.865+07:00 DEBUG 11675 --- [chat-app] [ummary-update-3] c.h.c.s.GroupSummaryUpdatePublisher      : [publishToGroupMembers] Pushed group summary update to user=u866, groupId=13, destination=/topic/user.u866.group-updates, message=GroupSummaryUpdate(groupId=13, latestMessage=this is a demo msg, latestMessageSender=vegeta, latestMessageAt=2026-06-12T12:41:36.434507)
2026-06-12T12:41:36.865+07:00 DEBUG 11675 --- [chat-app] [ummary-update-3] c.h.c.c.CustomRabbitMQBrokerHandler      : Publishing to RabbitMQ: from instance=instance-dev to exchange=chat.user-updates, routingKey=user.u867.group-updates
2026-06-12T12:41:36.865+07:00 DEBUG 11675 --- [chat-app] [ummary-update-3] c.h.c.s.GroupSummaryUpdatePublisher      : [publishToGroupMembers] Pushed group summary update to user=u867, groupId=13, destination=/topic/user.u867.group-updates, message=GroupSummaryUpdate(groupId=13, latestMessage=this is a demo msg, latestMessageSender=vegeta, latestMessageAt=2026-06-12T12:41:36.434507)
2026-06-12T12:41:36.865+07:00 DEBUG 11675 --- [chat-app] [ummary-update-3] c.h.c.c.CustomRabbitMQBrokerHandler      : Publishing to RabbitMQ: from instance=instance-dev to exchange=chat.user-updates, routingKey=user.u868.group-updates
2026-06-12T12:41:36.865+07:00 DEBUG 11675 --- [chat-app] [ummary-update-3] c.h.c.s.GroupSummaryUpdatePublisher      : [publishToGroupMembers] Pushed group summary update to user=u868, groupId=13, destination=/topic/user.u868.group-updates, message=GroupSummaryUpdate(groupId=13, latestMessage=this is a demo msg, latestMessageSender=vegeta, latestMessageAt=2026-06-12T12:41:36.434507)
2026-06-12T12:41:36.866+07:00 DEBUG 11675 --- [chat-app] [ummary-update-3] c.h.c.c.CustomRabbitMQBrokerHandler      : Publishing to RabbitMQ: from instance=instance-dev to exchange=chat.user-updates, routingKey=user.u869.group-updates
2026-06-12T12:41:36.866+07:00 DEBUG 11675 --- [chat-app] [ummary-update-3] c.h.c.s.GroupSummaryUpdatePublisher      : [publishToGroupMembers] Pushed group summary update to user=u869, groupId=13, destination=/topic/user.u869.group-updates, message=GroupSummaryUpdate(groupId=13, latestMessage=this is a demo msg, latestMessageSender=vegeta, latestMessageAt=2026-06-12T12:41:36.434507)
2026-06-12T12:41:36.866+07:00 DEBUG 11675 --- [chat-app] [ummary-update-3] c.h.c.c.CustomRabbitMQBrokerHandler      : Publishing to RabbitMQ: from instance=instance-dev to exchange=chat.user-updates, routingKey=user.u870.group-updates
2026-06-12T12:41:36.866+07:00 DEBUG 11675 --- [chat-app] [ummary-update-3] c.h.c.s.GroupSummaryUpdatePublisher      : [publishToGroupMembers] Pushed group summary update to user=u870, groupId=13, destination=/topic/user.u870.group-updates, message=GroupSummaryUpdate(groupId=13, latestMessage=this is a demo msg, latestMessageSender=vegeta, latestMessageAt=2026-06-12T12:41:36.434507)
2026-06-12T12:41:36.866+07:00 DEBUG 11675 --- [chat-app] [ummary-update-3] c.h.c.c.CustomRabbitMQBrokerHandler      : Publishing to RabbitMQ: from instance=instance-dev to exchange=chat.user-updates, routingKey=user.u871.group-updates
2026-06-12T12:41:36.866+07:00 DEBUG 11675 --- [chat-app] [ummary-update-3] c.h.c.s.GroupSummaryUpdatePublisher      : [publishToGroupMembers] Pushed group summary update to user=u871, groupId=13, destination=/topic/user.u871.group-updates, message=GroupSummaryUpdate(groupId=13, latestMessage=this is a demo msg, latestMessageSender=vegeta, latestMessageAt=2026-06-12T12:41:36.434507)
2026-06-12T12:41:36.866+07:00 DEBUG 11675 --- [chat-app] [ummary-update-3] c.h.c.c.CustomRabbitMQBrokerHandler      : Publishing to RabbitMQ: from instance=instance-dev to exchange=chat.user-updates, routingKey=user.u872.group-updates
2026-06-12T12:41:36.866+07:00 DEBUG 11675 --- [chat-app] [ummary-update-3] c.h.c.s.GroupSummaryUpdatePublisher      : [publishToGroupMembers] Pushed group summary update to user=u872, groupId=13, destination=/topic/user.u872.group-updates, message=GroupSummaryUpdate(groupId=13, latestMessage=this is a demo msg, latestMessageSender=vegeta, latestMessageAt=2026-06-12T12:41:36.434507)
2026-06-12T12:41:36.866+07:00 DEBUG 11675 --- [chat-app] [ummary-update-3] c.h.c.c.CustomRabbitMQBrokerHandler      : Publishing to RabbitMQ: from instance=instance-dev to exchange=chat.user-updates, routingKey=user.u873.group-updates
2026-06-12T12:41:36.866+07:00 DEBUG 11675 --- [chat-app] [ummary-update-3] c.h.c.s.GroupSummaryUpdatePublisher      : [publishToGroupMembers] Pushed group summary update to user=u873, groupId=13, destination=/topic/user.u873.group-updates, message=GroupSummaryUpdate(groupId=13, latestMessage=this is a demo msg, latestMessageSender=vegeta, latestMessageAt=2026-06-12T12:41:36.434507)
2026-06-12T12:41:36.866+07:00 DEBUG 11675 --- [chat-app] [ummary-update-3] c.h.c.c.CustomRabbitMQBrokerHandler      : Publishing to RabbitMQ: from instance=instance-dev to exchange=chat.user-updates, routingKey=user.u874.group-updates
2026-06-12T12:41:36.867+07:00 DEBUG 11675 --- [chat-app] [ummary-update-3] c.h.c.s.GroupSummaryUpdatePublisher      : [publishToGroupMembers] Pushed group summary update to user=u874, groupId=13, destination=/topic/user.u874.group-updates, message=GroupSummaryUpdate(groupId=13, latestMessage=this is a demo msg, latestMessageSender=vegeta, latestMessageAt=2026-06-12T12:41:36.434507)
2026-06-12T12:41:36.867+07:00 DEBUG 11675 --- [chat-app] [ummary-update-3] c.h.c.c.CustomRabbitMQBrokerHandler      : Publishing to RabbitMQ: from instance=instance-dev to exchange=chat.user-updates, routingKey=user.u875.group-updates
2026-06-12T12:41:36.867+07:00 DEBUG 11675 --- [chat-app] [ummary-update-3] c.h.c.s.GroupSummaryUpdatePublisher      : [publishToGroupMembers] Pushed group summary update to user=u875, groupId=13, destination=/topic/user.u875.group-updates, message=GroupSummaryUpdate(groupId=13, latestMessage=this is a demo msg, latestMessageSender=vegeta, latestMessageAt=2026-06-12T12:41:36.434507)
2026-06-12T12:41:36.867+07:00 DEBUG 11675 --- [chat-app] [ummary-update-3] c.h.c.c.CustomRabbitMQBrokerHandler      : Publishing to RabbitMQ: from instance=instance-dev to exchange=chat.user-updates, routingKey=user.u876.group-updates
2026-06-12T12:41:36.867+07:00 DEBUG 11675 --- [chat-app] [ummary-update-3] c.h.c.s.GroupSummaryUpdatePublisher      : [publishToGroupMembers] Pushed group summary update to user=u876, groupId=13, destination=/topic/user.u876.group-updates, message=GroupSummaryUpdate(groupId=13, latestMessage=this is a demo msg, latestMessageSender=vegeta, latestMessageAt=2026-06-12T12:41:36.434507)
2026-06-12T12:41:36.867+07:00 DEBUG 11675 --- [chat-app] [ummary-update-3] c.h.c.c.CustomRabbitMQBrokerHandler      : Publishing to RabbitMQ: from instance=instance-dev to exchange=chat.user-updates, routingKey=user.u877.group-updates
2026-06-12T12:41:36.867+07:00 DEBUG 11675 --- [chat-app] [ummary-update-3] c.h.c.s.GroupSummaryUpdatePublisher      : [publishToGroupMembers] Pushed group summary update to user=u877, groupId=13, destination=/topic/user.u877.group-updates, message=GroupSummaryUpdate(groupId=13, latestMessage=this is a demo msg, latestMessageSender=vegeta, latestMessageAt=2026-06-12T12:41:36.434507)
2026-06-12T12:41:36.867+07:00 DEBUG 11675 --- [chat-app] [ummary-update-3] c.h.c.c.CustomRabbitMQBrokerHandler      : Publishing to RabbitMQ: from instance=instance-dev to exchange=chat.user-updates, routingKey=user.u878.group-updates
2026-06-12T12:41:36.867+07:00 DEBUG 11675 --- [chat-app] [ummary-update-3] c.h.c.s.GroupSummaryUpdatePublisher      : [publishToGroupMembers] Pushed group summary update to user=u878, groupId=13, destination=/topic/user.u878.group-updates, message=GroupSummaryUpdate(groupId=13, latestMessage=this is a demo msg, latestMessageSender=vegeta, latestMessageAt=2026-06-12T12:41:36.434507)
2026-06-12T12:41:36.867+07:00 DEBUG 11675 --- [chat-app] [ummary-update-3] c.h.c.c.CustomRabbitMQBrokerHandler      : Publishing to RabbitMQ: from instance=instance-dev to exchange=chat.user-updates, routingKey=user.u879.group-updates
2026-06-12T12:41:36.867+07:00 DEBUG 11675 --- [chat-app] [ummary-update-3] c.h.c.s.GroupSummaryUpdatePublisher      : [publishToGroupMembers] Pushed group summary update to user=u879, groupId=13, destination=/topic/user.u879.group-updates, message=GroupSummaryUpdate(groupId=13, latestMessage=this is a demo msg, latestMessageSender=vegeta, latestMessageAt=2026-06-12T12:41:36.434507)
2026-06-12T12:41:36.867+07:00 DEBUG 11675 --- [chat-app] [ummary-update-3] c.h.c.c.CustomRabbitMQBrokerHandler      : Publishing to RabbitMQ: from instance=instance-dev to exchange=chat.user-updates, routingKey=user.u880.group-updates
2026-06-12T12:41:36.867+07:00 DEBUG 11675 --- [chat-app] [ummary-update-3] c.h.c.s.GroupSummaryUpdatePublisher      : [publishToGroupMembers] Pushed group summary update to user=u880, groupId=13, destination=/topic/user.u880.group-updates, message=GroupSummaryUpdate(groupId=13, latestMessage=this is a demo msg, latestMessageSender=vegeta, latestMessageAt=2026-06-12T12:41:36.434507)
2026-06-12T12:41:36.867+07:00 DEBUG 11675 --- [chat-app] [ummary-update-3] c.h.c.c.CustomRabbitMQBrokerHandler      : Publishing to RabbitMQ: from instance=instance-dev to exchange=chat.user-updates, routingKey=user.u881.group-updates
2026-06-12T12:41:36.867+07:00 DEBUG 11675 --- [chat-app] [ummary-update-3] c.h.c.s.GroupSummaryUpdatePublisher      : [publishToGroupMembers] Pushed group summary update to user=u881, groupId=13, destination=/topic/user.u881.group-updates, message=GroupSummaryUpdate(groupId=13, latestMessage=this is a demo msg, latestMessageSender=vegeta, latestMessageAt=2026-06-12T12:41:36.434507)
2026-06-12T12:41:36.868+07:00 DEBUG 11675 --- [chat-app] [ummary-update-3] c.h.c.c.CustomRabbitMQBrokerHandler      : Publishing to RabbitMQ: from instance=instance-dev to exchange=chat.user-updates, routingKey=user.u882.group-updates
2026-06-12T12:41:36.868+07:00 DEBUG 11675 --- [chat-app] [ummary-update-3] c.h.c.s.GroupSummaryUpdatePublisher      : [publishToGroupMembers] Pushed group summary update to user=u882, groupId=13, destination=/topic/user.u882.group-updates, message=GroupSummaryUpdate(groupId=13, latestMessage=this is a demo msg, latestMessageSender=vegeta, latestMessageAt=2026-06-12T12:41:36.434507)
2026-06-12T12:41:36.868+07:00 DEBUG 11675 --- [chat-app] [ummary-update-3] c.h.c.c.CustomRabbitMQBrokerHandler      : Publishing to RabbitMQ: from instance=instance-dev to exchange=chat.user-updates, routingKey=user.u883.group-updates
2026-06-12T12:41:36.868+07:00 DEBUG 11675 --- [chat-app] [ummary-update-3] c.h.c.s.GroupSummaryUpdatePublisher      : [publishToGroupMembers] Pushed group summary update to user=u883, groupId=13, destination=/topic/user.u883.group-updates, message=GroupSummaryUpdate(groupId=13, latestMessage=this is a demo msg, latestMessageSender=vegeta, latestMessageAt=2026-06-12T12:41:36.434507)
2026-06-12T12:41:36.868+07:00 DEBUG 11675 --- [chat-app] [ummary-update-3] c.h.c.c.CustomRabbitMQBrokerHandler      : Publishing to RabbitMQ: from instance=instance-dev to exchange=chat.user-updates, routingKey=user.u884.group-updates
2026-06-12T12:41:36.868+07:00 DEBUG 11675 --- [chat-app] [ummary-update-3] c.h.c.s.GroupSummaryUpdatePublisher      : [publishToGroupMembers] Pushed group summary update to user=u884, groupId=13, destination=/topic/user.u884.group-updates, message=GroupSummaryUpdate(groupId=13, latestMessage=this is a demo msg, latestMessageSender=vegeta, latestMessageAt=2026-06-12T12:41:36.434507)
2026-06-12T12:41:36.868+07:00 DEBUG 11675 --- [chat-app] [ummary-update-3] c.h.c.c.CustomRabbitMQBrokerHandler      : Publishing to RabbitMQ: from instance=instance-dev to exchange=chat.user-updates, routingKey=user.u885.group-updates
2026-06-12T12:41:36.868+07:00 DEBUG 11675 --- [chat-app] [ummary-update-3] c.h.c.s.GroupSummaryUpdatePublisher      : [publishToGroupMembers] Pushed group summary update to user=u885, groupId=13, destination=/topic/user.u885.group-updates, message=GroupSummaryUpdate(groupId=13, latestMessage=this is a demo msg, latestMessageSender=vegeta, latestMessageAt=2026-06-12T12:41:36.434507)
2026-06-12T12:41:36.868+07:00 DEBUG 11675 --- [chat-app] [ummary-update-3] c.h.c.c.CustomRabbitMQBrokerHandler      : Publishing to RabbitMQ: from instance=instance-dev to exchange=chat.user-updates, routingKey=user.u886.group-updates
2026-06-12T12:41:36.868+07:00 DEBUG 11675 --- [chat-app] [ummary-update-3] c.h.c.s.GroupSummaryUpdatePublisher      : [publishToGroupMembers] Pushed group summary update to user=u886, groupId=13, destination=/topic/user.u886.group-updates, message=GroupSummaryUpdate(groupId=13, latestMessage=this is a demo msg, latestMessageSender=vegeta, latestMessageAt=2026-06-12T12:41:36.434507)
2026-06-12T12:41:36.869+07:00 DEBUG 11675 --- [chat-app] [ummary-update-3] c.h.c.c.CustomRabbitMQBrokerHandler      : Publishing to RabbitMQ: from instance=instance-dev to exchange=chat.user-updates, routingKey=user.u887.group-updates
2026-06-12T12:41:36.869+07:00 DEBUG 11675 --- [chat-app] [ummary-update-3] c.h.c.s.GroupSummaryUpdatePublisher      : [publishToGroupMembers] Pushed group summary update to user=u887, groupId=13, destination=/topic/user.u887.group-updates, message=GroupSummaryUpdate(groupId=13, latestMessage=this is a demo msg, latestMessageSender=vegeta, latestMessageAt=2026-06-12T12:41:36.434507)
2026-06-12T12:41:36.869+07:00 DEBUG 11675 --- [chat-app] [ummary-update-3] c.h.c.c.CustomRabbitMQBrokerHandler      : Publishing to RabbitMQ: from instance=instance-dev to exchange=chat.user-updates, routingKey=user.u888.group-updates
2026-06-12T12:41:36.869+07:00 DEBUG 11675 --- [chat-app] [ummary-update-3] c.h.c.s.GroupSummaryUpdatePublisher      : [publishToGroupMembers] Pushed group summary update to user=u888, groupId=13, destination=/topic/user.u888.group-updates, message=GroupSummaryUpdate(groupId=13, latestMessage=this is a demo msg, latestMessageSender=vegeta, latestMessageAt=2026-06-12T12:41:36.434507)
2026-06-12T12:41:36.869+07:00 DEBUG 11675 --- [chat-app] [ummary-update-3] c.h.c.c.CustomRabbitMQBrokerHandler      : Publishing to RabbitMQ: from instance=instance-dev to exchange=chat.user-updates, routingKey=user.u889.group-updates
2026-06-12T12:41:36.869+07:00 DEBUG 11675 --- [chat-app] [ummary-update-3] c.h.c.s.GroupSummaryUpdatePublisher      : [publishToGroupMembers] Pushed group summary update to user=u889, groupId=13, destination=/topic/user.u889.group-updates, message=GroupSummaryUpdate(groupId=13, latestMessage=this is a demo msg, latestMessageSender=vegeta, latestMessageAt=2026-06-12T12:41:36.434507)
2026-06-12T12:41:36.869+07:00 DEBUG 11675 --- [chat-app] [ummary-update-3] c.h.c.c.CustomRabbitMQBrokerHandler      : Publishing to RabbitMQ: from instance=instance-dev to exchange=chat.user-updates, routingKey=user.u890.group-updates
2026-06-12T12:41:36.869+07:00 DEBUG 11675 --- [chat-app] [ummary-update-3] c.h.c.s.GroupSummaryUpdatePublisher      : [publishToGroupMembers] Pushed group summary update to user=u890, groupId=13, destination=/topic/user.u890.group-updates, message=GroupSummaryUpdate(groupId=13, latestMessage=this is a demo msg, latestMessageSender=vegeta, latestMessageAt=2026-06-12T12:41:36.434507)
2026-06-12T12:41:36.869+07:00 DEBUG 11675 --- [chat-app] [ummary-update-3] c.h.c.c.CustomRabbitMQBrokerHandler      : Publishing to RabbitMQ: from instance=instance-dev to exchange=chat.user-updates, routingKey=user.u891.group-updates
2026-06-12T12:41:36.870+07:00 DEBUG 11675 --- [chat-app] [ummary-update-3] c.h.c.s.GroupSummaryUpdatePublisher      : [publishToGroupMembers] Pushed group summary update to user=u891, groupId=13, destination=/topic/user.u891.group-updates, message=GroupSummaryUpdate(groupId=13, latestMessage=this is a demo msg, latestMessageSender=vegeta, latestMessageAt=2026-06-12T12:41:36.434507)
2026-06-12T12:41:36.870+07:00 DEBUG 11675 --- [chat-app] [ummary-update-3] c.h.c.c.CustomRabbitMQBrokerHandler      : Publishing to RabbitMQ: from instance=instance-dev to exchange=chat.user-updates, routingKey=user.u892.group-updates
2026-06-12T12:41:36.870+07:00 DEBUG 11675 --- [chat-app] [ummary-update-3] c.h.c.s.GroupSummaryUpdatePublisher      : [publishToGroupMembers] Pushed group summary update to user=u892, groupId=13, destination=/topic/user.u892.group-updates, message=GroupSummaryUpdate(groupId=13, latestMessage=this is a demo msg, latestMessageSender=vegeta, latestMessageAt=2026-06-12T12:41:36.434507)
2026-06-12T12:41:36.870+07:00 DEBUG 11675 --- [chat-app] [ummary-update-3] c.h.c.c.CustomRabbitMQBrokerHandler      : Publishing to RabbitMQ: from instance=instance-dev to exchange=chat.user-updates, routingKey=user.u893.group-updates
2026-06-12T12:41:36.870+07:00 DEBUG 11675 --- [chat-app] [ummary-update-3] c.h.c.s.GroupSummaryUpdatePublisher      : [publishToGroupMembers] Pushed group summary update to user=u893, groupId=13, destination=/topic/user.u893.group-updates, message=GroupSummaryUpdate(groupId=13, latestMessage=this is a demo msg, latestMessageSender=vegeta, latestMessageAt=2026-06-12T12:41:36.434507)
2026-06-12T12:41:36.870+07:00 DEBUG 11675 --- [chat-app] [ummary-update-3] c.h.c.c.CustomRabbitMQBrokerHandler      : Publishing to RabbitMQ: from instance=instance-dev to exchange=chat.user-updates, routingKey=user.u894.group-updates
2026-06-12T12:41:36.870+07:00 DEBUG 11675 --- [chat-app] [ummary-update-3] c.h.c.s.GroupSummaryUpdatePublisher      : [publishToGroupMembers] Pushed group summary update to user=u894, groupId=13, destination=/topic/user.u894.group-updates, message=GroupSummaryUpdate(groupId=13, latestMessage=this is a demo msg, latestMessageSender=vegeta, latestMessageAt=2026-06-12T12:41:36.434507)
2026-06-12T12:41:36.870+07:00 DEBUG 11675 --- [chat-app] [ummary-update-3] c.h.c.c.CustomRabbitMQBrokerHandler      : Publishing to RabbitMQ: from instance=instance-dev to exchange=chat.user-updates, routingKey=user.u895.group-updates
2026-06-12T12:41:36.870+07:00 DEBUG 11675 --- [chat-app] [ummary-update-3] c.h.c.s.GroupSummaryUpdatePublisher      : [publishToGroupMembers] Pushed group summary update to user=u895, groupId=13, destination=/topic/user.u895.group-updates, message=GroupSummaryUpdate(groupId=13, latestMessage=this is a demo msg, latestMessageSender=vegeta, latestMessageAt=2026-06-12T12:41:36.434507)
2026-06-12T12:41:36.870+07:00 DEBUG 11675 --- [chat-app] [ummary-update-3] c.h.c.c.CustomRabbitMQBrokerHandler      : Publishing to RabbitMQ: from instance=instance-dev to exchange=chat.user-updates, routingKey=user.u896.group-updates
2026-06-12T12:41:36.870+07:00 DEBUG 11675 --- [chat-app] [ummary-update-3] c.h.c.s.GroupSummaryUpdatePublisher      : [publishToGroupMembers] Pushed group summary update to user=u896, groupId=13, destination=/topic/user.u896.group-updates, message=GroupSummaryUpdate(groupId=13, latestMessage=this is a demo msg, latestMessageSender=vegeta, latestMessageAt=2026-06-12T12:41:36.434507)
2026-06-12T12:41:36.870+07:00 DEBUG 11675 --- [chat-app] [ummary-update-3] c.h.c.c.CustomRabbitMQBrokerHandler      : Publishing to RabbitMQ: from instance=instance-dev to exchange=chat.user-updates, routingKey=user.u897.group-updates
2026-06-12T12:41:36.870+07:00 DEBUG 11675 --- [chat-app] [ummary-update-3] c.h.c.s.GroupSummaryUpdatePublisher      : [publishToGroupMembers] Pushed group summary update to user=u897, groupId=13, destination=/topic/user.u897.group-updates, message=GroupSummaryUpdate(groupId=13, latestMessage=this is a demo msg, latestMessageSender=vegeta, latestMessageAt=2026-06-12T12:41:36.434507)
2026-06-12T12:41:36.870+07:00 DEBUG 11675 --- [chat-app] [ummary-update-3] c.h.c.c.CustomRabbitMQBrokerHandler      : Publishing to RabbitMQ: from instance=instance-dev to exchange=chat.user-updates, routingKey=user.u898.group-updates
2026-06-12T12:41:36.870+07:00 DEBUG 11675 --- [chat-app] [ummary-update-3] c.h.c.s.GroupSummaryUpdatePublisher      : [publishToGroupMembers] Pushed group summary update to user=u898, groupId=13, destination=/topic/user.u898.group-updates, message=GroupSummaryUpdate(groupId=13, latestMessage=this is a demo msg, latestMessageSender=vegeta, latestMessageAt=2026-06-12T12:41:36.434507)
2026-06-12T12:41:36.870+07:00 DEBUG 11675 --- [chat-app] [ummary-update-3] c.h.c.c.CustomRabbitMQBrokerHandler      : Publishing to RabbitMQ: from instance=instance-dev to exchange=chat.user-updates, routingKey=user.u899.group-updates
2026-06-12T12:41:36.870+07:00 DEBUG 11675 --- [chat-app] [ummary-update-3] c.h.c.s.GroupSummaryUpdatePublisher      : [publishToGroupMembers] Pushed group summary update to user=u899, groupId=13, destination=/topic/user.u899.group-updates, message=GroupSummaryUpdate(groupId=13, latestMessage=this is a demo msg, latestMessageSender=vegeta, latestMessageAt=2026-06-12T12:41:36.434507)
2026-06-12T12:41:36.870+07:00 DEBUG 11675 --- [chat-app] [ummary-update-3] c.h.c.c.CustomRabbitMQBrokerHandler      : Publishing to RabbitMQ: from instance=instance-dev to exchange=chat.user-updates, routingKey=user.u900.group-updates
2026-06-12T12:41:36.870+07:00 DEBUG 11675 --- [chat-app] [ummary-update-3] c.h.c.s.GroupSummaryUpdatePublisher      : [publishToGroupMembers] Pushed group summary update to user=u900, groupId=13, destination=/topic/user.u900.group-updates, message=GroupSummaryUpdate(groupId=13, latestMessage=this is a demo msg, latestMessageSender=vegeta, latestMessageAt=2026-06-12T12:41:36.434507)
2026-06-12T12:41:36.870+07:00 DEBUG 11675 --- [chat-app] [ummary-update-3] c.h.c.c.CustomRabbitMQBrokerHandler      : Publishing to RabbitMQ: from instance=instance-dev to exchange=chat.user-updates, routingKey=user.u901.group-updates
2026-06-12T12:41:36.871+07:00 DEBUG 11675 --- [chat-app] [ummary-update-3] c.h.c.s.GroupSummaryUpdatePublisher      : [publishToGroupMembers] Pushed group summary update to user=u901, groupId=13, destination=/topic/user.u901.group-updates, message=GroupSummaryUpdate(groupId=13, latestMessage=this is a demo msg, latestMessageSender=vegeta, latestMessageAt=2026-06-12T12:41:36.434507)
2026-06-12T12:41:36.871+07:00 DEBUG 11675 --- [chat-app] [ummary-update-3] c.h.c.c.CustomRabbitMQBrokerHandler      : Publishing to RabbitMQ: from instance=instance-dev to exchange=chat.user-updates, routingKey=user.u902.group-updates
2026-06-12T12:41:36.871+07:00 DEBUG 11675 --- [chat-app] [ummary-update-3] c.h.c.s.GroupSummaryUpdatePublisher      : [publishToGroupMembers] Pushed group summary update to user=u902, groupId=13, destination=/topic/user.u902.group-updates, message=GroupSummaryUpdate(groupId=13, latestMessage=this is a demo msg, latestMessageSender=vegeta, latestMessageAt=2026-06-12T12:41:36.434507)
2026-06-12T12:41:36.871+07:00 DEBUG 11675 --- [chat-app] [ummary-update-3] c.h.c.c.CustomRabbitMQBrokerHandler      : Publishing to RabbitMQ: from instance=instance-dev to exchange=chat.user-updates, routingKey=user.u903.group-updates
2026-06-12T12:41:36.871+07:00 DEBUG 11675 --- [chat-app] [ummary-update-3] c.h.c.s.GroupSummaryUpdatePublisher      : [publishToGroupMembers] Pushed group summary update to user=u903, groupId=13, destination=/topic/user.u903.group-updates, message=GroupSummaryUpdate(groupId=13, latestMessage=this is a demo msg, latestMessageSender=vegeta, latestMessageAt=2026-06-12T12:41:36.434507)
2026-06-12T12:41:36.871+07:00 DEBUG 11675 --- [chat-app] [ummary-update-3] c.h.c.c.CustomRabbitMQBrokerHandler      : Publishing to RabbitMQ: from instance=instance-dev to exchange=chat.user-updates, routingKey=user.u904.group-updates
2026-06-12T12:41:36.871+07:00 DEBUG 11675 --- [chat-app] [ummary-update-3] c.h.c.s.GroupSummaryUpdatePublisher      : [publishToGroupMembers] Pushed group summary update to user=u904, groupId=13, destination=/topic/user.u904.group-updates, message=GroupSummaryUpdate(groupId=13, latestMessage=this is a demo msg, latestMessageSender=vegeta, latestMessageAt=2026-06-12T12:41:36.434507)
2026-06-12T12:41:36.871+07:00 DEBUG 11675 --- [chat-app] [ummary-update-3] c.h.c.c.CustomRabbitMQBrokerHandler      : Publishing to RabbitMQ: from instance=instance-dev to exchange=chat.user-updates, routingKey=user.u905.group-updates
2026-06-12T12:41:36.871+07:00 DEBUG 11675 --- [chat-app] [ummary-update-3] c.h.c.s.GroupSummaryUpdatePublisher      : [publishToGroupMembers] Pushed group summary update to user=u905, groupId=13, destination=/topic/user.u905.group-updates, message=GroupSummaryUpdate(groupId=13, latestMessage=this is a demo msg, latestMessageSender=vegeta, latestMessageAt=2026-06-12T12:41:36.434507)
2026-06-12T12:41:36.871+07:00 DEBUG 11675 --- [chat-app] [ummary-update-3] c.h.c.c.CustomRabbitMQBrokerHandler      : Publishing to RabbitMQ: from instance=instance-dev to exchange=chat.user-updates, routingKey=user.u906.group-updates
2026-06-12T12:41:36.871+07:00 DEBUG 11675 --- [chat-app] [ummary-update-3] c.h.c.s.GroupSummaryUpdatePublisher      : [publishToGroupMembers] Pushed group summary update to user=u906, groupId=13, destination=/topic/user.u906.group-updates, message=GroupSummaryUpdate(groupId=13, latestMessage=this is a demo msg, latestMessageSender=vegeta, latestMessageAt=2026-06-12T12:41:36.434507)
2026-06-12T12:41:36.871+07:00 DEBUG 11675 --- [chat-app] [ummary-update-3] c.h.c.c.CustomRabbitMQBrokerHandler      : Publishing to RabbitMQ: from instance=instance-dev to exchange=chat.user-updates, routingKey=user.u907.group-updates
2026-06-12T12:41:36.871+07:00 DEBUG 11675 --- [chat-app] [ummary-update-3] c.h.c.s.GroupSummaryUpdatePublisher      : [publishToGroupMembers] Pushed group summary update to user=u907, groupId=13, destination=/topic/user.u907.group-updates, message=GroupSummaryUpdate(groupId=13, latestMessage=this is a demo msg, latestMessageSender=vegeta, latestMessageAt=2026-06-12T12:41:36.434507)
2026-06-12T12:41:36.871+07:00 DEBUG 11675 --- [chat-app] [ummary-update-3] c.h.c.c.CustomRabbitMQBrokerHandler      : Publishing to RabbitMQ: from instance=instance-dev to exchange=chat.user-updates, routingKey=user.u908.group-updates
2026-06-12T12:41:36.871+07:00 DEBUG 11675 --- [chat-app] [ummary-update-3] c.h.c.s.GroupSummaryUpdatePublisher      : [publishToGroupMembers] Pushed group summary update to user=u908, groupId=13, destination=/topic/user.u908.group-updates, message=GroupSummaryUpdate(groupId=13, latestMessage=this is a demo msg, latestMessageSender=vegeta, latestMessageAt=2026-06-12T12:41:36.434507)
2026-06-12T12:41:36.871+07:00 DEBUG 11675 --- [chat-app] [ummary-update-3] c.h.c.c.CustomRabbitMQBrokerHandler      : Publishing to RabbitMQ: from instance=instance-dev to exchange=chat.user-updates, routingKey=user.u909.group-updates
2026-06-12T12:41:36.871+07:00 DEBUG 11675 --- [chat-app] [ummary-update-3] c.h.c.s.GroupSummaryUpdatePublisher      : [publishToGroupMembers] Pushed group summary update to user=u909, groupId=13, destination=/topic/user.u909.group-updates, message=GroupSummaryUpdate(groupId=13, latestMessage=this is a demo msg, latestMessageSender=vegeta, latestMessageAt=2026-06-12T12:41:36.434507)
2026-06-12T12:41:36.871+07:00 DEBUG 11675 --- [chat-app] [ummary-update-3] c.h.c.c.CustomRabbitMQBrokerHandler      : Publishing to RabbitMQ: from instance=instance-dev to exchange=chat.user-updates, routingKey=user.u910.group-updates
2026-06-12T12:41:36.871+07:00 DEBUG 11675 --- [chat-app] [ummary-update-3] c.h.c.s.GroupSummaryUpdatePublisher      : [publishToGroupMembers] Pushed group summary update to user=u910, groupId=13, destination=/topic/user.u910.group-updates, message=GroupSummaryUpdate(groupId=13, latestMessage=this is a demo msg, latestMessageSender=vegeta, latestMessageAt=2026-06-12T12:41:36.434507)
2026-06-12T12:41:36.871+07:00 DEBUG 11675 --- [chat-app] [ummary-update-3] c.h.c.c.CustomRabbitMQBrokerHandler      : Publishing to RabbitMQ: from instance=instance-dev to exchange=chat.user-updates, routingKey=user.u911.group-updates
2026-06-12T12:41:36.871+07:00 DEBUG 11675 --- [chat-app] [ummary-update-3] c.h.c.s.GroupSummaryUpdatePublisher      : [publishToGroupMembers] Pushed group summary update to user=u911, groupId=13, destination=/topic/user.u911.group-updates, message=GroupSummaryUpdate(groupId=13, latestMessage=this is a demo msg, latestMessageSender=vegeta, latestMessageAt=2026-06-12T12:41:36.434507)
2026-06-12T12:41:36.871+07:00 DEBUG 11675 --- [chat-app] [ummary-update-3] c.h.c.c.CustomRabbitMQBrokerHandler      : Publishing to RabbitMQ: from instance=instance-dev to exchange=chat.user-updates, routingKey=user.u912.group-updates
2026-06-12T12:41:36.872+07:00 DEBUG 11675 --- [chat-app] [ummary-update-3] c.h.c.s.GroupSummaryUpdatePublisher      : [publishToGroupMembers] Pushed group summary update to user=u912, groupId=13, destination=/topic/user.u912.group-updates, message=GroupSummaryUpdate(groupId=13, latestMessage=this is a demo msg, latestMessageSender=vegeta, latestMessageAt=2026-06-12T12:41:36.434507)
2026-06-12T12:41:36.872+07:00 DEBUG 11675 --- [chat-app] [ummary-update-3] c.h.c.c.CustomRabbitMQBrokerHandler      : Publishing to RabbitMQ: from instance=instance-dev to exchange=chat.user-updates, routingKey=user.u913.group-updates
2026-06-12T12:41:36.872+07:00 DEBUG 11675 --- [chat-app] [ummary-update-3] c.h.c.s.GroupSummaryUpdatePublisher      : [publishToGroupMembers] Pushed group summary update to user=u913, groupId=13, destination=/topic/user.u913.group-updates, message=GroupSummaryUpdate(groupId=13, latestMessage=this is a demo msg, latestMessageSender=vegeta, latestMessageAt=2026-06-12T12:41:36.434507)
2026-06-12T12:41:36.872+07:00 DEBUG 11675 --- [chat-app] [ummary-update-3] c.h.c.c.CustomRabbitMQBrokerHandler      : Publishing to RabbitMQ: from instance=instance-dev to exchange=chat.user-updates, routingKey=user.u914.group-updates
2026-06-12T12:41:36.872+07:00 DEBUG 11675 --- [chat-app] [ummary-update-3] c.h.c.s.GroupSummaryUpdatePublisher      : [publishToGroupMembers] Pushed group summary update to user=u914, groupId=13, destination=/topic/user.u914.group-updates, message=GroupSummaryUpdate(groupId=13, latestMessage=this is a demo msg, latestMessageSender=vegeta, latestMessageAt=2026-06-12T12:41:36.434507)
2026-06-12T12:41:36.872+07:00 DEBUG 11675 --- [chat-app] [ummary-update-3] c.h.c.c.CustomRabbitMQBrokerHandler      : Publishing to RabbitMQ: from instance=instance-dev to exchange=chat.user-updates, routingKey=user.u915.group-updates
2026-06-12T12:41:36.872+07:00 DEBUG 11675 --- [chat-app] [ummary-update-3] c.h.c.s.GroupSummaryUpdatePublisher      : [publishToGroupMembers] Pushed group summary update to user=u915, groupId=13, destination=/topic/user.u915.group-updates, message=GroupSummaryUpdate(groupId=13, latestMessage=this is a demo msg, latestMessageSender=vegeta, latestMessageAt=2026-06-12T12:41:36.434507)
2026-06-12T12:41:36.872+07:00 DEBUG 11675 --- [chat-app] [ummary-update-3] c.h.c.c.CustomRabbitMQBrokerHandler      : Publishing to RabbitMQ: from instance=instance-dev to exchange=chat.user-updates, routingKey=user.u916.group-updates
2026-06-12T12:41:36.872+07:00 DEBUG 11675 --- [chat-app] [ummary-update-3] c.h.c.s.GroupSummaryUpdatePublisher      : [publishToGroupMembers] Pushed group summary update to user=u916, groupId=13, destination=/topic/user.u916.group-updates, message=GroupSummaryUpdate(groupId=13, latestMessage=this is a demo msg, latestMessageSender=vegeta, latestMessageAt=2026-06-12T12:41:36.434507)
2026-06-12T12:41:36.872+07:00 DEBUG 11675 --- [chat-app] [ummary-update-3] c.h.c.c.CustomRabbitMQBrokerHandler      : Publishing to RabbitMQ: from instance=instance-dev to exchange=chat.user-updates, routingKey=user.u917.group-updates
2026-06-12T12:41:36.872+07:00 DEBUG 11675 --- [chat-app] [ummary-update-3] c.h.c.s.GroupSummaryUpdatePublisher      : [publishToGroupMembers] Pushed group summary update to user=u917, groupId=13, destination=/topic/user.u917.group-updates, message=GroupSummaryUpdate(groupId=13, latestMessage=this is a demo msg, latestMessageSender=vegeta, latestMessageAt=2026-06-12T12:41:36.434507)
2026-06-12T12:41:36.872+07:00 DEBUG 11675 --- [chat-app] [ummary-update-3] c.h.c.c.CustomRabbitMQBrokerHandler      : Publishing to RabbitMQ: from instance=instance-dev to exchange=chat.user-updates, routingKey=user.u918.group-updates
2026-06-12T12:41:36.872+07:00 DEBUG 11675 --- [chat-app] [ummary-update-3] c.h.c.s.GroupSummaryUpdatePublisher      : [publishToGroupMembers] Pushed group summary update to user=u918, groupId=13, destination=/topic/user.u918.group-updates, message=GroupSummaryUpdate(groupId=13, latestMessage=this is a demo msg, latestMessageSender=vegeta, latestMessageAt=2026-06-12T12:41:36.434507)
2026-06-12T12:41:36.872+07:00 DEBUG 11675 --- [chat-app] [ummary-update-3] c.h.c.c.CustomRabbitMQBrokerHandler      : Publishing to RabbitMQ: from instance=instance-dev to exchange=chat.user-updates, routingKey=user.u919.group-updates
2026-06-12T12:41:36.872+07:00 DEBUG 11675 --- [chat-app] [ummary-update-3] c.h.c.s.GroupSummaryUpdatePublisher      : [publishToGroupMembers] Pushed group summary update to user=u919, groupId=13, destination=/topic/user.u919.group-updates, message=GroupSummaryUpdate(groupId=13, latestMessage=this is a demo msg, latestMessageSender=vegeta, latestMessageAt=2026-06-12T12:41:36.434507)
2026-06-12T12:41:36.872+07:00 DEBUG 11675 --- [chat-app] [ummary-update-3] c.h.c.c.CustomRabbitMQBrokerHandler      : Publishing to RabbitMQ: from instance=instance-dev to exchange=chat.user-updates, routingKey=user.u920.group-updates
2026-06-12T12:41:36.872+07:00 DEBUG 11675 --- [chat-app] [ummary-update-3] c.h.c.s.GroupSummaryUpdatePublisher      : [publishToGroupMembers] Pushed group summary update to user=u920, groupId=13, destination=/topic/user.u920.group-updates, message=GroupSummaryUpdate(groupId=13, latestMessage=this is a demo msg, latestMessageSender=vegeta, latestMessageAt=2026-06-12T12:41:36.434507)
2026-06-12T12:41:36.873+07:00 DEBUG 11675 --- [chat-app] [ummary-update-3] c.h.c.c.CustomRabbitMQBrokerHandler      : Publishing to RabbitMQ: from instance=instance-dev to exchange=chat.user-updates, routingKey=user.u921.group-updates
2026-06-12T12:41:36.873+07:00 DEBUG 11675 --- [chat-app] [ummary-update-3] c.h.c.s.GroupSummaryUpdatePublisher      : [publishToGroupMembers] Pushed group summary update to user=u921, groupId=13, destination=/topic/user.u921.group-updates, message=GroupSummaryUpdate(groupId=13, latestMessage=this is a demo msg, latestMessageSender=vegeta, latestMessageAt=2026-06-12T12:41:36.434507)
2026-06-12T12:41:36.873+07:00 DEBUG 11675 --- [chat-app] [ummary-update-3] c.h.c.c.CustomRabbitMQBrokerHandler      : Publishing to RabbitMQ: from instance=instance-dev to exchange=chat.user-updates, routingKey=user.u922.group-updates
2026-06-12T12:41:36.873+07:00 DEBUG 11675 --- [chat-app] [ummary-update-3] c.h.c.s.GroupSummaryUpdatePublisher      : [publishToGroupMembers] Pushed group summary update to user=u922, groupId=13, destination=/topic/user.u922.group-updates, message=GroupSummaryUpdate(groupId=13, latestMessage=this is a demo msg, latestMessageSender=vegeta, latestMessageAt=2026-06-12T12:41:36.434507)
2026-06-12T12:41:36.873+07:00 DEBUG 11675 --- [chat-app] [ummary-update-3] c.h.c.c.CustomRabbitMQBrokerHandler      : Publishing to RabbitMQ: from instance=instance-dev to exchange=chat.user-updates, routingKey=user.u923.group-updates
2026-06-12T12:41:36.873+07:00 DEBUG 11675 --- [chat-app] [ummary-update-3] c.h.c.s.GroupSummaryUpdatePublisher      : [publishToGroupMembers] Pushed group summary update to user=u923, groupId=13, destination=/topic/user.u923.group-updates, message=GroupSummaryUpdate(groupId=13, latestMessage=this is a demo msg, latestMessageSender=vegeta, latestMessageAt=2026-06-12T12:41:36.434507)
2026-06-12T12:41:36.873+07:00 DEBUG 11675 --- [chat-app] [ummary-update-3] c.h.c.c.CustomRabbitMQBrokerHandler      : Publishing to RabbitMQ: from instance=instance-dev to exchange=chat.user-updates, routingKey=user.u924.group-updates
2026-06-12T12:41:36.873+07:00 DEBUG 11675 --- [chat-app] [ummary-update-3] c.h.c.s.GroupSummaryUpdatePublisher      : [publishToGroupMembers] Pushed group summary update to user=u924, groupId=13, destination=/topic/user.u924.group-updates, message=GroupSummaryUpdate(groupId=13, latestMessage=this is a demo msg, latestMessageSender=vegeta, latestMessageAt=2026-06-12T12:41:36.434507)
2026-06-12T12:41:36.873+07:00 DEBUG 11675 --- [chat-app] [ummary-update-3] c.h.c.c.CustomRabbitMQBrokerHandler      : Publishing to RabbitMQ: from instance=instance-dev to exchange=chat.user-updates, routingKey=user.u925.group-updates
2026-06-12T12:41:36.873+07:00 DEBUG 11675 --- [chat-app] [ummary-update-3] c.h.c.s.GroupSummaryUpdatePublisher      : [publishToGroupMembers] Pushed group summary update to user=u925, groupId=13, destination=/topic/user.u925.group-updates, message=GroupSummaryUpdate(groupId=13, latestMessage=this is a demo msg, latestMessageSender=vegeta, latestMessageAt=2026-06-12T12:41:36.434507)
2026-06-12T12:41:36.873+07:00 DEBUG 11675 --- [chat-app] [ummary-update-3] c.h.c.c.CustomRabbitMQBrokerHandler      : Publishing to RabbitMQ: from instance=instance-dev to exchange=chat.user-updates, routingKey=user.u926.group-updates
2026-06-12T12:41:36.873+07:00 DEBUG 11675 --- [chat-app] [ummary-update-3] c.h.c.s.GroupSummaryUpdatePublisher      : [publishToGroupMembers] Pushed group summary update to user=u926, groupId=13, destination=/topic/user.u926.group-updates, message=GroupSummaryUpdate(groupId=13, latestMessage=this is a demo msg, latestMessageSender=vegeta, latestMessageAt=2026-06-12T12:41:36.434507)
2026-06-12T12:41:36.874+07:00 DEBUG 11675 --- [chat-app] [ummary-update-3] c.h.c.c.CustomRabbitMQBrokerHandler      : Publishing to RabbitMQ: from instance=instance-dev to exchange=chat.user-updates, routingKey=user.u927.group-updates
2026-06-12T12:41:36.874+07:00 DEBUG 11675 --- [chat-app] [ummary-update-3] c.h.c.s.GroupSummaryUpdatePublisher      : [publishToGroupMembers] Pushed group summary update to user=u927, groupId=13, destination=/topic/user.u927.group-updates, message=GroupSummaryUpdate(groupId=13, latestMessage=this is a demo msg, latestMessageSender=vegeta, latestMessageAt=2026-06-12T12:41:36.434507)
2026-06-12T12:41:36.874+07:00 DEBUG 11675 --- [chat-app] [ummary-update-3] c.h.c.c.CustomRabbitMQBrokerHandler      : Publishing to RabbitMQ: from instance=instance-dev to exchange=chat.user-updates, routingKey=user.u928.group-updates
2026-06-12T12:41:36.874+07:00 DEBUG 11675 --- [chat-app] [ummary-update-3] c.h.c.s.GroupSummaryUpdatePublisher      : [publishToGroupMembers] Pushed group summary update to user=u928, groupId=13, destination=/topic/user.u928.group-updates, message=GroupSummaryUpdate(groupId=13, latestMessage=this is a demo msg, latestMessageSender=vegeta, latestMessageAt=2026-06-12T12:41:36.434507)
2026-06-12T12:41:36.874+07:00 DEBUG 11675 --- [chat-app] [ummary-update-3] c.h.c.c.CustomRabbitMQBrokerHandler      : Publishing to RabbitMQ: from instance=instance-dev to exchange=chat.user-updates, routingKey=user.u929.group-updates
2026-06-12T12:41:36.874+07:00 DEBUG 11675 --- [chat-app] [ummary-update-3] c.h.c.s.GroupSummaryUpdatePublisher      : [publishToGroupMembers] Pushed group summary update to user=u929, groupId=13, destination=/topic/user.u929.group-updates, message=GroupSummaryUpdate(groupId=13, latestMessage=this is a demo msg, latestMessageSender=vegeta, latestMessageAt=2026-06-12T12:41:36.434507)
2026-06-12T12:41:36.874+07:00 DEBUG 11675 --- [chat-app] [ummary-update-3] c.h.c.c.CustomRabbitMQBrokerHandler      : Publishing to RabbitMQ: from instance=instance-dev to exchange=chat.user-updates, routingKey=user.u930.group-updates
2026-06-12T12:41:36.874+07:00 DEBUG 11675 --- [chat-app] [ummary-update-3] c.h.c.s.GroupSummaryUpdatePublisher      : [publishToGroupMembers] Pushed group summary update to user=u930, groupId=13, destination=/topic/user.u930.group-updates, message=GroupSummaryUpdate(groupId=13, latestMessage=this is a demo msg, latestMessageSender=vegeta, latestMessageAt=2026-06-12T12:41:36.434507)
2026-06-12T12:41:36.874+07:00 DEBUG 11675 --- [chat-app] [ummary-update-3] c.h.c.c.CustomRabbitMQBrokerHandler      : Publishing to RabbitMQ: from instance=instance-dev to exchange=chat.user-updates, routingKey=user.u931.group-updates
2026-06-12T12:41:36.875+07:00 DEBUG 11675 --- [chat-app] [ummary-update-3] c.h.c.s.GroupSummaryUpdatePublisher      : [publishToGroupMembers] Pushed group summary update to user=u931, groupId=13, destination=/topic/user.u931.group-updates, message=GroupSummaryUpdate(groupId=13, latestMessage=this is a demo msg, latestMessageSender=vegeta, latestMessageAt=2026-06-12T12:41:36.434507)
2026-06-12T12:41:36.875+07:00 DEBUG 11675 --- [chat-app] [ummary-update-3] c.h.c.c.CustomRabbitMQBrokerHandler      : Publishing to RabbitMQ: from instance=instance-dev to exchange=chat.user-updates, routingKey=user.u932.group-updates
2026-06-12T12:41:36.875+07:00 DEBUG 11675 --- [chat-app] [ummary-update-3] c.h.c.s.GroupSummaryUpdatePublisher      : [publishToGroupMembers] Pushed group summary update to user=u932, groupId=13, destination=/topic/user.u932.group-updates, message=GroupSummaryUpdate(groupId=13, latestMessage=this is a demo msg, latestMessageSender=vegeta, latestMessageAt=2026-06-12T12:41:36.434507)
2026-06-12T12:41:36.875+07:00 DEBUG 11675 --- [chat-app] [ummary-update-3] c.h.c.c.CustomRabbitMQBrokerHandler      : Publishing to RabbitMQ: from instance=instance-dev to exchange=chat.user-updates, routingKey=user.u933.group-updates
2026-06-12T12:41:36.875+07:00 DEBUG 11675 --- [chat-app] [ummary-update-3] c.h.c.s.GroupSummaryUpdatePublisher      : [publishToGroupMembers] Pushed group summary update to user=u933, groupId=13, destination=/topic/user.u933.group-updates, message=GroupSummaryUpdate(groupId=13, latestMessage=this is a demo msg, latestMessageSender=vegeta, latestMessageAt=2026-06-12T12:41:36.434507)
2026-06-12T12:41:36.875+07:00 DEBUG 11675 --- [chat-app] [ummary-update-3] c.h.c.c.CustomRabbitMQBrokerHandler      : Publishing to RabbitMQ: from instance=instance-dev to exchange=chat.user-updates, routingKey=user.u934.group-updates
2026-06-12T12:41:36.875+07:00 DEBUG 11675 --- [chat-app] [ummary-update-3] c.h.c.s.GroupSummaryUpdatePublisher      : [publishToGroupMembers] Pushed group summary update to user=u934, groupId=13, destination=/topic/user.u934.group-updates, message=GroupSummaryUpdate(groupId=13, latestMessage=this is a demo msg, latestMessageSender=vegeta, latestMessageAt=2026-06-12T12:41:36.434507)
2026-06-12T12:41:36.875+07:00 DEBUG 11675 --- [chat-app] [ummary-update-3] c.h.c.c.CustomRabbitMQBrokerHandler      : Publishing to RabbitMQ: from instance=instance-dev to exchange=chat.user-updates, routingKey=user.u935.group-updates
2026-06-12T12:41:36.875+07:00 DEBUG 11675 --- [chat-app] [ummary-update-3] c.h.c.s.GroupSummaryUpdatePublisher      : [publishToGroupMembers] Pushed group summary update to user=u935, groupId=13, destination=/topic/user.u935.group-updates, message=GroupSummaryUpdate(groupId=13, latestMessage=this is a demo msg, latestMessageSender=vegeta, latestMessageAt=2026-06-12T12:41:36.434507)
2026-06-12T12:41:36.875+07:00 DEBUG 11675 --- [chat-app] [ummary-update-3] c.h.c.c.CustomRabbitMQBrokerHandler      : Publishing to RabbitMQ: from instance=instance-dev to exchange=chat.user-updates, routingKey=user.u936.group-updates
2026-06-12T12:41:36.876+07:00 DEBUG 11675 --- [chat-app] [ummary-update-3] c.h.c.s.GroupSummaryUpdatePublisher      : [publishToGroupMembers] Pushed group summary update to user=u936, groupId=13, destination=/topic/user.u936.group-updates, message=GroupSummaryUpdate(groupId=13, latestMessage=this is a demo msg, latestMessageSender=vegeta, latestMessageAt=2026-06-12T12:41:36.434507)
2026-06-12T12:41:36.876+07:00 DEBUG 11675 --- [chat-app] [ummary-update-3] c.h.c.c.CustomRabbitMQBrokerHandler      : Publishing to RabbitMQ: from instance=instance-dev to exchange=chat.user-updates, routingKey=user.u937.group-updates
2026-06-12T12:41:36.876+07:00 DEBUG 11675 --- [chat-app] [ummary-update-3] c.h.c.s.GroupSummaryUpdatePublisher      : [publishToGroupMembers] Pushed group summary update to user=u937, groupId=13, destination=/topic/user.u937.group-updates, message=GroupSummaryUpdate(groupId=13, latestMessage=this is a demo msg, latestMessageSender=vegeta, latestMessageAt=2026-06-12T12:41:36.434507)
2026-06-12T12:41:36.876+07:00 DEBUG 11675 --- [chat-app] [ummary-update-3] c.h.c.c.CustomRabbitMQBrokerHandler      : Publishing to RabbitMQ: from instance=instance-dev to exchange=chat.user-updates, routingKey=user.u938.group-updates
2026-06-12T12:41:36.876+07:00 DEBUG 11675 --- [chat-app] [ummary-update-3] c.h.c.s.GroupSummaryUpdatePublisher      : [publishToGroupMembers] Pushed group summary update to user=u938, groupId=13, destination=/topic/user.u938.group-updates, message=GroupSummaryUpdate(groupId=13, latestMessage=this is a demo msg, latestMessageSender=vegeta, latestMessageAt=2026-06-12T12:41:36.434507)
2026-06-12T12:41:36.876+07:00 DEBUG 11675 --- [chat-app] [ummary-update-3] c.h.c.c.CustomRabbitMQBrokerHandler      : Publishing to RabbitMQ: from instance=instance-dev to exchange=chat.user-updates, routingKey=user.u939.group-updates
2026-06-12T12:41:36.876+07:00 DEBUG 11675 --- [chat-app] [ummary-update-3] c.h.c.s.GroupSummaryUpdatePublisher      : [publishToGroupMembers] Pushed group summary update to user=u939, groupId=13, destination=/topic/user.u939.group-updates, message=GroupSummaryUpdate(groupId=13, latestMessage=this is a demo msg, latestMessageSender=vegeta, latestMessageAt=2026-06-12T12:41:36.434507)
2026-06-12T12:41:36.876+07:00 DEBUG 11675 --- [chat-app] [ummary-update-3] c.h.c.c.CustomRabbitMQBrokerHandler      : Publishing to RabbitMQ: from instance=instance-dev to exchange=chat.user-updates, routingKey=user.u940.group-updates
2026-06-12T12:41:36.876+07:00 DEBUG 11675 --- [chat-app] [ummary-update-3] c.h.c.s.GroupSummaryUpdatePublisher      : [publishToGroupMembers] Pushed group summary update to user=u940, groupId=13, destination=/topic/user.u940.group-updates, message=GroupSummaryUpdate(groupId=13, latestMessage=this is a demo msg, latestMessageSender=vegeta, latestMessageAt=2026-06-12T12:41:36.434507)
2026-06-12T12:41:36.876+07:00 DEBUG 11675 --- [chat-app] [ummary-update-3] c.h.c.c.CustomRabbitMQBrokerHandler      : Publishing to RabbitMQ: from instance=instance-dev to exchange=chat.user-updates, routingKey=user.u941.group-updates
2026-06-12T12:41:36.876+07:00 DEBUG 11675 --- [chat-app] [ummary-update-3] c.h.c.s.GroupSummaryUpdatePublisher      : [publishToGroupMembers] Pushed group summary update to user=u941, groupId=13, destination=/topic/user.u941.group-updates, message=GroupSummaryUpdate(groupId=13, latestMessage=this is a demo msg, latestMessageSender=vegeta, latestMessageAt=2026-06-12T12:41:36.434507)
2026-06-12T12:41:36.876+07:00 DEBUG 11675 --- [chat-app] [ummary-update-3] c.h.c.c.CustomRabbitMQBrokerHandler      : Publishing to RabbitMQ: from instance=instance-dev to exchange=chat.user-updates, routingKey=user.u942.group-updates
2026-06-12T12:41:36.876+07:00 DEBUG 11675 --- [chat-app] [ummary-update-3] c.h.c.s.GroupSummaryUpdatePublisher      : [publishToGroupMembers] Pushed group summary update to user=u942, groupId=13, destination=/topic/user.u942.group-updates, message=GroupSummaryUpdate(groupId=13, latestMessage=this is a demo msg, latestMessageSender=vegeta, latestMessageAt=2026-06-12T12:41:36.434507)
2026-06-12T12:41:36.876+07:00 DEBUG 11675 --- [chat-app] [ummary-update-3] c.h.c.c.CustomRabbitMQBrokerHandler      : Publishing to RabbitMQ: from instance=instance-dev to exchange=chat.user-updates, routingKey=user.u943.group-updates
2026-06-12T12:41:36.876+07:00 DEBUG 11675 --- [chat-app] [ummary-update-3] c.h.c.s.GroupSummaryUpdatePublisher      : [publishToGroupMembers] Pushed group summary update to user=u943, groupId=13, destination=/topic/user.u943.group-updates, message=GroupSummaryUpdate(groupId=13, latestMessage=this is a demo msg, latestMessageSender=vegeta, latestMessageAt=2026-06-12T12:41:36.434507)
2026-06-12T12:41:36.877+07:00 DEBUG 11675 --- [chat-app] [ummary-update-3] c.h.c.c.CustomRabbitMQBrokerHandler      : Publishing to RabbitMQ: from instance=instance-dev to exchange=chat.user-updates, routingKey=user.u944.group-updates
2026-06-12T12:41:36.877+07:00 DEBUG 11675 --- [chat-app] [ummary-update-3] c.h.c.s.GroupSummaryUpdatePublisher      : [publishToGroupMembers] Pushed group summary update to user=u944, groupId=13, destination=/topic/user.u944.group-updates, message=GroupSummaryUpdate(groupId=13, latestMessage=this is a demo msg, latestMessageSender=vegeta, latestMessageAt=2026-06-12T12:41:36.434507)
2026-06-12T12:41:36.877+07:00 DEBUG 11675 --- [chat-app] [ummary-update-3] c.h.c.c.CustomRabbitMQBrokerHandler      : Publishing to RabbitMQ: from instance=instance-dev to exchange=chat.user-updates, routingKey=user.u945.group-updates
2026-06-12T12:41:36.877+07:00 DEBUG 11675 --- [chat-app] [ummary-update-3] c.h.c.s.GroupSummaryUpdatePublisher      : [publishToGroupMembers] Pushed group summary update to user=u945, groupId=13, destination=/topic/user.u945.group-updates, message=GroupSummaryUpdate(groupId=13, latestMessage=this is a demo msg, latestMessageSender=vegeta, latestMessageAt=2026-06-12T12:41:36.434507)
2026-06-12T12:41:36.877+07:00 DEBUG 11675 --- [chat-app] [ummary-update-3] c.h.c.c.CustomRabbitMQBrokerHandler      : Publishing to RabbitMQ: from instance=instance-dev to exchange=chat.user-updates, routingKey=user.u946.group-updates
2026-06-12T12:41:36.877+07:00 DEBUG 11675 --- [chat-app] [ummary-update-3] c.h.c.s.GroupSummaryUpdatePublisher      : [publishToGroupMembers] Pushed group summary update to user=u946, groupId=13, destination=/topic/user.u946.group-updates, message=GroupSummaryUpdate(groupId=13, latestMessage=this is a demo msg, latestMessageSender=vegeta, latestMessageAt=2026-06-12T12:41:36.434507)
2026-06-12T12:41:36.877+07:00 DEBUG 11675 --- [chat-app] [ummary-update-3] c.h.c.c.CustomRabbitMQBrokerHandler      : Publishing to RabbitMQ: from instance=instance-dev to exchange=chat.user-updates, routingKey=user.u947.group-updates
2026-06-12T12:41:36.877+07:00 DEBUG 11675 --- [chat-app] [ummary-update-3] c.h.c.s.GroupSummaryUpdatePublisher      : [publishToGroupMembers] Pushed group summary update to user=u947, groupId=13, destination=/topic/user.u947.group-updates, message=GroupSummaryUpdate(groupId=13, latestMessage=this is a demo msg, latestMessageSender=vegeta, latestMessageAt=2026-06-12T12:41:36.434507)
2026-06-12T12:41:36.877+07:00 DEBUG 11675 --- [chat-app] [ummary-update-3] c.h.c.c.CustomRabbitMQBrokerHandler      : Publishing to RabbitMQ: from instance=instance-dev to exchange=chat.user-updates, routingKey=user.u948.group-updates
2026-06-12T12:41:36.877+07:00 DEBUG 11675 --- [chat-app] [ummary-update-3] c.h.c.s.GroupSummaryUpdatePublisher      : [publishToGroupMembers] Pushed group summary update to user=u948, groupId=13, destination=/topic/user.u948.group-updates, message=GroupSummaryUpdate(groupId=13, latestMessage=this is a demo msg, latestMessageSender=vegeta, latestMessageAt=2026-06-12T12:41:36.434507)
2026-06-12T12:41:36.878+07:00 DEBUG 11675 --- [chat-app] [ummary-update-3] c.h.c.c.CustomRabbitMQBrokerHandler      : Publishing to RabbitMQ: from instance=instance-dev to exchange=chat.user-updates, routingKey=user.u949.group-updates
2026-06-12T12:41:36.878+07:00 DEBUG 11675 --- [chat-app] [ummary-update-3] c.h.c.s.GroupSummaryUpdatePublisher      : [publishToGroupMembers] Pushed group summary update to user=u949, groupId=13, destination=/topic/user.u949.group-updates, message=GroupSummaryUpdate(groupId=13, latestMessage=this is a demo msg, latestMessageSender=vegeta, latestMessageAt=2026-06-12T12:41:36.434507)
2026-06-12T12:41:36.878+07:00 DEBUG 11675 --- [chat-app] [ummary-update-3] c.h.c.c.CustomRabbitMQBrokerHandler      : Publishing to RabbitMQ: from instance=instance-dev to exchange=chat.user-updates, routingKey=user.u950.group-updates
2026-06-12T12:41:36.878+07:00 DEBUG 11675 --- [chat-app] [ummary-update-3] c.h.c.s.GroupSummaryUpdatePublisher      : [publishToGroupMembers] Pushed group summary update to user=u950, groupId=13, destination=/topic/user.u950.group-updates, message=GroupSummaryUpdate(groupId=13, latestMessage=this is a demo msg, latestMessageSender=vegeta, latestMessageAt=2026-06-12T12:41:36.434507)
2026-06-12T12:41:36.878+07:00 DEBUG 11675 --- [chat-app] [ummary-update-3] c.h.c.c.CustomRabbitMQBrokerHandler      : Publishing to RabbitMQ: from instance=instance-dev to exchange=chat.user-updates, routingKey=user.u951.group-updates
2026-06-12T12:41:36.878+07:00 DEBUG 11675 --- [chat-app] [ummary-update-3] c.h.c.s.GroupSummaryUpdatePublisher      : [publishToGroupMembers] Pushed group summary update to user=u951, groupId=13, destination=/topic/user.u951.group-updates, message=GroupSummaryUpdate(groupId=13, latestMessage=this is a demo msg, latestMessageSender=vegeta, latestMessageAt=2026-06-12T12:41:36.434507)
2026-06-12T12:41:36.878+07:00 DEBUG 11675 --- [chat-app] [ummary-update-3] c.h.c.c.CustomRabbitMQBrokerHandler      : Publishing to RabbitMQ: from instance=instance-dev to exchange=chat.user-updates, routingKey=user.u952.group-updates
2026-06-12T12:41:36.878+07:00 DEBUG 11675 --- [chat-app] [ummary-update-3] c.h.c.s.GroupSummaryUpdatePublisher      : [publishToGroupMembers] Pushed group summary update to user=u952, groupId=13, destination=/topic/user.u952.group-updates, message=GroupSummaryUpdate(groupId=13, latestMessage=this is a demo msg, latestMessageSender=vegeta, latestMessageAt=2026-06-12T12:41:36.434507)
2026-06-12T12:41:36.878+07:00 DEBUG 11675 --- [chat-app] [ummary-update-3] c.h.c.c.CustomRabbitMQBrokerHandler      : Publishing to RabbitMQ: from instance=instance-dev to exchange=chat.user-updates, routingKey=user.u953.group-updates
2026-06-12T12:41:36.878+07:00 DEBUG 11675 --- [chat-app] [ummary-update-3] c.h.c.s.GroupSummaryUpdatePublisher      : [publishToGroupMembers] Pushed group summary update to user=u953, groupId=13, destination=/topic/user.u953.group-updates, message=GroupSummaryUpdate(groupId=13, latestMessage=this is a demo msg, latestMessageSender=vegeta, latestMessageAt=2026-06-12T12:41:36.434507)
2026-06-12T12:41:36.878+07:00 DEBUG 11675 --- [chat-app] [ummary-update-3] c.h.c.c.CustomRabbitMQBrokerHandler      : Publishing to RabbitMQ: from instance=instance-dev to exchange=chat.user-updates, routingKey=user.u954.group-updates
2026-06-12T12:41:36.878+07:00 DEBUG 11675 --- [chat-app] [ummary-update-3] c.h.c.s.GroupSummaryUpdatePublisher      : [publishToGroupMembers] Pushed group summary update to user=u954, groupId=13, destination=/topic/user.u954.group-updates, message=GroupSummaryUpdate(groupId=13, latestMessage=this is a demo msg, latestMessageSender=vegeta, latestMessageAt=2026-06-12T12:41:36.434507)
2026-06-12T12:41:36.878+07:00 DEBUG 11675 --- [chat-app] [ummary-update-3] c.h.c.c.CustomRabbitMQBrokerHandler      : Publishing to RabbitMQ: from instance=instance-dev to exchange=chat.user-updates, routingKey=user.u955.group-updates
2026-06-12T12:41:36.878+07:00 DEBUG 11675 --- [chat-app] [ummary-update-3] c.h.c.s.GroupSummaryUpdatePublisher      : [publishToGroupMembers] Pushed group summary update to user=u955, groupId=13, destination=/topic/user.u955.group-updates, message=GroupSummaryUpdate(groupId=13, latestMessage=this is a demo msg, latestMessageSender=vegeta, latestMessageAt=2026-06-12T12:41:36.434507)
2026-06-12T12:41:36.879+07:00 DEBUG 11675 --- [chat-app] [ummary-update-3] c.h.c.c.CustomRabbitMQBrokerHandler      : Publishing to RabbitMQ: from instance=instance-dev to exchange=chat.user-updates, routingKey=user.u956.group-updates
2026-06-12T12:41:36.879+07:00 DEBUG 11675 --- [chat-app] [ummary-update-3] c.h.c.s.GroupSummaryUpdatePublisher      : [publishToGroupMembers] Pushed group summary update to user=u956, groupId=13, destination=/topic/user.u956.group-updates, message=GroupSummaryUpdate(groupId=13, latestMessage=this is a demo msg, latestMessageSender=vegeta, latestMessageAt=2026-06-12T12:41:36.434507)
2026-06-12T12:41:36.879+07:00 DEBUG 11675 --- [chat-app] [ummary-update-3] c.h.c.c.CustomRabbitMQBrokerHandler      : Publishing to RabbitMQ: from instance=instance-dev to exchange=chat.user-updates, routingKey=user.u957.group-updates
2026-06-12T12:41:36.879+07:00 DEBUG 11675 --- [chat-app] [ummary-update-3] c.h.c.s.GroupSummaryUpdatePublisher      : [publishToGroupMembers] Pushed group summary update to user=u957, groupId=13, destination=/topic/user.u957.group-updates, message=GroupSummaryUpdate(groupId=13, latestMessage=this is a demo msg, latestMessageSender=vegeta, latestMessageAt=2026-06-12T12:41:36.434507)
2026-06-12T12:41:36.879+07:00 DEBUG 11675 --- [chat-app] [ummary-update-3] c.h.c.c.CustomRabbitMQBrokerHandler      : Publishing to RabbitMQ: from instance=instance-dev to exchange=chat.user-updates, routingKey=user.u958.group-updates
2026-06-12T12:41:36.879+07:00 DEBUG 11675 --- [chat-app] [ummary-update-3] c.h.c.s.GroupSummaryUpdatePublisher      : [publishToGroupMembers] Pushed group summary update to user=u958, groupId=13, destination=/topic/user.u958.group-updates, message=GroupSummaryUpdate(groupId=13, latestMessage=this is a demo msg, latestMessageSender=vegeta, latestMessageAt=2026-06-12T12:41:36.434507)
2026-06-12T12:41:36.879+07:00 DEBUG 11675 --- [chat-app] [ummary-update-3] c.h.c.c.CustomRabbitMQBrokerHandler      : Publishing to RabbitMQ: from instance=instance-dev to exchange=chat.user-updates, routingKey=user.u959.group-updates
2026-06-12T12:41:36.879+07:00 DEBUG 11675 --- [chat-app] [ummary-update-3] c.h.c.s.GroupSummaryUpdatePublisher      : [publishToGroupMembers] Pushed group summary update to user=u959, groupId=13, destination=/topic/user.u959.group-updates, message=GroupSummaryUpdate(groupId=13, latestMessage=this is a demo msg, latestMessageSender=vegeta, latestMessageAt=2026-06-12T12:41:36.434507)
2026-06-12T12:41:36.879+07:00 DEBUG 11675 --- [chat-app] [ummary-update-3] c.h.c.c.CustomRabbitMQBrokerHandler      : Publishing to RabbitMQ: from instance=instance-dev to exchange=chat.user-updates, routingKey=user.u960.group-updates
2026-06-12T12:41:36.880+07:00 DEBUG 11675 --- [chat-app] [ummary-update-3] c.h.c.s.GroupSummaryUpdatePublisher      : [publishToGroupMembers] Pushed group summary update to user=u960, groupId=13, destination=/topic/user.u960.group-updates, message=GroupSummaryUpdate(groupId=13, latestMessage=this is a demo msg, latestMessageSender=vegeta, latestMessageAt=2026-06-12T12:41:36.434507)
2026-06-12T12:41:36.880+07:00 DEBUG 11675 --- [chat-app] [ummary-update-3] c.h.c.c.CustomRabbitMQBrokerHandler      : Publishing to RabbitMQ: from instance=instance-dev to exchange=chat.user-updates, routingKey=user.u961.group-updates
2026-06-12T12:41:36.880+07:00 DEBUG 11675 --- [chat-app] [ummary-update-3] c.h.c.s.GroupSummaryUpdatePublisher      : [publishToGroupMembers] Pushed group summary update to user=u961, groupId=13, destination=/topic/user.u961.group-updates, message=GroupSummaryUpdate(groupId=13, latestMessage=this is a demo msg, latestMessageSender=vegeta, latestMessageAt=2026-06-12T12:41:36.434507)
2026-06-12T12:41:36.880+07:00 DEBUG 11675 --- [chat-app] [ummary-update-3] c.h.c.c.CustomRabbitMQBrokerHandler      : Publishing to RabbitMQ: from instance=instance-dev to exchange=chat.user-updates, routingKey=user.u962.group-updates
2026-06-12T12:41:36.880+07:00 DEBUG 11675 --- [chat-app] [ummary-update-3] c.h.c.s.GroupSummaryUpdatePublisher      : [publishToGroupMembers] Pushed group summary update to user=u962, groupId=13, destination=/topic/user.u962.group-updates, message=GroupSummaryUpdate(groupId=13, latestMessage=this is a demo msg, latestMessageSender=vegeta, latestMessageAt=2026-06-12T12:41:36.434507)
2026-06-12T12:41:36.880+07:00 DEBUG 11675 --- [chat-app] [ummary-update-3] c.h.c.c.CustomRabbitMQBrokerHandler      : Publishing to RabbitMQ: from instance=instance-dev to exchange=chat.user-updates, routingKey=user.u963.group-updates
2026-06-12T12:41:36.880+07:00 DEBUG 11675 --- [chat-app] [ummary-update-3] c.h.c.s.GroupSummaryUpdatePublisher      : [publishToGroupMembers] Pushed group summary update to user=u963, groupId=13, destination=/topic/user.u963.group-updates, message=GroupSummaryUpdate(groupId=13, latestMessage=this is a demo msg, latestMessageSender=vegeta, latestMessageAt=2026-06-12T12:41:36.434507)
2026-06-12T12:41:36.880+07:00 DEBUG 11675 --- [chat-app] [ummary-update-3] c.h.c.c.CustomRabbitMQBrokerHandler      : Publishing to RabbitMQ: from instance=instance-dev to exchange=chat.user-updates, routingKey=user.u964.group-updates
2026-06-12T12:41:36.880+07:00 DEBUG 11675 --- [chat-app] [ummary-update-3] c.h.c.s.GroupSummaryUpdatePublisher      : [publishToGroupMembers] Pushed group summary update to user=u964, groupId=13, destination=/topic/user.u964.group-updates, message=GroupSummaryUpdate(groupId=13, latestMessage=this is a demo msg, latestMessageSender=vegeta, latestMessageAt=2026-06-12T12:41:36.434507)
2026-06-12T12:41:36.880+07:00 DEBUG 11675 --- [chat-app] [ummary-update-3] c.h.c.c.CustomRabbitMQBrokerHandler      : Publishing to RabbitMQ: from instance=instance-dev to exchange=chat.user-updates, routingKey=user.u965.group-updates
2026-06-12T12:41:36.881+07:00 DEBUG 11675 --- [chat-app] [ummary-update-3] c.h.c.s.GroupSummaryUpdatePublisher      : [publishToGroupMembers] Pushed group summary update to user=u965, groupId=13, destination=/topic/user.u965.group-updates, message=GroupSummaryUpdate(groupId=13, latestMessage=this is a demo msg, latestMessageSender=vegeta, latestMessageAt=2026-06-12T12:41:36.434507)
2026-06-12T12:41:36.881+07:00 DEBUG 11675 --- [chat-app] [ummary-update-3] c.h.c.c.CustomRabbitMQBrokerHandler      : Publishing to RabbitMQ: from instance=instance-dev to exchange=chat.user-updates, routingKey=user.u966.group-updates
2026-06-12T12:41:36.881+07:00 DEBUG 11675 --- [chat-app] [ummary-update-3] c.h.c.s.GroupSummaryUpdatePublisher      : [publishToGroupMembers] Pushed group summary update to user=u966, groupId=13, destination=/topic/user.u966.group-updates, message=GroupSummaryUpdate(groupId=13, latestMessage=this is a demo msg, latestMessageSender=vegeta, latestMessageAt=2026-06-12T12:41:36.434507)
2026-06-12T12:41:36.881+07:00 DEBUG 11675 --- [chat-app] [ummary-update-3] c.h.c.c.CustomRabbitMQBrokerHandler      : Publishing to RabbitMQ: from instance=instance-dev to exchange=chat.user-updates, routingKey=user.u967.group-updates
2026-06-12T12:41:36.881+07:00 DEBUG 11675 --- [chat-app] [ummary-update-3] c.h.c.s.GroupSummaryUpdatePublisher      : [publishToGroupMembers] Pushed group summary update to user=u967, groupId=13, destination=/topic/user.u967.group-updates, message=GroupSummaryUpdate(groupId=13, latestMessage=this is a demo msg, latestMessageSender=vegeta, latestMessageAt=2026-06-12T12:41:36.434507)
2026-06-12T12:41:36.881+07:00 DEBUG 11675 --- [chat-app] [ummary-update-3] c.h.c.c.CustomRabbitMQBrokerHandler      : Publishing to RabbitMQ: from instance=instance-dev to exchange=chat.user-updates, routingKey=user.u968.group-updates
2026-06-12T12:41:36.881+07:00 DEBUG 11675 --- [chat-app] [ummary-update-3] c.h.c.s.GroupSummaryUpdatePublisher      : [publishToGroupMembers] Pushed group summary update to user=u968, groupId=13, destination=/topic/user.u968.group-updates, message=GroupSummaryUpdate(groupId=13, latestMessage=this is a demo msg, latestMessageSender=vegeta, latestMessageAt=2026-06-12T12:41:36.434507)
2026-06-12T12:41:36.881+07:00 DEBUG 11675 --- [chat-app] [ummary-update-3] c.h.c.c.CustomRabbitMQBrokerHandler      : Publishing to RabbitMQ: from instance=instance-dev to exchange=chat.user-updates, routingKey=user.u969.group-updates
2026-06-12T12:41:36.881+07:00 DEBUG 11675 --- [chat-app] [ummary-update-3] c.h.c.s.GroupSummaryUpdatePublisher      : [publishToGroupMembers] Pushed group summary update to user=u969, groupId=13, destination=/topic/user.u969.group-updates, message=GroupSummaryUpdate(groupId=13, latestMessage=this is a demo msg, latestMessageSender=vegeta, latestMessageAt=2026-06-12T12:41:36.434507)
2026-06-12T12:41:36.881+07:00 DEBUG 11675 --- [chat-app] [ummary-update-3] c.h.c.c.CustomRabbitMQBrokerHandler      : Publishing to RabbitMQ: from instance=instance-dev to exchange=chat.user-updates, routingKey=user.u970.group-updates
2026-06-12T12:41:36.881+07:00 DEBUG 11675 --- [chat-app] [ummary-update-3] c.h.c.s.GroupSummaryUpdatePublisher      : [publishToGroupMembers] Pushed group summary update to user=u970, groupId=13, destination=/topic/user.u970.group-updates, message=GroupSummaryUpdate(groupId=13, latestMessage=this is a demo msg, latestMessageSender=vegeta, latestMessageAt=2026-06-12T12:41:36.434507)
2026-06-12T12:41:36.881+07:00 DEBUG 11675 --- [chat-app] [ummary-update-3] c.h.c.c.CustomRabbitMQBrokerHandler      : Publishing to RabbitMQ: from instance=instance-dev to exchange=chat.user-updates, routingKey=user.u971.group-updates
2026-06-12T12:41:36.881+07:00 DEBUG 11675 --- [chat-app] [ummary-update-3] c.h.c.s.GroupSummaryUpdatePublisher      : [publishToGroupMembers] Pushed group summary update to user=u971, groupId=13, destination=/topic/user.u971.group-updates, message=GroupSummaryUpdate(groupId=13, latestMessage=this is a demo msg, latestMessageSender=vegeta, latestMessageAt=2026-06-12T12:41:36.434507)
2026-06-12T12:41:36.881+07:00 DEBUG 11675 --- [chat-app] [ummary-update-3] c.h.c.c.CustomRabbitMQBrokerHandler      : Publishing to RabbitMQ: from instance=instance-dev to exchange=chat.user-updates, routingKey=user.u972.group-updates
2026-06-12T12:41:36.881+07:00 DEBUG 11675 --- [chat-app] [ummary-update-3] c.h.c.s.GroupSummaryUpdatePublisher      : [publishToGroupMembers] Pushed group summary update to user=u972, groupId=13, destination=/topic/user.u972.group-updates, message=GroupSummaryUpdate(groupId=13, latestMessage=this is a demo msg, latestMessageSender=vegeta, latestMessageAt=2026-06-12T12:41:36.434507)
2026-06-12T12:41:36.881+07:00 DEBUG 11675 --- [chat-app] [ummary-update-3] c.h.c.c.CustomRabbitMQBrokerHandler      : Publishing to RabbitMQ: from instance=instance-dev to exchange=chat.user-updates, routingKey=user.u973.group-updates
2026-06-12T12:41:36.882+07:00 DEBUG 11675 --- [chat-app] [ummary-update-3] c.h.c.s.GroupSummaryUpdatePublisher      : [publishToGroupMembers] Pushed group summary update to user=u973, groupId=13, destination=/topic/user.u973.group-updates, message=GroupSummaryUpdate(groupId=13, latestMessage=this is a demo msg, latestMessageSender=vegeta, latestMessageAt=2026-06-12T12:41:36.434507)
2026-06-12T12:41:36.882+07:00 DEBUG 11675 --- [chat-app] [ummary-update-3] c.h.c.c.CustomRabbitMQBrokerHandler      : Publishing to RabbitMQ: from instance=instance-dev to exchange=chat.user-updates, routingKey=user.u974.group-updates
2026-06-12T12:41:36.882+07:00 DEBUG 11675 --- [chat-app] [ummary-update-3] c.h.c.s.GroupSummaryUpdatePublisher      : [publishToGroupMembers] Pushed group summary update to user=u974, groupId=13, destination=/topic/user.u974.group-updates, message=GroupSummaryUpdate(groupId=13, latestMessage=this is a demo msg, latestMessageSender=vegeta, latestMessageAt=2026-06-12T12:41:36.434507)
2026-06-12T12:41:36.882+07:00 DEBUG 11675 --- [chat-app] [ummary-update-3] c.h.c.c.CustomRabbitMQBrokerHandler      : Publishing to RabbitMQ: from instance=instance-dev to exchange=chat.user-updates, routingKey=user.u975.group-updates
2026-06-12T12:41:36.882+07:00 DEBUG 11675 --- [chat-app] [ummary-update-3] c.h.c.s.GroupSummaryUpdatePublisher      : [publishToGroupMembers] Pushed group summary update to user=u975, groupId=13, destination=/topic/user.u975.group-updates, message=GroupSummaryUpdate(groupId=13, latestMessage=this is a demo msg, latestMessageSender=vegeta, latestMessageAt=2026-06-12T12:41:36.434507)
2026-06-12T12:41:36.882+07:00 DEBUG 11675 --- [chat-app] [ummary-update-3] c.h.c.c.CustomRabbitMQBrokerHandler      : Publishing to RabbitMQ: from instance=instance-dev to exchange=chat.user-updates, routingKey=user.u976.group-updates
2026-06-12T12:41:36.882+07:00 DEBUG 11675 --- [chat-app] [ummary-update-3] c.h.c.s.GroupSummaryUpdatePublisher      : [publishToGroupMembers] Pushed group summary update to user=u976, groupId=13, destination=/topic/user.u976.group-updates, message=GroupSummaryUpdate(groupId=13, latestMessage=this is a demo msg, latestMessageSender=vegeta, latestMessageAt=2026-06-12T12:41:36.434507)
2026-06-12T12:41:36.882+07:00 DEBUG 11675 --- [chat-app] [ummary-update-3] c.h.c.c.CustomRabbitMQBrokerHandler      : Publishing to RabbitMQ: from instance=instance-dev to exchange=chat.user-updates, routingKey=user.u977.group-updates
2026-06-12T12:41:36.882+07:00 DEBUG 11675 --- [chat-app] [ummary-update-3] c.h.c.s.GroupSummaryUpdatePublisher      : [publishToGroupMembers] Pushed group summary update to user=u977, groupId=13, destination=/topic/user.u977.group-updates, message=GroupSummaryUpdate(groupId=13, latestMessage=this is a demo msg, latestMessageSender=vegeta, latestMessageAt=2026-06-12T12:41:36.434507)
2026-06-12T12:41:36.882+07:00 DEBUG 11675 --- [chat-app] [ummary-update-3] c.h.c.c.CustomRabbitMQBrokerHandler      : Publishing to RabbitMQ: from instance=instance-dev to exchange=chat.user-updates, routingKey=user.u978.group-updates
2026-06-12T12:41:36.882+07:00 DEBUG 11675 --- [chat-app] [ummary-update-3] c.h.c.s.GroupSummaryUpdatePublisher      : [publishToGroupMembers] Pushed group summary update to user=u978, groupId=13, destination=/topic/user.u978.group-updates, message=GroupSummaryUpdate(groupId=13, latestMessage=this is a demo msg, latestMessageSender=vegeta, latestMessageAt=2026-06-12T12:41:36.434507)
2026-06-12T12:41:36.882+07:00 DEBUG 11675 --- [chat-app] [ummary-update-3] c.h.c.c.CustomRabbitMQBrokerHandler      : Publishing to RabbitMQ: from instance=instance-dev to exchange=chat.user-updates, routingKey=user.u979.group-updates
2026-06-12T12:41:36.882+07:00 DEBUG 11675 --- [chat-app] [ummary-update-3] c.h.c.s.GroupSummaryUpdatePublisher      : [publishToGroupMembers] Pushed group summary update to user=u979, groupId=13, destination=/topic/user.u979.group-updates, message=GroupSummaryUpdate(groupId=13, latestMessage=this is a demo msg, latestMessageSender=vegeta, latestMessageAt=2026-06-12T12:41:36.434507)
2026-06-12T12:41:36.882+07:00 DEBUG 11675 --- [chat-app] [ummary-update-3] c.h.c.c.CustomRabbitMQBrokerHandler      : Publishing to RabbitMQ: from instance=instance-dev to exchange=chat.user-updates, routingKey=user.u980.group-updates
2026-06-12T12:41:36.882+07:00 DEBUG 11675 --- [chat-app] [ummary-update-3] c.h.c.s.GroupSummaryUpdatePublisher      : [publishToGroupMembers] Pushed group summary update to user=u980, groupId=13, destination=/topic/user.u980.group-updates, message=GroupSummaryUpdate(groupId=13, latestMessage=this is a demo msg, latestMessageSender=vegeta, latestMessageAt=2026-06-12T12:41:36.434507)
2026-06-12T12:41:36.882+07:00 DEBUG 11675 --- [chat-app] [ummary-update-3] c.h.c.c.CustomRabbitMQBrokerHandler      : Publishing to RabbitMQ: from instance=instance-dev to exchange=chat.user-updates, routingKey=user.u981.group-updates
2026-06-12T12:41:36.882+07:00 DEBUG 11675 --- [chat-app] [ummary-update-3] c.h.c.s.GroupSummaryUpdatePublisher      : [publishToGroupMembers] Pushed group summary update to user=u981, groupId=13, destination=/topic/user.u981.group-updates, message=GroupSummaryUpdate(groupId=13, latestMessage=this is a demo msg, latestMessageSender=vegeta, latestMessageAt=2026-06-12T12:41:36.434507)
2026-06-12T12:41:36.882+07:00 DEBUG 11675 --- [chat-app] [ummary-update-3] c.h.c.c.CustomRabbitMQBrokerHandler      : Publishing to RabbitMQ: from instance=instance-dev to exchange=chat.user-updates, routingKey=user.u982.group-updates
2026-06-12T12:41:36.882+07:00 DEBUG 11675 --- [chat-app] [ummary-update-3] c.h.c.s.GroupSummaryUpdatePublisher      : [publishToGroupMembers] Pushed group summary update to user=u982, groupId=13, destination=/topic/user.u982.group-updates, message=GroupSummaryUpdate(groupId=13, latestMessage=this is a demo msg, latestMessageSender=vegeta, latestMessageAt=2026-06-12T12:41:36.434507)
2026-06-12T12:41:36.882+07:00 DEBUG 11675 --- [chat-app] [ummary-update-3] c.h.c.c.CustomRabbitMQBrokerHandler      : Publishing to RabbitMQ: from instance=instance-dev to exchange=chat.user-updates, routingKey=user.u983.group-updates
2026-06-12T12:41:36.882+07:00 DEBUG 11675 --- [chat-app] [ummary-update-3] c.h.c.s.GroupSummaryUpdatePublisher      : [publishToGroupMembers] Pushed group summary update to user=u983, groupId=13, destination=/topic/user.u983.group-updates, message=GroupSummaryUpdate(groupId=13, latestMessage=this is a demo msg, latestMessageSender=vegeta, latestMessageAt=2026-06-12T12:41:36.434507)
2026-06-12T12:41:36.882+07:00 DEBUG 11675 --- [chat-app] [ummary-update-3] c.h.c.c.CustomRabbitMQBrokerHandler      : Publishing to RabbitMQ: from instance=instance-dev to exchange=chat.user-updates, routingKey=user.u984.group-updates
2026-06-12T12:41:36.882+07:00 DEBUG 11675 --- [chat-app] [ummary-update-3] c.h.c.s.GroupSummaryUpdatePublisher      : [publishToGroupMembers] Pushed group summary update to user=u984, groupId=13, destination=/topic/user.u984.group-updates, message=GroupSummaryUpdate(groupId=13, latestMessage=this is a demo msg, latestMessageSender=vegeta, latestMessageAt=2026-06-12T12:41:36.434507)
2026-06-12T12:41:36.882+07:00 DEBUG 11675 --- [chat-app] [ummary-update-3] c.h.c.c.CustomRabbitMQBrokerHandler      : Publishing to RabbitMQ: from instance=instance-dev to exchange=chat.user-updates, routingKey=user.u985.group-updates
2026-06-12T12:41:36.883+07:00 DEBUG 11675 --- [chat-app] [ummary-update-3] c.h.c.s.GroupSummaryUpdatePublisher      : [publishToGroupMembers] Pushed group summary update to user=u985, groupId=13, destination=/topic/user.u985.group-updates, message=GroupSummaryUpdate(groupId=13, latestMessage=this is a demo msg, latestMessageSender=vegeta, latestMessageAt=2026-06-12T12:41:36.434507)
2026-06-12T12:41:36.883+07:00 DEBUG 11675 --- [chat-app] [ummary-update-3] c.h.c.c.CustomRabbitMQBrokerHandler      : Publishing to RabbitMQ: from instance=instance-dev to exchange=chat.user-updates, routingKey=user.u986.group-updates
2026-06-12T12:41:36.883+07:00 DEBUG 11675 --- [chat-app] [ummary-update-3] c.h.c.s.GroupSummaryUpdatePublisher      : [publishToGroupMembers] Pushed group summary update to user=u986, groupId=13, destination=/topic/user.u986.group-updates, message=GroupSummaryUpdate(groupId=13, latestMessage=this is a demo msg, latestMessageSender=vegeta, latestMessageAt=2026-06-12T12:41:36.434507)
2026-06-12T12:41:36.883+07:00 DEBUG 11675 --- [chat-app] [ummary-update-3] c.h.c.c.CustomRabbitMQBrokerHandler      : Publishing to RabbitMQ: from instance=instance-dev to exchange=chat.user-updates, routingKey=user.u987.group-updates
2026-06-12T12:41:36.883+07:00 DEBUG 11675 --- [chat-app] [ummary-update-3] c.h.c.s.GroupSummaryUpdatePublisher      : [publishToGroupMembers] Pushed group summary update to user=u987, groupId=13, destination=/topic/user.u987.group-updates, message=GroupSummaryUpdate(groupId=13, latestMessage=this is a demo msg, latestMessageSender=vegeta, latestMessageAt=2026-06-12T12:41:36.434507)
2026-06-12T12:41:36.883+07:00 DEBUG 11675 --- [chat-app] [ummary-update-3] c.h.c.c.CustomRabbitMQBrokerHandler      : Publishing to RabbitMQ: from instance=instance-dev to exchange=chat.user-updates, routingKey=user.u988.group-updates
2026-06-12T12:41:36.883+07:00 DEBUG 11675 --- [chat-app] [ummary-update-3] c.h.c.s.GroupSummaryUpdatePublisher      : [publishToGroupMembers] Pushed group summary update to user=u988, groupId=13, destination=/topic/user.u988.group-updates, message=GroupSummaryUpdate(groupId=13, latestMessage=this is a demo msg, latestMessageSender=vegeta, latestMessageAt=2026-06-12T12:41:36.434507)
2026-06-12T12:41:36.883+07:00 DEBUG 11675 --- [chat-app] [ummary-update-3] c.h.c.c.CustomRabbitMQBrokerHandler      : Publishing to RabbitMQ: from instance=instance-dev to exchange=chat.user-updates, routingKey=user.u989.group-updates
2026-06-12T12:41:36.883+07:00 DEBUG 11675 --- [chat-app] [ummary-update-3] c.h.c.s.GroupSummaryUpdatePublisher      : [publishToGroupMembers] Pushed group summary update to user=u989, groupId=13, destination=/topic/user.u989.group-updates, message=GroupSummaryUpdate(groupId=13, latestMessage=this is a demo msg, latestMessageSender=vegeta, latestMessageAt=2026-06-12T12:41:36.434507)
2026-06-12T12:41:36.883+07:00 DEBUG 11675 --- [chat-app] [ummary-update-3] c.h.c.c.CustomRabbitMQBrokerHandler      : Publishing to RabbitMQ: from instance=instance-dev to exchange=chat.user-updates, routingKey=user.u990.group-updates
2026-06-12T12:41:36.883+07:00 DEBUG 11675 --- [chat-app] [ummary-update-3] c.h.c.s.GroupSummaryUpdatePublisher      : [publishToGroupMembers] Pushed group summary update to user=u990, groupId=13, destination=/topic/user.u990.group-updates, message=GroupSummaryUpdate(groupId=13, latestMessage=this is a demo msg, latestMessageSender=vegeta, latestMessageAt=2026-06-12T12:41:36.434507)
2026-06-12T12:41:36.883+07:00 DEBUG 11675 --- [chat-app] [ummary-update-3] c.h.c.c.CustomRabbitMQBrokerHandler      : Publishing to RabbitMQ: from instance=instance-dev to exchange=chat.user-updates, routingKey=user.u991.group-updates
2026-06-12T12:41:36.883+07:00 DEBUG 11675 --- [chat-app] [ummary-update-3] c.h.c.s.GroupSummaryUpdatePublisher      : [publishToGroupMembers] Pushed group summary update to user=u991, groupId=13, destination=/topic/user.u991.group-updates, message=GroupSummaryUpdate(groupId=13, latestMessage=this is a demo msg, latestMessageSender=vegeta, latestMessageAt=2026-06-12T12:41:36.434507)
2026-06-12T12:41:36.884+07:00 DEBUG 11675 --- [chat-app] [ummary-update-3] c.h.c.c.CustomRabbitMQBrokerHandler      : Publishing to RabbitMQ: from instance=instance-dev to exchange=chat.user-updates, routingKey=user.u992.group-updates
2026-06-12T12:41:36.884+07:00 DEBUG 11675 --- [chat-app] [ummary-update-3] c.h.c.s.GroupSummaryUpdatePublisher      : [publishToGroupMembers] Pushed group summary update to user=u992, groupId=13, destination=/topic/user.u992.group-updates, message=GroupSummaryUpdate(groupId=13, latestMessage=this is a demo msg, latestMessageSender=vegeta, latestMessageAt=2026-06-12T12:41:36.434507)
2026-06-12T12:41:36.884+07:00 DEBUG 11675 --- [chat-app] [ummary-update-3] c.h.c.c.CustomRabbitMQBrokerHandler      : Publishing to RabbitMQ: from instance=instance-dev to exchange=chat.user-updates, routingKey=user.u993.group-updates
2026-06-12T12:41:36.884+07:00 DEBUG 11675 --- [chat-app] [ummary-update-3] c.h.c.s.GroupSummaryUpdatePublisher      : [publishToGroupMembers] Pushed group summary update to user=u993, groupId=13, destination=/topic/user.u993.group-updates, message=GroupSummaryUpdate(groupId=13, latestMessage=this is a demo msg, latestMessageSender=vegeta, latestMessageAt=2026-06-12T12:41:36.434507)
2026-06-12T12:41:36.884+07:00 DEBUG 11675 --- [chat-app] [ummary-update-3] c.h.c.c.CustomRabbitMQBrokerHandler      : Publishing to RabbitMQ: from instance=instance-dev to exchange=chat.user-updates, routingKey=user.u994.group-updates
2026-06-12T12:41:36.884+07:00 DEBUG 11675 --- [chat-app] [ummary-update-3] c.h.c.s.GroupSummaryUpdatePublisher      : [publishToGroupMembers] Pushed group summary update to user=u994, groupId=13, destination=/topic/user.u994.group-updates, message=GroupSummaryUpdate(groupId=13, latestMessage=this is a demo msg, latestMessageSender=vegeta, latestMessageAt=2026-06-12T12:41:36.434507)
2026-06-12T12:41:36.884+07:00 DEBUG 11675 --- [chat-app] [ummary-update-3] c.h.c.c.CustomRabbitMQBrokerHandler      : Publishing to RabbitMQ: from instance=instance-dev to exchange=chat.user-updates, routingKey=user.u995.group-updates
2026-06-12T12:41:36.885+07:00 DEBUG 11675 --- [chat-app] [ummary-update-3] c.h.c.s.GroupSummaryUpdatePublisher      : [publishToGroupMembers] Pushed group summary update to user=u995, groupId=13, destination=/topic/user.u995.group-updates, message=GroupSummaryUpdate(groupId=13, latestMessage=this is a demo msg, latestMessageSender=vegeta, latestMessageAt=2026-06-12T12:41:36.434507)
2026-06-12T12:41:36.885+07:00 DEBUG 11675 --- [chat-app] [ummary-update-3] c.h.c.c.CustomRabbitMQBrokerHandler      : Publishing to RabbitMQ: from instance=instance-dev to exchange=chat.user-updates, routingKey=user.u996.group-updates
2026-06-12T12:41:36.885+07:00 DEBUG 11675 --- [chat-app] [ummary-update-3] c.h.c.s.GroupSummaryUpdatePublisher      : [publishToGroupMembers] Pushed group summary update to user=u996, groupId=13, destination=/topic/user.u996.group-updates, message=GroupSummaryUpdate(groupId=13, latestMessage=this is a demo msg, latestMessageSender=vegeta, latestMessageAt=2026-06-12T12:41:36.434507)
2026-06-12T12:41:36.885+07:00 DEBUG 11675 --- [chat-app] [ummary-update-3] c.h.c.c.CustomRabbitMQBrokerHandler      : Publishing to RabbitMQ: from instance=instance-dev to exchange=chat.user-updates, routingKey=user.u997.group-updates
2026-06-12T12:41:36.886+07:00 DEBUG 11675 --- [chat-app] [ummary-update-3] c.h.c.s.GroupSummaryUpdatePublisher      : [publishToGroupMembers] Pushed group summary update to user=u997, groupId=13, destination=/topic/user.u997.group-updates, message=GroupSummaryUpdate(groupId=13, latestMessage=this is a demo msg, latestMessageSender=vegeta, latestMessageAt=2026-06-12T12:41:36.434507)
2026-06-12T12:41:36.886+07:00 DEBUG 11675 --- [chat-app] [ummary-update-3] c.h.c.c.CustomRabbitMQBrokerHandler      : Publishing to RabbitMQ: from instance=instance-dev to exchange=chat.user-updates, routingKey=user.u998.group-updates
2026-06-12T12:41:36.886+07:00 DEBUG 11675 --- [chat-app] [ummary-update-3] c.h.c.s.GroupSummaryUpdatePublisher      : [publishToGroupMembers] Pushed group summary update to user=u998, groupId=13, destination=/topic/user.u998.group-updates, message=GroupSummaryUpdate(groupId=13, latestMessage=this is a demo msg, latestMessageSender=vegeta, latestMessageAt=2026-06-12T12:41:36.434507)

